scope,source,relative_path,category,stage,virtual_path,extension,bytes,sha256,width,height,frames,mode,transparent,empty,rgba8_bytes,rgba_sha256
base,game/modules/tome/data/gfx/shockbolt/npc/R2D2_01.png,shockbolt/npc/R2D2_01.png,shockbolt/npc,game,/data/gfx/shockbolt/npc/R2D2_01.png,.png,7135,8d75a2a767c508ef18668e8b1fafc154706664d5f807a7b5e88917b97ec75e8d,64,64,1,RGBA,True,False,16384,ba382ec266ad9dc0553ec8a2614c3efe9bfdc9aa647c36f9f1121cb671f9d5d5
base,game/modules/tome/data/gfx/shockbolt/npc/acid_ant.png,shockbolt/npc/acid_ant.png,shockbolt/npc,game,/data/gfx/shockbolt/npc/acid_ant.png,.png,9161,8c74841351fea963492021c37315012eb00cc5509a018435bfcc9530f9af2eee,64,64,1,RGBA,True,False,16384,a5db09d07c3f7a62453e28d31346dca2310f83f24cb8c8b23ce2dbed66263a52
base,game/modules/tome/data/gfx/shockbolt/npc/alchemist_golem.png,shockbolt/npc/alchemist_golem.png,shockbolt/npc,game,/data/gfx/shockbolt/npc/alchemist_golem.png,.png,10003,6575220c356ecc007b7b7dd219c6a1501ba169f3d65395b481745c3d816ef695,64,64,1,RGBA,True,False,16384,b0213d9627cd46a34a7a9e58d944d7e7d457ccfb0ba78754e805ea3c4c03dc4b
base,game/modules/tome/data/gfx/shockbolt/npc/animal_bear_norgos_the_frozen.png,shockbolt/npc/animal_bear_norgos_the_frozen.png,shockbolt/npc,game,/data/gfx/shockbolt/npc/animal_bear_norgos_the_frozen.png,.png,18021,6dcfdda67aeebbc36b041a99900a8ec605218850e8a1aa5aecf5c2b4127d8fb3,64,128,1,RGBA,True,False,32768,8899865b120a76886e3cc0d2d9eb3dc108e3254b3b8f4fc660443a952c0d5780
base,game/modules/tome/data/gfx/shockbolt/npc/animal_bear_norgos_the_guardian.png,shockbolt/npc/animal_bear_norgos_the_guardian.png,shockbolt/npc,game,/data/gfx/shockbolt/npc/animal_bear_norgos_the_guardian.png,.png,13344,27b354c194cd37e89b2f5f6f5f3096c5cf12ea83576eea03e2afc9e90b25b892,64,128,1,RGBA,True,False,32768,deba3edcc36028e0ffe7771ce6e9419f663add3884a2ce5307b67cb4d5b6ea2f
base,game/modules/tome/data/gfx/shockbolt/npc/animal_bird_phoenix.png,shockbolt/npc/animal_bird_phoenix.png,shockbolt/npc,game,/data/gfx/shockbolt/npc/animal_bird_phoenix.png,.png,7353,2619f129a40769d1198d32e26c9b57186e329cdfcd1ff62fe3f07ce365285345,64,64,1,RGBA,True,False,16384,a45d5cc2cb76271cb27bb54fe1f64044c9b59373baf5d525da2bd4c49dace7fa
base,game/modules/tome/data/gfx/shockbolt/npc/animal_canine_lone_wolf.png,shockbolt/npc/animal_canine_lone_wolf.png,shockbolt/npc,game,/data/gfx/shockbolt/npc/animal_canine_lone_wolf.png,.png,9165,e332a39fb1d8700fa318baa0074f5eba7a4e4f5697ee3c3d10f92dff0a9ea4a3,64,128,1,RGBA,True,False,32768,424e5613309d3784ce56e9dee1f64dd1b2a5d7ea30763a449333a2440bea5882
base,game/modules/tome/data/gfx/shockbolt/npc/animal_canine_the_withering_thing.png,shockbolt/npc/animal_canine_the_withering_thing.png,shockbolt/npc,game,/data/gfx/shockbolt/npc/animal_canine_the_withering_thing.png,.png,6975,ec0d9ca2f827c25c62e8a6e1bb48139879207ede857720b7dc04c778bb9aacfe,64,64,1,RGBA,True,False,16384,2ecbb46a0439273b0fcc628b561b0153a38663535d5e07d757c8f4441ea653dc
base,game/modules/tome/data/gfx/shockbolt/npc/animal_feline_panther.png,shockbolt/npc/animal_feline_panther.png,shockbolt/npc,game,/data/gfx/shockbolt/npc/animal_feline_panther.png,.png,7003,df90606221e01f53d2dc1293057db6ae2f069187ef194969f57a8fb9c00a444d,64,64,1,RGBA,True,False,16384,b43a7034fec7b0b527af020c2558f3a1d4e7ad33c05e6ad82d514413c4ad2a55
base,game/modules/tome/data/gfx/shockbolt/npc/animal_feline_sabertooth_tiger.png,shockbolt/npc/animal_feline_sabertooth_tiger.png,shockbolt/npc,game,/data/gfx/shockbolt/npc/animal_feline_sabertooth_tiger.png,.png,10428,8d7e1b284c666fc83fd0d9f6d9d2f11340787faaf9c54cdbe2f1b369c2712f8e,64,64,1,RGBA,True,False,16384,b1ad0cacdbc5c0c1802c67aeae041e4a37b90d94f68d083cb39cd8625b90279f
base,game/modules/tome/data/gfx/shockbolt/npc/animal_feline_snow_cat.png,shockbolt/npc/animal_feline_snow_cat.png,shockbolt/npc,game,/data/gfx/shockbolt/npc/animal_feline_snow_cat.png,.png,10751,04b8fa7bc88a061b75751140a231e746070e68c1e83bc502daed75373127f9a7,64,128,1,RGBA,True,False,32768,862a73945d3d77a451974520276280e907ef76e9beec61b7c469e8f5db6ec4c4
base,game/modules/tome/data/gfx/shockbolt/npc/animal_feline_tiger.png,shockbolt/npc/animal_feline_tiger.png,shockbolt/npc,game,/data/gfx/shockbolt/npc/animal_feline_tiger.png,.png,9417,95cb295f67247104d467463379c04f1aad1651a8c4e10d9f40364ad1c0b21cfe,64,64,1,RGBA,True,False,16384,86f65f2be88357e0a74173d1b1bbd58875e152a01df8f80b707149fc3f5589f8
base,game/modules/tome/data/gfx/shockbolt/npc/aquatic_critter_ancient_dragon_turtle.png,shockbolt/npc/aquatic_critter_ancient_dragon_turtle.png,shockbolt/npc,game,/data/gfx/shockbolt/npc/aquatic_critter_ancient_dragon_turtle.png,.png,19448,d52095cb3897914c8aeee58a2a9e7e275e3d435b7626f0290298b71a3214746c,64,128,1,RGBA,True,False,32768,be12a3f0ba3afd6b37130d20e71972bbc07d01b80cc2845c8c900a9fb4d7b91b
base,game/modules/tome/data/gfx/shockbolt/npc/aquatic_critter_dragon_turtle.png,shockbolt/npc/aquatic_critter_dragon_turtle.png,shockbolt/npc,game,/data/gfx/shockbolt/npc/aquatic_critter_dragon_turtle.png,.png,10071,9c5c4e1a3713afa43b62e384a2ff86348a46422276318328dab673eb4b34cc8a,64,64,1,RGBA,True,False,16384,df69356fb12a811593308e98ab5422931327f0785a7a7c0dab95e4f315bde640
base,game/modules/tome/data/gfx/shockbolt/npc/aquatic_critter_electric_eel.png,shockbolt/npc/aquatic_critter_electric_eel.png,shockbolt/npc,game,/data/gfx/shockbolt/npc/aquatic_critter_electric_eel.png,.png,6213,d44fda5f7614f3e5058db62b4b8972e0cd32efdcc73b3663ff8ecb3fb48bbeb3,64,64,1,RGBA,True,False,16384,7293c861ccbc21f72e97dbb0e2dd4add0ed533989ee9f89b01f3476c6c01590b
base,game/modules/tome/data/gfx/shockbolt/npc/aquatic_critter_giant_eel.png,shockbolt/npc/aquatic_critter_giant_eel.png,shockbolt/npc,game,/data/gfx/shockbolt/npc/aquatic_critter_giant_eel.png,.png,7152,6466d65d01f126fcb9a3238940f4336c423bbdac838bfecafa83f5b4031dc2b4,64,64,1,RGBA,True,False,16384,51ab1b6977987dfe3f44f123a8fe0ba8edf4cff8420faa74bf79bc7e42cf369a
base,game/modules/tome/data/gfx/shockbolt/npc/aquatic_critter_ink_squid.png,shockbolt/npc/aquatic_critter_ink_squid.png,shockbolt/npc,game,/data/gfx/shockbolt/npc/aquatic_critter_ink_squid.png,.png,7692,794468b203d86a18246db4559e45c47a82558913223fafa2e53a624d08b7187a,64,64,1,RGBA,True,False,16384,00fce43744f9dee429bfb5ea0fb1c1783214c3dc215b64ab2ceae3c25c2b3fb5
base,game/modules/tome/data/gfx/shockbolt/npc/aquatic_critter_squid.png,shockbolt/npc/aquatic_critter_squid.png,shockbolt/npc,game,/data/gfx/shockbolt/npc/aquatic_critter_squid.png,.png,7600,60e37eedb934c2a46f03080d43f1b3bbf4cddf4c39e8bd6900ed5cc74c4be749,64,64,1,RGBA,True,False,16384,cb29c00b8f8e58f4190e5de50bd62341b94e6414b6fb309ddf26651121258c4b
base,game/modules/tome/data/gfx/shockbolt/npc/aquatic_demon_walrog.png,shockbolt/npc/aquatic_demon_walrog.png,shockbolt/npc,game,/data/gfx/shockbolt/npc/aquatic_demon_walrog.png,.png,17009,d9bdec2eab3e4d5569c23599843e6b92cdf51b5869714515dd59c1ee4ee4173b,64,128,1,RGBA,True,False,32768,d4cd46fad57bc043d9401cf34488e34b1f9a8d9165517a0f74aa987c07498bc2
base,game/modules/tome/data/gfx/shockbolt/npc/aquatic_demon_water_imp.png,shockbolt/npc/aquatic_demon_water_imp.png,shockbolt/npc,game,/data/gfx/shockbolt/npc/aquatic_demon_water_imp.png,.png,7786,744bdcdd1d2d47e990f31b132d23f24b3c1bd70b34beccd3c5dac5953ad77162,64,64,1,RGBA,True,False,16384,79d744f2e70d72c335d740f2545a9becd13e4cb68da1d27da04ce4594b40e487
base,game/modules/tome/data/gfx/shockbolt/npc/arcane_eye.png,shockbolt/npc/arcane_eye.png,shockbolt/npc,game,/data/gfx/shockbolt/npc/arcane_eye.png,.png,6227,9649654823385f6a385d75f7ad1eee473eac106083c446b548ff3db141cc82b1,64,64,1,RGBA,True,False,16384,61afcb2b1eb817e75cc91bbf1254797b874633b33b0cc5c8e462c5879470eb4a
base,game/modules/tome/data/gfx/shockbolt/npc/armored_skeleton_warrior.png,shockbolt/npc/armored_skeleton_warrior.png,shockbolt/npc,game,/data/gfx/shockbolt/npc/armored_skeleton_warrior.png,.png,7740,120400dcbcec275579e8e39d68e3a6b89859a9b9f2fc1b3fd5cdf50a881236b2,64,64,1,RGBA,True,False,16384,d4af3fec88795aeea1245f45f39fe0b3a9ae2bffa9e5d7fa9b8d97107ea53c2b
base,game/modules/tome/data/gfx/shockbolt/npc/armored_skeleton_warrior2.png,shockbolt/npc/armored_skeleton_warrior2.png,shockbolt/npc,game,/data/gfx/shockbolt/npc/armored_skeleton_warrior2.png,.png,8313,d2e7b0600224445eacac16cc14d3e686a5b6ca0204f7f4dbfe982b76461225ce,64,64,1,RGBA,True,False,16384,a8acc80959ef81bc755ef037700b3813d64e9a4c6bcfcf221c49674327cebc7e
base,game/modules/tome/data/gfx/shockbolt/npc/army_ant.png,shockbolt/npc/army_ant.png,shockbolt/npc,game,/data/gfx/shockbolt/npc/army_ant.png,.png,9227,76c68a51f3003da6c29d3bf3d2e746bbfc8bb3ac80c07659bf88790a0e563bc3,64,64,1,RGBA,True,False,16384,b6f9f7c1c1fbcffcb515e5503828a7ca2da619ca44bd26ff56f58a853a85cd84
base,game/modules/tome/data/gfx/shockbolt/npc/atamathon.png,shockbolt/npc/atamathon.png,shockbolt/npc,game,/data/gfx/shockbolt/npc/atamathon.png,.png,10133,38cc9bcbfeacecfd26415c7a421afd50f87688e3a0b712b0215c71513844dbd7,64,64,1,RGBA,True,False,16384,c6779a26e5097dc6a8987dc809379829c9ac9f8ab864c812275139f455f492db
base,game/modules/tome/data/gfx/shockbolt/npc/atamathon_broken.png,shockbolt/npc/atamathon_broken.png,shockbolt/npc,game,/data/gfx/shockbolt/npc/atamathon_broken.png,.png,10119,0eb19fa6ef1c024cf4c77bcba41944d35c7cee9040f5c298c896de3a683c66a7,64,64,1,RGBA,True,False,16384,8ba1b148a3504e026f3d443daf8045b0211ecc7346be75322781fca33c8c2a90
base,game/modules/tome/data/gfx/shockbolt/npc/banshee.png,shockbolt/npc/banshee.png,shockbolt/npc,game,/data/gfx/shockbolt/npc/banshee.png,.png,6732,bc7fae04e0a0bb1224a1713eb61455b564c2bc32ab000f65b98f89bae28ca405,64,64,1,RGBA,True,False,16384,d596302eb3b0fc50040444a6a5db0d567d67168c1d7430a19f0809ca57c4b4fa
base,game/modules/tome/data/gfx/shockbolt/npc/barrow_wight.png,shockbolt/npc/barrow_wight.png,shockbolt/npc,game,/data/gfx/shockbolt/npc/barrow_wight.png,.png,9362,16e1178338b7806b63eb06983aa8fd617941202c93b949164bad753df1c7ab30,64,128,1,RGBA,True,False,32768,a5bb14315268cbfa727e803ebf81f903bcd9b5ecaccd2b4e049ab5fc573fea00
base,game/modules/tome/data/gfx/shockbolt/npc/bee_swarm.png,shockbolt/npc/bee_swarm.png,shockbolt/npc,game,/data/gfx/shockbolt/npc/bee_swarm.png,.png,6959,0e699a4fc2b46bc7cc7a6a5e244f9f9ed76a4be4986accb09acac61bfebb18be,64,64,1,RGBA,True,False,16384,72d5e01aee01e386ebd40b8cf850b00740d84a20ac49bcc60d855611754c721d
base,game/modules/tome/data/gfx/shockbolt/npc/birds_eagle01.png,shockbolt/npc/birds_eagle01.png,shockbolt/npc,game,/data/gfx/shockbolt/npc/birds_eagle01.png,.png,4058,31d30148eb84b6a23c4383b0c8ebb25c1ba2e095db065821c66ead07443e9cf2,64,64,1,RGBA,True,False,16384,6cfb5a0d2f2500d81310374dcfe95cc6a36dea2479e2b34f2b1a1c2e127ae2a6
base,game/modules/tome/data/gfx/shockbolt/npc/birds_eagle_shadow_01.png,shockbolt/npc/birds_eagle_shadow_01.png,shockbolt/npc,game,/data/gfx/shockbolt/npc/birds_eagle_shadow_01.png,.png,629,fc44d4b13a7c4936fabc6ef25176823f6b099ff058df7c135bf135d9ff91d322,32,32,1,RGBA,True,False,4096,a677f6e8ae8c3925ff452f0f8eaf83399598b0466787a41c977860e2b8f2c3f0
base,game/modules/tome/data/gfx/shockbolt/npc/black_ant.png,shockbolt/npc/black_ant.png,shockbolt/npc,game,/data/gfx/shockbolt/npc/black_ant.png,.png,8905,cef557a3ac3db4ffdc61f1c03f81c98d5ed1091a71b315ff1acf019de1522d41,64,64,1,RGBA,True,False,16384,822d180bac820b079447de884e1c6e3ea63e969ba4a97e468bb44fe76567a054
base,game/modules/tome/data/gfx/shockbolt/npc/black_bear.png,shockbolt/npc/black_bear.png,shockbolt/npc,game,/data/gfx/shockbolt/npc/black_bear.png,.png,7394,e6dbd07711f8bf51d92d0f86aa20924f3c2b15c4873b6944147c7ccae0163871,64,64,1,RGBA,True,False,16384,630e2a0737592da8415239cfb33e9ef66f7c3e33562da28767c6d5b2c0537487
base,game/modules/tome/data/gfx/shockbolt/npc/blue_ant.png,shockbolt/npc/blue_ant.png,shockbolt/npc,game,/data/gfx/shockbolt/npc/blue_ant.png,.png,8947,af677d3c4bf84ebf10939f74121d908cd2f4e7030a43678b095eba8cbf15ce02,64,64,1,RGBA,True,False,16384,4a89021de84ed49d70ab03ce8bb1bb653be3ecbfa5201229c0b91e77f7935bc2
base,game/modules/tome/data/gfx/shockbolt/npc/bone_grab_pin.png,shockbolt/npc/bone_grab_pin.png,shockbolt/npc,game,/data/gfx/shockbolt/npc/bone_grab_pin.png,.png,6754,c53c2ea9a6816ac8daef7151a41ab817b52577065796902407a6df92c6735a03,64,64,1,RGBA,True,False,16384,aa13bf14a5c6b6bbaa37659be0b31940fc04596cf064fddcb679b12f7a1bf2e5
base,game/modules/tome/data/gfx/shockbolt/npc/boss_indicators/boss_circle_back.png,shockbolt/npc/boss_indicators/boss_circle_back.png,shockbolt/npc,game,/data/gfx/shockbolt/npc/boss_indicators/boss_circle_back.png,.png,2290,7f7736582b8e07ae3c4379a7810e8bfada46186107e3371930653e0a01a5e5d6,64,32,1,P,True,False,8192,9ba7f2b5b1e6916bbb2c0b1291998f9ec0fd3294c46f8e0b1de7d9764410a2d8
base,game/modules/tome/data/gfx/shockbolt/npc/boss_indicators/boss_circle_front.png,shockbolt/npc/boss_indicators/boss_circle_front.png,shockbolt/npc,game,/data/gfx/shockbolt/npc/boss_indicators/boss_circle_front.png,.png,2199,5b315048e48a2f93048dd0ac8b0ca1264dfa72055e28fdaeb9f5fa3d98cef9b5,64,32,1,P,True,False,8192,b6817fdc56795144b93b6358d9b64ed0369156ed8fe7f58fd94631c23f8085b8
base,game/modules/tome/data/gfx/shockbolt/npc/boss_indicators/elite_boss_circle_back.png,shockbolt/npc/boss_indicators/elite_boss_circle_back.png,shockbolt/npc,game,/data/gfx/shockbolt/npc/boss_indicators/elite_boss_circle_back.png,.png,5641,7c989db79d154521530f34611b6649e219d89bd9ce1d5d12e176e68df3299d08,128,64,1,RGBA,True,False,32768,4a79e9d2e1e32a3f4e1c37b4566df6c3cd2cb7d10e212c56f070c3a4f45530c6
base,game/modules/tome/data/gfx/shockbolt/npc/boss_indicators/elite_boss_circle_front.png,shockbolt/npc/boss_indicators/elite_boss_circle_front.png,shockbolt/npc,game,/data/gfx/shockbolt/npc/boss_indicators/elite_boss_circle_front.png,.png,5369,0b1c63ad274664f89a170df482d112f68dbdf4366324d919ef57a0459d6ab339,128,64,1,RGBA,True,False,32768,cd426777d1f912bed74f1ca41c1801b4999486839b13e8ab8b2bbc74af32c9fb
base,game/modules/tome/data/gfx/shockbolt/npc/boss_indicators/god_circle_back.png,shockbolt/npc/boss_indicators/god_circle_back.png,shockbolt/npc,game,/data/gfx/shockbolt/npc/boss_indicators/god_circle_back.png,.png,2428,04c0d454f06254b7558a5cc2978bb4b68240f5101f85b5ffb8c45305a6ac4b54,64,32,1,P,True,False,8192,8793c44e117b9059f4cf7ca73f2789ee42f71c37ed285b65161485364639f5f7
base,game/modules/tome/data/gfx/shockbolt/npc/boss_indicators/god_circle_front.png,shockbolt/npc/boss_indicators/god_circle_front.png,shockbolt/npc,game,/data/gfx/shockbolt/npc/boss_indicators/god_circle_front.png,.png,2332,a829c6e4247b3221eaadcb4147b830cc726ab584936e7dc2d2a1705e579e0767,64,32,1,P,True,False,8192,9ccf46b7a8ed7de2e008744665393e32e3c26d7ca9002be325e663e0e01383ac
base,game/modules/tome/data/gfx/shockbolt/npc/boss_indicators/rare_circle_back.png,shockbolt/npc/boss_indicators/rare_circle_back.png,shockbolt/npc,game,/data/gfx/shockbolt/npc/boss_indicators/rare_circle_back.png,.png,2147,9b1436d662fb19e9b9e3fbb2f5e3fb9486393c86cec1eef4a47b240e325f4aac,64,32,1,RGBA,True,False,8192,9190a97b4fc3b990c064071a1db569b01b879959dca08845221e4c872f8b7f0f
base,game/modules/tome/data/gfx/shockbolt/npc/boss_indicators/rare_circle_front.png,shockbolt/npc/boss_indicators/rare_circle_front.png,shockbolt/npc,game,/data/gfx/shockbolt/npc/boss_indicators/rare_circle_front.png,.png,1591,904eaf43077d85f87e2cccbedabd96b73d96a7ab82b126facfac1472d6492fb2,64,32,1,RGBA,True,False,8192,7fee94aee15911fa784e440f024b32184a18eb05a4ba825929353cea8ca30ce1
base,game/modules/tome/data/gfx/shockbolt/npc/boss_indicators/unique_circle_back.png,shockbolt/npc/boss_indicators/unique_circle_back.png,shockbolt/npc,game,/data/gfx/shockbolt/npc/boss_indicators/unique_circle_back.png,.png,2170,42505f5249fcbe6eea6dfd08f68882dad8a1afc3dead0699432b03a5cd0040ce,64,32,1,P,True,False,8192,d49dc82f1bea9ab72116cb7980d0e44bde28ed615fec728ea5f38c15ff6dea9a
base,game/modules/tome/data/gfx/shockbolt/npc/boss_indicators/unique_circle_front.png,shockbolt/npc/boss_indicators/unique_circle_front.png,shockbolt/npc,game,/data/gfx/shockbolt/npc/boss_indicators/unique_circle_front.png,.png,1933,c49bc05565d6ae21206f15c1bed52abe1cf9fc98ddee855771f8ee86dfa0ae12,64,32,1,P,True,False,8192,b3ec16d13544ee7ee2f29ed517a57375d138ae332a164bdc0c25afe19e75983f
base,game/modules/tome/data/gfx/shockbolt/npc/brown_ant.png,shockbolt/npc/brown_ant.png,shockbolt/npc,game,/data/gfx/shockbolt/npc/brown_ant.png,.png,8990,15a972893a3d041f75aac2fba1b986eaab64b2fdfb342553a9ab0f50c9af9259,64,64,1,RGBA,True,False,16384,77e256cc64599f0e054aec2d15db1a1f41b4c574dbcb275f75b7ae9366747d79
base,game/modules/tome/data/gfx/shockbolt/npc/brown_bear.png,shockbolt/npc/brown_bear.png,shockbolt/npc,game,/data/gfx/shockbolt/npc/brown_bear.png,.png,8132,60af1e0ef3ab727d83ad59ef8db4ebfc6abe35f37eb135068b70afbba6f2be44,64,64,1,RGBA,True,False,16384,c1fd0c229ac68131a2cd6637f1e814cd7227e0cc78609f31e7a925e7c43b69d0
base,game/modules/tome/data/gfx/shockbolt/npc/canine_dw.png,shockbolt/npc/canine_dw.png,shockbolt/npc,game,/data/gfx/shockbolt/npc/canine_dw.png,.png,9017,31784e483aaa0b3dfd8dc583698416b61d0f4188dccf2ef6ec038b9a70074a4f,64,64,1,RGBA,True,False,16384,a77141e660f8ff83ee531fb5ef58fefc8f797390f4c517c1ba74451998a26c8f
base,game/modules/tome/data/gfx/shockbolt/npc/canine_fox.png,shockbolt/npc/canine_fox.png,shockbolt/npc,game,/data/gfx/shockbolt/npc/canine_fox.png,.png,7110,ac7b62ffe0317852201f293a131e574909ea5c1d3930602cae612e07abc75201,64,64,1,RGBA,True,False,16384,40cbab54256c930366093fc6d520b34d5041c390264fc260fc1323818eea8679
base,game/modules/tome/data/gfx/shockbolt/npc/canine_gw.png,shockbolt/npc/canine_gw.png,shockbolt/npc,game,/data/gfx/shockbolt/npc/canine_gw.png,.png,8350,94de8314bbb6e1c0ece2b3557a8f514d8e47223d2744ccafe390b90069dc0c09,64,64,1,RGBA,True,False,16384,07ef5d9124507f7be12504da86ea1b3f678d9da3677d95f8d697803bf2465930
base,game/modules/tome/data/gfx/shockbolt/npc/canine_rungof.png,shockbolt/npc/canine_rungof.png,shockbolt/npc,game,/data/gfx/shockbolt/npc/canine_rungof.png,.png,11948,78fff8d92740131cb86697522d6bb5086ecd05a91c0da36fc7176de4f3cfbeb0,64,64,1,RGBA,True,False,16384,8db561fa39225da99ca63e7532cbb84e0b3077c4992ef4a36796f898406403be
base,game/modules/tome/data/gfx/shockbolt/npc/canine_w.png,shockbolt/npc/canine_w.png,shockbolt/npc,game,/data/gfx/shockbolt/npc/canine_w.png,.png,9148,e5529d4dd4443278ad219791095e7e350843e200f6dbd19e0adeec8101e40143,64,64,1,RGBA,True,False,16384,7681d6598ea95aa2c97d2a762d013e2abf515b6c5aa04b3869e0bf4aefeaa709
base,game/modules/tome/data/gfx/shockbolt/npc/canine_warg.png,shockbolt/npc/canine_warg.png,shockbolt/npc,game,/data/gfx/shockbolt/npc/canine_warg.png,.png,12409,278e51b7865fd03c641bd642a223ee3ad7c0da9938b0d009cde35dc9a7334de5,64,64,1,RGBA,True,False,16384,bec82bd04ab0d62703188b490cccfb2d72d402f60e42a1dfc55afc50ff0bd3fa
base,game/modules/tome/data/gfx/shockbolt/npc/canine_ww.png,shockbolt/npc/canine_ww.png,shockbolt/npc,game,/data/gfx/shockbolt/npc/canine_ww.png,.png,11153,49f3a6fabe5d6f9dbf617b4b989c59ff83e17b425c5f980a21ba3e7b64934647,64,64,1,RGBA,True,False,16384,16791231902249f9bf414a58f6fa73e8eb402562572ae3ce225bbd383998046d
base,game/modules/tome/data/gfx/shockbolt/npc/carpenter_ant.png,shockbolt/npc/carpenter_ant.png,shockbolt/npc,game,/data/gfx/shockbolt/npc/carpenter_ant.png,.png,7984,5a61454a98bd410e9ccf2fd2f36014c43f1f2170e7359de5c8b4f8b3d0e17b00,64,64,1,RGBA,True,False,16384,f5d99f19367f65977e9b59ddd68b008cd436144fd1206bfa5224530e22a30248
base,game/modules/tome/data/gfx/shockbolt/npc/cave_bear.png,shockbolt/npc/cave_bear.png,shockbolt/npc,game,/data/gfx/shockbolt/npc/cave_bear.png,.png,8331,ca9d67d2ef68a89719c066e9b822d3405e4447a928ace27c262d6e6dd609f0ce,64,64,1,RGBA,True,False,16384,b07b9bdffd13e2d15131a65b92c741531fe934251d1a18aef0a36d433db4605f
base,game/modules/tome/data/gfx/shockbolt/npc/construct_golem_alchemist_golem.png,shockbolt/npc/construct_golem_alchemist_golem.png,shockbolt/npc,game,/data/gfx/shockbolt/npc/construct_golem_alchemist_golem.png,.png,7090,c06df5010cfa1bdc928da315d4ddd1053954b9241e9f67c096c1c291e63bfb22,64,64,1,RGBA,True,False,16384,29f0c42a816dafd40b181abc4d15f631a87707bd939b9d6342535252ebb8ee97
base,game/modules/tome/data/gfx/shockbolt/npc/construct_golem_athamathon_the_giant_golem.png,shockbolt/npc/construct_golem_athamathon_the_giant_golem.png,shockbolt/npc,game,/data/gfx/shockbolt/npc/construct_golem_athamathon_the_giant_golem.png,.png,14366,bc2939c0b00b7f72eec987c095dc54d833a5ee9e70a965701944b089250375a4,64,128,1,RGBA,True,False,32768,59fbb6829a6df83326e2eef4e98f2b6fd1c9d3e00f17d86562eaa29f8a4d9a34
base,game/modules/tome/data/gfx/shockbolt/npc/construct_golem_broken_golem.png,shockbolt/npc/construct_golem_broken_golem.png,shockbolt/npc,game,/data/gfx/shockbolt/npc/construct_golem_broken_golem.png,.png,6016,4db534f3f13163a69219da07807609b3c0dc67a49ee0726939e259c7f2531923,64,64,1,RGBA,True,False,16384,5a05e70f0c62e08d34fc794b9e5e6a2f3d57ac5902f6ba201552c0c81b3f507a
base,game/modules/tome/data/gfx/shockbolt/npc/construct_golem_drolem.png,shockbolt/npc/construct_golem_drolem.png,shockbolt/npc,game,/data/gfx/shockbolt/npc/construct_golem_drolem.png,.png,19368,300dbb3b2898382c534f99b97e92e55df9b71b73e58635930bab78a158b7b2c7,64,128,1,RGBA,True,False,32768,de5e51301fe63f6bb2815ef7c8fc0bb3eac0ab78d96ad1467ea0a64e1284f7f8
base,game/modules/tome/data/gfx/shockbolt/npc/construct_golem_golem.png,shockbolt/npc/construct_golem_golem.png,shockbolt/npc,game,/data/gfx/shockbolt/npc/construct_golem_golem.png,.png,6482,4314aaad44015254439eb2e1c0512b995a106b7ad225e0912e901529bdaf7191,64,64,1,RGBA,True,False,16384,8c49665ff67d74d89c7ffc014cc0c7ee73a96c649309c4de863e6d8c773775ce
base,game/modules/tome/data/gfx/shockbolt/npc/crystal_black.png,shockbolt/npc/crystal_black.png,shockbolt/npc,game,/data/gfx/shockbolt/npc/crystal_black.png,.png,5302,ec84b524a36f22b8fb26790998ac156910818330c31c9c072a2e8a20f72eaeb7,64,64,1,RGBA,True,False,16384,4e8717cbe719867b5ea48804349b95403ee8824338d9e24b1d34c6b0bc5600af
base,game/modules/tome/data/gfx/shockbolt/npc/crystal_blue.png,shockbolt/npc/crystal_blue.png,shockbolt/npc,game,/data/gfx/shockbolt/npc/crystal_blue.png,.png,8586,aa3cc91f48768a84a771beae131693639036a5cd37c0f4f445ad7885c3f033ff,64,64,1,RGBA,True,False,16384,e0a31df3d4526556d4c4d9fa0286011efc3788fbf781dccf41e369f5efd39b55
base,game/modules/tome/data/gfx/shockbolt/npc/crystal_darkred.png,shockbolt/npc/crystal_darkred.png,shockbolt/npc,game,/data/gfx/shockbolt/npc/crystal_darkred.png,.png,6565,b258d00b34789ab99f192a18378eef076bf9d9bd79790c19e673a4dc08305a6a,64,64,1,RGBA,True,False,16384,67282a3f0ee8d24e6a783339a68df6000a7ab71aa1b04ac273cd195536f56e54
base,game/modules/tome/data/gfx/shockbolt/npc/crystal_npc.png,shockbolt/npc/crystal_npc.png,shockbolt/npc,game,/data/gfx/shockbolt/npc/crystal_npc.png,.png,8621,75aa7b9a43f3980ff5ac3c269b1d552dc6e6a0274fe7833abab2b902525bb379,64,64,1,RGBA,True,False,16384,26e1ac72863a739eed833d76bc0794fc5db7db928041ae92e82f6eaffc4f8da3
base,game/modules/tome/data/gfx/shockbolt/npc/crystal_red.png,shockbolt/npc/crystal_red.png,shockbolt/npc,game,/data/gfx/shockbolt/npc/crystal_red.png,.png,8759,362d6d4e7e2ed26546f7083b9c8e5900d324363291bbcf3d31e3a3c2049fd5c5,64,64,1,RGBA,True,False,16384,79be959f9438dc9fbad6aed928e32a461a003da46ab775d8c2fa036b2a0dc88d
base,game/modules/tome/data/gfx/shockbolt/npc/crystal_violet.png,shockbolt/npc/crystal_violet.png,shockbolt/npc,game,/data/gfx/shockbolt/npc/crystal_violet.png,.png,8561,0f8e21ea3537d2f75394dfe8ed390219b1cc578d458ff3475b9dc027426634df,64,64,1,RGBA,True,False,16384,24be90c53e3f4e3c2dfe7b373adede252ef214439964f8a29dba176fdb576667
base,game/modules/tome/data/gfx/shockbolt/npc/darkgrey-snake.png,shockbolt/npc/darkgrey-snake.png,shockbolt/npc,game,/data/gfx/shockbolt/npc/darkgrey-snake.png,.png,6969,cabc54cd8cb9e5850378700acb3c2c33ee15bc6b4b5574060dafa7655434ff85,64,64,1,RGBA,True,False,16384,90b663315c50515fcca9227c37a374f5620efb6913d492c2e19f136184bf5913
base,game/modules/tome/data/gfx/shockbolt/npc/degenerated_skeleton_warrior.png,shockbolt/npc/degenerated_skeleton_warrior.png,shockbolt/npc,game,/data/gfx/shockbolt/npc/degenerated_skeleton_warrior.png,.png,6417,5f6f25606cc968d33b559f4eabc99de189095ead67d6b557ed10d55baec9dbbc,64,64,1,RGBA,True,False,16384,1b80a7cbdc5c3ac9bbe12072fea838d1e87865f4ee0c642232aa72ada78bcd79
base,game/modules/tome/data/gfx/shockbolt/npc/demon_major_champion_of_urh_rok.png,shockbolt/npc/demon_major_champion_of_urh_rok.png,shockbolt/npc,game,/data/gfx/shockbolt/npc/demon_major_champion_of_urh_rok.png,.png,15045,8f9cb88285037acbc7e99ab1d701e44280fdcc01b1fcc2c29a879b5de063b407,64,128,1,RGBA,True,False,32768,64f2072a47afd42c3e5c4ce549d82d6658a82ec5efe554739cf273345e063088
base,game/modules/tome/data/gfx/shockbolt/npc/demon_major_corrupted_daelach.png,shockbolt/npc/demon_major_corrupted_daelach.png,shockbolt/npc,game,/data/gfx/shockbolt/npc/demon_major_corrupted_daelach.png,.png,17739,002d125d64ce642dc0501f7206d4ff281b7b9eb6cbd14be3a782458f9b794630,64,128,1,RGBA,True,False,32768,871cd4e9611f1c4a2dae55947ac0b83738edbef1c3675633989dc47b632a9b0f
base,game/modules/tome/data/gfx/shockbolt/npc/demon_major_daelach.png,shockbolt/npc/demon_major_daelach.png,shockbolt/npc,game,/data/gfx/shockbolt/npc/demon_major_daelach.png,.png,6957,539abeae90792c970a342d3f3a5117e543d1814d6c2ecba2fc2ed4cd00ac8f63,64,128,1,RGBA,True,False,32768,6a6d262f1ece89f7085cf6dcc65da342e23df52ebae49e181af9e14b826868de
base,game/modules/tome/data/gfx/shockbolt/npc/demon_major_dolleg.png,shockbolt/npc/demon_major_dolleg.png,shockbolt/npc,game,/data/gfx/shockbolt/npc/demon_major_dolleg.png,.png,15338,2fff30455dc41f7ab9d7c21a4a0afd888eceaf403e51e4ba7062f99bac6c96ad,64,128,1,RGBA,True,False,32768,3227e7f85058285c1ee66878143dc0562f9d5716ce10797d80287ca5d4788c8f
base,game/modules/tome/data/gfx/shockbolt/npc/demon_major_duathedlen.png,shockbolt/npc/demon_major_duathedlen.png,shockbolt/npc,game,/data/gfx/shockbolt/npc/demon_major_duathedlen.png,.png,9316,aaf77c698b0a4ed19b2bfef33c350e2ce0b76ee10500100d7b2ed412aad803be,64,128,1,RGBA,True,False,32768,61dfeaea8cc89f2660490e53fab843ac2d46e54e682891da812d0c5f72c97eb8
base,game/modules/tome/data/gfx/shockbolt/npc/demon_major_forge_giant.png,shockbolt/npc/demon_major_forge_giant.png,shockbolt/npc,game,/data/gfx/shockbolt/npc/demon_major_forge_giant.png,.png,13969,e29fb33367dc678632b10a46ad189a5cf3014b19f72700df77f041b064b1e1a4,64,128,1,RGBA,True,False,32768,e971a06c7046f66ec06fec294aa4592f0d9f29e3de5de811a6c201fd32bf51c6
base,game/modules/tome/data/gfx/shockbolt/npc/demon_major_general_of_urh_rok.png,shockbolt/npc/demon_major_general_of_urh_rok.png,shockbolt/npc,game,/data/gfx/shockbolt/npc/demon_major_general_of_urh_rok.png,.png,12460,453002cd9c258735b22ce4d294fa96110e313f18d5dff7ad264634cdb2ce37a3,64,128,1,RGBA,True,False,32768,2acb0c30de3dab0e0f0692b5ea806cc4950a55f0863e312452ab3874d5094094
base,game/modules/tome/data/gfx/shockbolt/npc/demon_major_kryl_feijan.png,shockbolt/npc/demon_major_kryl_feijan.png,shockbolt/npc,game,/data/gfx/shockbolt/npc/demon_major_kryl_feijan.png,.png,11139,e87bf6ae8963b6b1af4504e0c3d7ef48a1481b7ecb4cb2f0fd11c22317869ace,64,128,1,RGBA,True,False,32768,d908403bc0e3d846434ee864683462cb5de376f0f1071876872c2c9e16f91e32
base,game/modules/tome/data/gfx/shockbolt/npc/demon_major_lithfengel.png,shockbolt/npc/demon_major_lithfengel.png,shockbolt/npc,game,/data/gfx/shockbolt/npc/demon_major_lithfengel.png,.png,10441,ad756103924591db770e7646846dd3a1633eb98a5ebc268c1ab0963c4835b780,64,64,1,RGBA,True,False,16384,da65d4c9cdeda943e30ec7e37a36133863379d77519a1888d07e3357b21338cb
base,game/modules/tome/data/gfx/shockbolt/npc/demon_major_shasshhiy_kaish.png,shockbolt/npc/demon_major_shasshhiy_kaish.png,shockbolt/npc,game,/data/gfx/shockbolt/npc/demon_major_shasshhiy_kaish.png,.png,8941,b7a188ad5a4e939007cc129da2c05c27fb3ef9c274efc2beedccb4923739bd0d,64,128,1,RGBA,True,False,32768,570b79d08182fd138307fda6b3544bc6e7200d5d198fce97c6845b75e66f091c
base,game/modules/tome/data/gfx/shockbolt/npc/demon_major_thaurhereg.png,shockbolt/npc/demon_major_thaurhereg.png,shockbolt/npc,game,/data/gfx/shockbolt/npc/demon_major_thaurhereg.png,.png,10067,c0b8efb037ffbb4d74ae4c80b0eb7500e404db9ccc97284af9fb1a8010c0995a,64,128,1,RGBA,True,False,32768,f3d21b21841b065036d899ca0185afa88d3f92bf82d0616c3f019a78ae6fb005
base,game/modules/tome/data/gfx/shockbolt/npc/demon_major_uruivellas.png,shockbolt/npc/demon_major_uruivellas.png,shockbolt/npc,game,/data/gfx/shockbolt/npc/demon_major_uruivellas.png,.png,12707,7ca0bc7381214e52b01ab03f8c0700e2c96ac07595285f1739c22eeaeab25923,64,128,1,RGBA,True,False,32768,6a2abcf412dbdcae12b4f99bbad731cc170dd156fb58e874996dd3ea7eaa8570
base,game/modules/tome/data/gfx/shockbolt/npc/demon_minor_draebor__the_imp.png,shockbolt/npc/demon_minor_draebor__the_imp.png,shockbolt/npc,game,/data/gfx/shockbolt/npc/demon_minor_draebor__the_imp.png,.png,7817,dcba098d6943f4fc906c01aadab132f5d76864f301f68866457dc9c9cd8c6434,64,64,1,RGBA,True,False,16384,4e934b5a78582c624ddb67497adc2f595a16e12f1b34c1e8f6f93d4580d755ac
base,game/modules/tome/data/gfx/shockbolt/npc/demon_minor_fire_imp.png,shockbolt/npc/demon_minor_fire_imp.png,shockbolt/npc,game,/data/gfx/shockbolt/npc/demon_minor_fire_imp.png,.png,7767,4c7b1a0a2825162a529394a3cd399d7bf46480838d5cac3872781e8c49866e80,64,64,1,RGBA,True,False,16384,aebeae2b684e01322c335eda24249395926833c0312aecd1e8f26e75b73654a2
base,game/modules/tome/data/gfx/shockbolt/npc/demon_minor_onilug.png,shockbolt/npc/demon_minor_onilug.png,shockbolt/npc,game,/data/gfx/shockbolt/npc/demon_minor_onilug.png,.png,13846,857c2efdded0b39bbb52ba28e4813b6034d99cef8824eaa8e1e69f2ada1e1402,64,128,1,RGBA,True,False,32768,8b9f2b79eb1697cb6b34bbea6aa135354f49bb141acbda0a33bf3959b040fbc7
base,game/modules/tome/data/gfx/shockbolt/npc/demon_minor_quasit.png,shockbolt/npc/demon_minor_quasit.png,shockbolt/npc,game,/data/gfx/shockbolt/npc/demon_minor_quasit.png,.png,6074,fea4c3ea85fa603aa24b0df42caab1122b03ca687a4cd16d1df37d150ed98bb8,64,64,1,RGBA,True,False,16384,968146e79ed62b511b313ace62a7b26355f8e3d4ecc74dd8ac83882604a450ff
base,game/modules/tome/data/gfx/shockbolt/npc/demon_minor_wretchling.png,shockbolt/npc/demon_minor_wretchling.png,shockbolt/npc,game,/data/gfx/shockbolt/npc/demon_minor_wretchling.png,.png,8110,85e5a967792b251b9cbb92f6a1483e26ac7d149409a0c9dbe92d645c439b4ddb,64,64,1,RGBA,True,False,16384,63b5779fe236a74aa52ebe98782d3dd2d12ab413c85f5e4d0f2b4de2e59955a4
base,game/modules/tome/data/gfx/shockbolt/npc/dragon_cold_cold_drake.png,shockbolt/npc/dragon_cold_cold_drake.png,shockbolt/npc,game,/data/gfx/shockbolt/npc/dragon_cold_cold_drake.png,.png,11743,de22121f50f55635bf60d27814ecf04ba45036187d420df55ee130883952e314,64,64,1,RGBA,True,False,16384,3ddbb53118a9e965bc4a6857a9ce3b6680cfca4a832d76c945fa03c3a7dcc6a8
base,game/modules/tome/data/gfx/shockbolt/npc/dragon_cold_cold_drake_hatchling.png,shockbolt/npc/dragon_cold_cold_drake_hatchling.png,shockbolt/npc,game,/data/gfx/shockbolt/npc/dragon_cold_cold_drake_hatchling.png,.png,6478,8a780a411e1336734bf1be07507f1361820763d6b82c84f557aa6943895b3abd,64,64,1,RGBA,True,False,16384,b3af655dcf865edb5a516afb1e5a3b37fbefa9e3e4a96e993ca63e50adc0a5e4
base,game/modules/tome/data/gfx/shockbolt/npc/dragon_cold_ice_wyrm.png,shockbolt/npc/dragon_cold_ice_wyrm.png,shockbolt/npc,game,/data/gfx/shockbolt/npc/dragon_cold_ice_wyrm.png,.png,18256,c2f414a5ff66a68ab457ce5b5a27ea6c429000baca9e2b65b8481c68cfecec07,64,128,1,RGBA,True,False,32768,2998b64af9dd20856ad561f93fcb7161abbf7d2c12056cc34e4fa6b534131649
base,game/modules/tome/data/gfx/shockbolt/npc/dragon_fire_fire_drake.png,shockbolt/npc/dragon_fire_fire_drake.png,shockbolt/npc,game,/data/gfx/shockbolt/npc/dragon_fire_fire_drake.png,.png,8237,e4e84a50497b5a09da2fedbec739b4a829ac2fa52cf8d2d05cb51d61e6f989a4,64,64,1,RGBA,True,False,16384,d26d98ca4ee2b4683de21a6f0d0f09100b3600c2bb8f1f5f39ed1934b4793949
base,game/modules/tome/data/gfx/shockbolt/npc/dragon_fire_fire_drake_hatchling.png,shockbolt/npc/dragon_fire_fire_drake_hatchling.png,shockbolt/npc,game,/data/gfx/shockbolt/npc/dragon_fire_fire_drake_hatchling.png,.png,4802,01918cd8df620dbddbe3c6666d512bf7824b082bc68cec70a5cf949ba2647aae,64,64,1,RGBA,True,False,16384,2f71939cc20d06d8796d703331aad23211e7efffcecb25fc9c36c1a110709950
base,game/modules/tome/data/gfx/shockbolt/npc/dragon_fire_fire_wyrm.png,shockbolt/npc/dragon_fire_fire_wyrm.png,shockbolt/npc,game,/data/gfx/shockbolt/npc/dragon_fire_fire_wyrm.png,.png,10162,7a70264fcb6d39fe85b56fc5e68cbe0dc0d2d24ae99dc314c922ba3e874a6691,64,128,1,RGBA,True,False,32768,c005757e987342b054ee944a02ce7244cd618bb5a103751da298370fd3576829
base,game/modules/tome/data/gfx/shockbolt/npc/dragon_fire_varsha_the_writhing.png,shockbolt/npc/dragon_fire_varsha_the_writhing.png,shockbolt/npc,game,/data/gfx/shockbolt/npc/dragon_fire_varsha_the_writhing.png,.png,18469,1b9088e3f79f55b6c80471a32423f4c9c35f0a0eafa6e84690a3876d746dd795,64,128,1,RGBA,True,False,32768,6b6f329d957a82354d9fc37735f64f92242e74f389a7967dcf67ee3314513229
base,game/modules/tome/data/gfx/shockbolt/npc/dragon_ice_rantha_the_worm.png,shockbolt/npc/dragon_ice_rantha_the_worm.png,shockbolt/npc,game,/data/gfx/shockbolt/npc/dragon_ice_rantha_the_worm.png,.png,19983,d7ace374cec37fb7d0a977e8003cc459b54820386912a17e4e7aed46ba2c4f7a,64,128,1,RGBA,True,False,32768,73defb91257cf40c02e12471cb6f985f6bc888bcb364aa911209d1d238bd44f2
base,game/modules/tome/data/gfx/shockbolt/npc/dragon_multihued_greater_multi_hued_wyrm.png,shockbolt/npc/dragon_multihued_greater_multi_hued_wyrm.png,shockbolt/npc,game,/data/gfx/shockbolt/npc/dragon_multihued_greater_multi_hued_wyrm.png,.png,17817,1fd808ab7bec607fa4093b7ab67c2c1203d5338ee37c8bc615bd9a15fa6ee8f8,64,128,1,RGBA,True,False,32768,1eea80e26fe4c36ae30482cf6afeb53d0eb98b4efdcda92d8490097ff53da0d3
base,game/modules/tome/data/gfx/shockbolt/npc/dragon_multihued_multi_hued_drake.png,shockbolt/npc/dragon_multihued_multi_hued_drake.png,shockbolt/npc,game,/data/gfx/shockbolt/npc/dragon_multihued_multi_hued_drake.png,.png,11774,1f4c17ab402853ee4ca405b6ee25553ea57d53679677dfddc3cc39b6443f5126,64,64,1,RGBA,True,False,16384,be6bd7e0bb1f9325e5cbcec466e3b2f950d1f0d2a11b204328cedabc2c890fd2
base,game/modules/tome/data/gfx/shockbolt/npc/dragon_multihued_multi_hued_drake_hatchling.png,shockbolt/npc/dragon_multihued_multi_hued_drake_hatchling.png,shockbolt/npc,game,/data/gfx/shockbolt/npc/dragon_multihued_multi_hued_drake_hatchling.png,.png,6430,791a3b0d94741226dfdd525755f14b0d3ef9243c9207935bbd4c87bd189a8be3,64,64,1,RGBA,True,False,16384,1a078be1d245f138dcac4cc185e1431936218adc763e17822b8d34dffbbd8d81
base,game/modules/tome/data/gfx/shockbolt/npc/dragon_sand_briagh__great_sand_wyrm.png,shockbolt/npc/dragon_sand_briagh__great_sand_wyrm.png,shockbolt/npc,game,/data/gfx/shockbolt/npc/dragon_sand_briagh__great_sand_wyrm.png,.png,18373,8824294688041f0f1b593bb61e22b51d09e416f850fbf5f37896f03a123f4829,64,128,1,RGBA,True,False,32768,7f0673d482e282a508223043c6a3a08f2455eda894577fc3f5a4ec6377ceada2
base,game/modules/tome/data/gfx/shockbolt/npc/dragon_sand_corrupted_sand_wyrm.png,shockbolt/npc/dragon_sand_corrupted_sand_wyrm.png,shockbolt/npc,game,/data/gfx/shockbolt/npc/dragon_sand_corrupted_sand_wyrm.png,.png,17164,85591c080c53044e53c680f15a4068a297e321e640ff07f4c8ac358038deeddf,64,128,1,RGBA,True,False,32768,efbb115b30f9add02cd83d3f796f250e19818971db80a9b44fd62c521b00b01d
base,game/modules/tome/data/gfx/shockbolt/npc/dragon_sand_sand_drake.png,shockbolt/npc/dragon_sand_sand_drake.png,shockbolt/npc,game,/data/gfx/shockbolt/npc/dragon_sand_sand_drake.png,.png,10287,329773ecb089bf19dffd37b55b502278416d39ba799db586d455e5cbde7fdac1,64,64,1,RGBA,True,False,16384,070962388374c3c90db0e0d65f799dc346bc81a9cabec26a0c975fcc9dc6e19b
base,game/modules/tome/data/gfx/shockbolt/npc/dragon_storm_storm_drake.png,shockbolt/npc/dragon_storm_storm_drake.png,shockbolt/npc,game,/data/gfx/shockbolt/npc/dragon_storm_storm_drake.png,.png,11233,b218fe76b9f6fb6ba85d953a9246e10e801a5041ed7372b96eb561be252bf766,64,64,1,RGBA,True,False,16384,00b353327895f60a3cb883865ed511f575ea1fe6b890ae6066413eee7f013514
base,game/modules/tome/data/gfx/shockbolt/npc/dragon_storm_storm_drake_hatchling.png,shockbolt/npc/dragon_storm_storm_drake_hatchling.png,shockbolt/npc,game,/data/gfx/shockbolt/npc/dragon_storm_storm_drake_hatchling.png,.png,6686,70d49cbdf5abc592d1f9aff7cd02755deb36398f18bb74c0da4feeb9297f8c73,64,64,1,RGBA,True,False,16384,225054cff6ca8f401b36c3462604634f0692b75b34af16a83b336e9723a3cfe2
base,game/modules/tome/data/gfx/shockbolt/npc/dragon_storm_storm_wyrm.png,shockbolt/npc/dragon_storm_storm_wyrm.png,shockbolt/npc,game,/data/gfx/shockbolt/npc/dragon_storm_storm_wyrm.png,.png,16458,76ba0a2757b8decab2d8e594af4ac9c8ddae45202be540f19b9d29d4f5d473c9,64,128,1,RGBA,True,False,32768,bb870459ad80a9beb67e0e96f149a2b70e68a96a5ce96a5b54e55e02b765f9f0
base,game/modules/tome/data/gfx/shockbolt/npc/dragon_temporal_rantha_the_abomination.png,shockbolt/npc/dragon_temporal_rantha_the_abomination.png,shockbolt/npc,game,/data/gfx/shockbolt/npc/dragon_temporal_rantha_the_abomination.png,.png,19983,d7ace374cec37fb7d0a977e8003cc459b54820386912a17e4e7aed46ba2c4f7a,64,128,1,RGBA,True,False,32768,73defb91257cf40c02e12471cb6f985f6bc888bcb364aa911209d1d238bd44f2
base,game/modules/tome/data/gfx/shockbolt/npc/dragon_venom_venom_drake.png,shockbolt/npc/dragon_venom_venom_drake.png,shockbolt/npc,game,/data/gfx/shockbolt/npc/dragon_venom_venom_drake.png,.png,10698,f404a4005ead69a4fdf4ba7072190d94629adfb0c3d9603083c9e59028bfaf8f,64,64,1,RGBA,True,False,16384,64f8cdc0de246efa363af622734541ad18b17fbaae45676271de8a4a492fd671
base,game/modules/tome/data/gfx/shockbolt/npc/dragon_venom_venom_drake_hatchling.png,shockbolt/npc/dragon_venom_venom_drake_hatchling.png,shockbolt/npc,game,/data/gfx/shockbolt/npc/dragon_venom_venom_drake_hatchling.png,.png,8276,e6dd95f47a3df2f9930d6a6cf2143fbf5f83571f67fbeda1363b37e21fbff024,64,64,1,RGBA,True,False,16384,9518e82e48b08c4bb697b97f8a8dea01238d13869aab7c798d9b7f931dddfe2a
base,game/modules/tome/data/gfx/shockbolt/npc/dragon_venom_venom_wyrm.png,shockbolt/npc/dragon_venom_venom_wyrm.png,shockbolt/npc,game,/data/gfx/shockbolt/npc/dragon_venom_venom_wyrm.png,.png,17848,06a65283e783f4a299175b4151c0e279bab53c592837b532c709e2427c0df1f5,64,128,1,RGBA,True,False,32768,8b0c4d653c014892b526db2df61806eabc3a9c039c4bb55695607f758afad8f8
base,game/modules/tome/data/gfx/shockbolt/npc/dragon_water_ukllmswwik_the_wise.png,shockbolt/npc/dragon_water_ukllmswwik_the_wise.png,shockbolt/npc,game,/data/gfx/shockbolt/npc/dragon_water_ukllmswwik_the_wise.png,.png,10678,d6d9298490449e77cba79c4af3bca1d6b872a3ea8cf02568470554e621344367,64,64,1,RGBA,True,False,16384,558c7d0062566dc502e4da8adcfd86d4deac8abaffa148e4fb8ef57888a4945f
base,game/modules/tome/data/gfx/shockbolt/npc/dragon_wild_blinkwyrm.png,shockbolt/npc/dragon_wild_blinkwyrm.png,shockbolt/npc,game,/data/gfx/shockbolt/npc/dragon_wild_blinkwyrm.png,.png,15259,3053712bd4ab86ddb4fbc49c164fd44e2a6b2eda92426e0306b1e36264af1d86,64,128,1,RGBA,True,False,32768,46f151d0cc70459b9f635f9693599aaf17e584a69d75db334f698baab1a8feee
base,game/modules/tome/data/gfx/shockbolt/npc/dragon_wild_spire_dragon.png,shockbolt/npc/dragon_wild_spire_dragon.png,shockbolt/npc,game,/data/gfx/shockbolt/npc/dragon_wild_spire_dragon.png,.png,17123,27fb92ec8f7a0852757f9288703960389259268971879cc1c9ac63d763c2be9a,64,128,1,RGBA,True,False,32768,62d4eaa22b9c3498082eba01b9785d20b5f85eae79bfe50a1048e15b59a0be90
base,game/modules/tome/data/gfx/shockbolt/npc/drake_multi_ureslak.png,shockbolt/npc/drake_multi_ureslak.png,shockbolt/npc,game,/data/gfx/shockbolt/npc/drake_multi_ureslak.png,.png,16855,b4f7cb5fc77591120cb3fb543c983e0d0ebe059838a8ae480e38cc093a5c80c5,64,128,1,RGBA,True,False,32768,bfdaaee16891c36409b42844fe246263a7ca1e0e6ad4c038cf841de33c232c06
base,game/modules/tome/data/gfx/shockbolt/npc/dread.png,shockbolt/npc/dread.png,shockbolt/npc,game,/data/gfx/shockbolt/npc/dread.png,.png,11364,aa5aea3adf8deadcd11450084514aa5943e3f10cbdcfeeb14cfbbcb0ca602090,64,64,1,RGBA,True,False,16384,fd954851cd031c69f9f5168fe63a8c616228b2038d2bb8c4e3bc2d0552c5dda0
base,game/modules/tome/data/gfx/shockbolt/npc/dread_02_64.png,shockbolt/npc/dread_02_64.png,shockbolt/npc,game,/data/gfx/shockbolt/npc/dread_02_64.png,.png,11364,aa5aea3adf8deadcd11450084514aa5943e3f10cbdcfeeb14cfbbcb0ca602090,64,64,1,RGBA,True,False,16384,fd954851cd031c69f9f5168fe63a8c616228b2038d2bb8c4e3bc2d0552c5dda0
base,game/modules/tome/data/gfx/shockbolt/npc/dreadmaster.png,shockbolt/npc/dreadmaster.png,shockbolt/npc,game,/data/gfx/shockbolt/npc/dreadmaster.png,.png,12260,86bcc8b12bdfba31231de2f7f86d6cee3c3d51db846ae95386d5f0595a25a0d7,64,64,1,RGBA,True,False,16384,7374e6fe412b3eaa627a80319c03edd28c5c5e738821b5cd5b50e323226a550c
base,game/modules/tome/data/gfx/shockbolt/npc/dream_seed.png,shockbolt/npc/dream_seed.png,shockbolt/npc,game,/data/gfx/shockbolt/npc/dream_seed.png,.png,5238,13a6fdaa71aac86af771722df6a30ce75d5ce7272477818f0c2d504169c1dd0a,64,64,1,RGBA,True,False,16384,737c07b1a19e95d29f7ec644ba377e9698c50a02fdab1ddf75dc276dfc33b94b
base,game/modules/tome/data/gfx/shockbolt/npc/elder_vampire.png,shockbolt/npc/elder_vampire.png,shockbolt/npc,game,/data/gfx/shockbolt/npc/elder_vampire.png,.png,7236,af97310e6b36b96b7fb4be15b76be3437ef9536c8d68c37d6a1385c983322da2,64,64,1,RGBA,True,False,16384,d2ac3bee3349380241dfe48fde741292e8fc5f064f4ac5cec508445e89b74bb8
base,game/modules/tome/data/gfx/shockbolt/npc/elemental_air_greater_gwelgoroth.png,shockbolt/npc/elemental_air_greater_gwelgoroth.png,shockbolt/npc,game,/data/gfx/shockbolt/npc/elemental_air_greater_gwelgoroth.png,.png,9230,9e79e4c3d5ce4b0c8b7c4f63a950eba772e1d98ce87ecdb356b0edb1eeb2f851,64,128,1,RGBA,True,False,32768,58af9521614bcf1172fdd005e549bb5da539a12a6c7157d96bf61619b61a269d
base,game/modules/tome/data/gfx/shockbolt/npc/elemental_air_gwelgoroth.png,shockbolt/npc/elemental_air_gwelgoroth.png,shockbolt/npc,game,/data/gfx/shockbolt/npc/elemental_air_gwelgoroth.png,.png,8035,6760dd50120b789db210c390aacb1ba408a746df8b2da6f9c6149db2a397dc16,64,64,1,RGBA,True,False,16384,053e5f2cf6d92179440be45d030531234b67dbef83a412d8257ebbcccb179213
base,game/modules/tome/data/gfx/shockbolt/npc/elemental_air_ultimate_gwelgoroth.png,shockbolt/npc/elemental_air_ultimate_gwelgoroth.png,shockbolt/npc,game,/data/gfx/shockbolt/npc/elemental_air_ultimate_gwelgoroth.png,.png,15274,e02dabbeb980a93691454281685da5fbf97631bc6e6adbce3f5b56ea44d9abfe,64,128,1,RGBA,True,False,32768,85892922f2e2802592b8787b5b58ee5cf2509d3c8fe31768a181190253659862
base,game/modules/tome/data/gfx/shockbolt/npc/elemental_fire_faeros.png,shockbolt/npc/elemental_fire_faeros.png,shockbolt/npc,game,/data/gfx/shockbolt/npc/elemental_fire_faeros.png,.png,4456,d2e05b352f8cf82cf3cd18bc7639db8b8bd3cfdecc55117d4a5e1d92c9086e87,64,64,1,RGBA,True,False,16384,c88ce57caf6f588a8de001fb52b0dfc9c3e7fbdbaad2c74e47dcc6eca3b77359
base,game/modules/tome/data/gfx/shockbolt/npc/elemental_fire_fyrk__faeros_high_guard.png,shockbolt/npc/elemental_fire_fyrk__faeros_high_guard.png,shockbolt/npc,game,/data/gfx/shockbolt/npc/elemental_fire_fyrk__faeros_high_guard.png,.png,16543,a74868d0cfc78ee5c47bb4dc43b5a3fc3435d2636ac86259a65a89da422c3bd2,64,128,1,RGBA,True,False,32768,f09a0abccf548adf270635331c4055d94a4e6a123cf1cb23410d2dfacc7df874
base,game/modules/tome/data/gfx/shockbolt/npc/elemental_fire_greater_faeros.png,shockbolt/npc/elemental_fire_greater_faeros.png,shockbolt/npc,game,/data/gfx/shockbolt/npc/elemental_fire_greater_faeros.png,.png,7108,d5de074aed3abd210d5cbc7121eab8fad698eb7438d553208edb304d6f3ada93,64,64,1,RGBA,True,False,16384,112344803f6cca7b454d44cba582bce4938e3fcea7ad5fb29c13fc8dc56df348
base,game/modules/tome/data/gfx/shockbolt/npc/elemental_fire_ultimate_faeros.png,shockbolt/npc/elemental_fire_ultimate_faeros.png,shockbolt/npc,game,/data/gfx/shockbolt/npc/elemental_fire_ultimate_faeros.png,.png,11343,478a5bfd2359859fbb0cdd3e1f537f805a44c9f32ca36c7f5f100a9324c32055,64,128,1,RGBA,True,False,32768,16c8114be2d916af83e5334b4cfe05ad01691e637602e3a657f79504f918f3e2
base,game/modules/tome/data/gfx/shockbolt/npc/elemental_ice_greater_shivgoroth.png,shockbolt/npc/elemental_ice_greater_shivgoroth.png,shockbolt/npc,game,/data/gfx/shockbolt/npc/elemental_ice_greater_shivgoroth.png,.png,9944,487bbfc7145f061743530fb17c58684e9b682d1bf54234160b0b7078fbd39215,64,128,1,RGBA,True,False,32768,ab4c97a7afc62b3b61bd1a53f9b689bdf63e3c60102115b78926afea69a04350
base,game/modules/tome/data/gfx/shockbolt/npc/elemental_ice_shivgoroth.png,shockbolt/npc/elemental_ice_shivgoroth.png,shockbolt/npc,game,/data/gfx/shockbolt/npc/elemental_ice_shivgoroth.png,.png,7745,67e73447b74d079c5afb18fcfd47a1d292c2904465f99f471bfd8f6c82a2ef7b,64,128,1,RGBA,True,False,32768,94dee460cd49ff390ebcecc1d8e130f397133d8de334decf7c32949fcbf83040
base,game/modules/tome/data/gfx/shockbolt/npc/elemental_ice_ultimate_shivgoroth.png,shockbolt/npc/elemental_ice_ultimate_shivgoroth.png,shockbolt/npc,game,/data/gfx/shockbolt/npc/elemental_ice_ultimate_shivgoroth.png,.png,16244,723a8e8d4935e909341722c0b0c191f0fa7f219eda4144fcb151f6331f0117e0,64,128,1,RGBA,True,False,32768,e4b296c220047aac17cf969b04d19e765ed10a6fdefdb39cdc0bb47e91fae4a7
base,game/modules/tome/data/gfx/shockbolt/npc/elemental_light_wisp.png,shockbolt/npc/elemental_light_wisp.png,shockbolt/npc,game,/data/gfx/shockbolt/npc/elemental_light_wisp.png,.png,5850,15ccac379e5d70fdd0a943f597baa18da921beffaaf978d842dd682c4e500bd2,64,64,1,RGBA,True,False,16384,df98e889b098bb6c9e992a1fa65ca4d2bd99bb9e17ab577f17f7c3ade1832705
base,game/modules/tome/data/gfx/shockbolt/npc/elemental_losgoroth_space_disturbance.png,shockbolt/npc/elemental_losgoroth_space_disturbance.png,shockbolt/npc,game,/data/gfx/shockbolt/npc/elemental_losgoroth_space_disturbance.png,.png,8712,0dd9b3aa675858785646937279c1dda4953d68d63fc7f177a6e0e9e276864079,64,64,1,RGBA,True,False,16384,c900a6f3fbdbc386eb9fabca068d3bf178089c639e981d04683f95bdb30feb82
base,game/modules/tome/data/gfx/shockbolt/npc/elemental_temporal_epoch.png,shockbolt/npc/elemental_temporal_epoch.png,shockbolt/npc,game,/data/gfx/shockbolt/npc/elemental_temporal_epoch.png,.png,11094,0fb91119efb106e7e1e7988365019a1c0642cc337d4db47f53e3c609f09ef43b,64,64,1,RGBA,True,False,16384,e3d99604522d7874941032124e0209eeecd4301d59798316f28cbadd8d2c8a73
base,game/modules/tome/data/gfx/shockbolt/npc/elemental_temporal_greater_telugoroth.png,shockbolt/npc/elemental_temporal_greater_telugoroth.png,shockbolt/npc,game,/data/gfx/shockbolt/npc/elemental_temporal_greater_telugoroth.png,.png,14471,df27ae20271b6a0fdb04559e621cd26ba99016f971a7a898f4ebb2deb15b0509,64,128,1,RGBA,True,False,32768,00882b8daf6057d5cea39c64cd85937a53e763cd65f2957b6eb71f477e50b427
base,game/modules/tome/data/gfx/shockbolt/npc/elemental_temporal_greater_teluvorta.png,shockbolt/npc/elemental_temporal_greater_teluvorta.png,shockbolt/npc,game,/data/gfx/shockbolt/npc/elemental_temporal_greater_teluvorta.png,.png,13886,0d4f9c2f772c408614874c3977138246e6acc19c0480ea197dc92789c2eebc14,64,128,1,RGBA,True,False,32768,4d6a7cf9378988740dd1dfa427d1fe7b68994c0581a38df933ad115c56d084dc
base,game/modules/tome/data/gfx/shockbolt/npc/elemental_temporal_telugoroth.png,shockbolt/npc/elemental_temporal_telugoroth.png,shockbolt/npc,game,/data/gfx/shockbolt/npc/elemental_temporal_telugoroth.png,.png,9771,277d43f4438899ddfb8b81b1e57996c3860e982d7f9e543427ebcc7cd39a4211,64,64,1,RGBA,True,False,16384,9e77f183b461eb8e2bb94d4b142dfb292cf811c35bb4cb8ef8e317fdfe175192
base,game/modules/tome/data/gfx/shockbolt/npc/elemental_temporal_teluvorta.png,shockbolt/npc/elemental_temporal_teluvorta.png,shockbolt/npc,game,/data/gfx/shockbolt/npc/elemental_temporal_teluvorta.png,.png,7689,4dd2af75e7630961627cc50b5e8212385797e52f333ab2aeaafe16342cba27f0,64,64,1,RGBA,True,False,16384,afd42927e45331c10d50a85e5d19d23c3c88c23faa29bdb9d1146b226389e58f
base,game/modules/tome/data/gfx/shockbolt/npc/elemental_temporal_ultimate_telugoroth.png,shockbolt/npc/elemental_temporal_ultimate_telugoroth.png,shockbolt/npc,game,/data/gfx/shockbolt/npc/elemental_temporal_ultimate_telugoroth.png,.png,19879,bfc24eb18a7bda1ead920126ea44e811326442c2da04560edf05e323948575c4,64,128,1,RGBA,True,False,32768,1ac208737ca42353338edeb869f3dea1270d499cefb7ee163ba1a6ccc684510b
base,game/modules/tome/data/gfx/shockbolt/npc/elemental_temporal_ultimate_teluvorta.png,shockbolt/npc/elemental_temporal_ultimate_teluvorta.png,shockbolt/npc,game,/data/gfx/shockbolt/npc/elemental_temporal_ultimate_teluvorta.png,.png,21000,3c63baa2e9ce84b0e68455b414cb7d1301b2c704791210f607d802e2059259c0,64,128,1,RGBA,True,False,32768,f0a72205bf040bb715cee1a524b4ec78b44e0b92a3b7ee4d136aee752258c59f
base,game/modules/tome/data/gfx/shockbolt/npc/elemental_void_losgoroth.png,shockbolt/npc/elemental_void_losgoroth.png,shockbolt/npc,game,/data/gfx/shockbolt/npc/elemental_void_losgoroth.png,.png,8610,91ffa32afcf7a0b18c2e72be9cee24e365060631360b5074e26bfddac40559d5,64,64,1,RGBA,True,False,16384,b361a2d43fb1ab72719948827be8d49b53ffe4c211fba0dacba9b0155ec08f16
base,game/modules/tome/data/gfx/shockbolt/npc/elemental_void_losgoroth_corrupted.png,shockbolt/npc/elemental_void_losgoroth_corrupted.png,shockbolt/npc,game,/data/gfx/shockbolt/npc/elemental_void_losgoroth_corrupted.png,.png,8553,6f7473a7823741d1a13a8731bad5baa60ce7e7dd12f37044688f297d2929a353,64,64,1,RGBA,True,False,16384,b1bd57a64ccfea17987306971487c54d88ff158708014a9843b06608f5535ba4
base,game/modules/tome/data/gfx/shockbolt/npc/elemental_void_manaworm.png,shockbolt/npc/elemental_void_manaworm.png,shockbolt/npc,game,/data/gfx/shockbolt/npc/elemental_void_manaworm.png,.png,9743,694902ed76ecbb032921df2981a91c262745d47675e6da5822fdb50780c8f497,64,64,1,RGBA,True,False,16384,4938ae464a9831127eb2578f0e6a4b9071d1fe5c5be3acfed65cc92b14249a75
base,game/modules/tome/data/gfx/shockbolt/npc/elemental_xorn_fragmented_harkor_zun.png,shockbolt/npc/elemental_xorn_fragmented_harkor_zun.png,shockbolt/npc,game,/data/gfx/shockbolt/npc/elemental_xorn_fragmented_harkor_zun.png,.png,8869,36da42e3905f7d555c249b085cac6e00a140978849d621a81a097a6adaef680c,64,128,1,RGBA,True,False,32768,5b22e229889065148c772093cc31c8458c79f697062aec3f51031adcf64e3bea
base,game/modules/tome/data/gfx/shockbolt/npc/elemental_xorn_harkor_zun.png,shockbolt/npc/elemental_xorn_harkor_zun.png,shockbolt/npc,game,/data/gfx/shockbolt/npc/elemental_xorn_harkor_zun.png,.png,16470,5d598aeab3301694af5aae14837e662a7c8037dda826f3a69fd05f3f6ea7326d,64,128,1,RGBA,True,False,32768,9f54de762736b59dc29ee92baaa71a7864d05f8d2f74627865fcc5cb00fc2323
base,game/modules/tome/data/gfx/shockbolt/npc/elemental_xorn_umber_hulk.png,shockbolt/npc/elemental_xorn_umber_hulk.png,shockbolt/npc,game,/data/gfx/shockbolt/npc/elemental_xorn_umber_hulk.png,.png,6990,4f9f5007ffd651b588cda8b545cc229b9889c7aab60edf277a84a37b7ec3d4d4,64,64,1,RGBA,True,False,16384,b141715b391bc990dbd10bd61e809dab56c6470af948e92864b0eb2c2ff866bf
base,game/modules/tome/data/gfx/shockbolt/npc/elemental_xorn_xaren.png,shockbolt/npc/elemental_xorn_xaren.png,shockbolt/npc,game,/data/gfx/shockbolt/npc/elemental_xorn_xaren.png,.png,10347,dcfc963e76bceeaa948914fdc5751a0422a3ee7764415a70eeb7ae1c85585332,64,64,1,RGBA,True,False,16384,ee02c9972d3f4cd67d13f304dad0748a7c5d58b25e9b363e79ba1438f2c7fa54
base,game/modules/tome/data/gfx/shockbolt/npc/elemental_xorn_xorn.png,shockbolt/npc/elemental_xorn_xorn.png,shockbolt/npc,game,/data/gfx/shockbolt/npc/elemental_xorn_xorn.png,.png,8909,fc9ccbe72265d4d4dd13494ed1fa350ac06e3f0c558faf989fb7273cd13d382c,64,64,1,RGBA,True,False,16384,28ec17f5267ea34055cc622d9720bd05266b9f2bce46ecbb75a25076b5b855b7
base,game/modules/tome/data/gfx/shockbolt/npc/emperor_wight.png,shockbolt/npc/emperor_wight.png,shockbolt/npc,game,/data/gfx/shockbolt/npc/emperor_wight.png,.png,9354,93df3942d546f0a8b5a18cd0143f5182082213c05e91f05e5ce5222e091aeb97,64,128,1,RGBA,True,False,32768,36e939abe0544d6fc2979bc10a7bc09280e979694c1a05fe4edb0d9ef127bdf3
base,game/modules/tome/data/gfx/shockbolt/npc/fire_ant.png,shockbolt/npc/fire_ant.png,shockbolt/npc,game,/data/gfx/shockbolt/npc/fire_ant.png,.png,8912,a887d35031e6cd29ca0f72432a40252de40b30cb8de1152c7b13a33dfdbe119d,64,64,1,RGBA,True,False,16384,b7a4f37562cb1622760dc74a159005d7c0b21d2ccb16faa9066573e3b80e52ca
base,game/modules/tome/data/gfx/shockbolt/npc/firebrick-snake.png,shockbolt/npc/firebrick-snake.png,shockbolt/npc,game,/data/gfx/shockbolt/npc/firebrick-snake.png,.png,8012,ce9f4d8e8ebece83af353f20b48064a6b61c618452be1c937cae778aedbb7ba6,64,64,1,RGBA,True,False,16384,9c4dc39a82c121efc74a926b4079fb35b925ab29d8ec7a59ec9a87c9c141a44c
base,game/modules/tome/data/gfx/shockbolt/npc/forest_wight.png,shockbolt/npc/forest_wight.png,shockbolt/npc,game,/data/gfx/shockbolt/npc/forest_wight.png,.png,7054,2934e802377e845a15a462f3caaaeff5ccd322be2fb026c5fbc30ebfa855ccd0,64,64,1,RGBA,True,False,16384,00ea80480b692b22d0df61ca3ed5ae6d6478d703ddc748fa6dbb38fb664e6052
base,game/modules/tome/data/gfx/shockbolt/npc/giant_ice_burb_the_snow_giant_champion.png,shockbolt/npc/giant_ice_burb_the_snow_giant_champion.png,shockbolt/npc,game,/data/gfx/shockbolt/npc/giant_ice_burb_the_snow_giant_champion.png,.png,20742,721935d2e489941b1b28ccf07937314ae40cee5ab6ac6323a4a086f09dd1d7df,64,128,1,RGBA,True,False,32768,a1b53e28b657d7d0ff4e3fc803bb0086433a503588210fd303b7be1f95d0105f
base,game/modules/tome/data/gfx/shockbolt/npc/giant_ice_snow_giant.png,shockbolt/npc/giant_ice_snow_giant.png,shockbolt/npc,game,/data/gfx/shockbolt/npc/giant_ice_snow_giant.png,.png,13340,803903d03efc516a1bfb6c892a3206c700ca7158e59953438ebaa4f5e4b89125,64,128,1,RGBA,True,False,32768,5659d0166e99d725a6ad94a4cefd22b4a2c0e33196bc060fc111c4b0f3d83488
base,game/modules/tome/data/gfx/shockbolt/npc/giant_ice_snow_giant_boulder_thrower.png,shockbolt/npc/giant_ice_snow_giant_boulder_thrower.png,shockbolt/npc,game,/data/gfx/shockbolt/npc/giant_ice_snow_giant_boulder_thrower.png,.png,14436,b1f5e779aedd1dfabdd0b9e5cd495949c8179093d826e55a7acbb622e8356ae4,64,128,1,RGBA,True,False,32768,22c8fae405acbb86181197a4ddf63fca857c44bc7f97e1e8e7e58607b44dec2b
base,game/modules/tome/data/gfx/shockbolt/npc/giant_ice_snow_giant_chieftain.png,shockbolt/npc/giant_ice_snow_giant_chieftain.png,shockbolt/npc,game,/data/gfx/shockbolt/npc/giant_ice_snow_giant_chieftain.png,.png,16926,18661c89e1030313394c0671b3081c867a1b4a28cadb57198df260602164fa6a,64,128,1,RGBA,True,False,32768,b0c7f056a3dd2fb56432bd08013b50b6652f397262eeced73bff7c433fcec434
base,game/modules/tome/data/gfx/shockbolt/npc/giant_ice_snow_giant_thunderer.png,shockbolt/npc/giant_ice_snow_giant_thunderer.png,shockbolt/npc,game,/data/gfx/shockbolt/npc/giant_ice_snow_giant_thunderer.png,.png,16673,1e30f11c0f377888b834f6a569242435841dfec80342d687803a4d78101b19f4,64,128,1,RGBA,True,False,32768,6333835748ecdcac4f52bb95c5ffe495894b10b504e8d2dea2b4e376e2820438
base,game/modules/tome/data/gfx/shockbolt/npc/giant_ice_snow_giant_thunderer2.png,shockbolt/npc/giant_ice_snow_giant_thunderer2.png,shockbolt/npc,game,/data/gfx/shockbolt/npc/giant_ice_snow_giant_thunderer2.png,.png,17710,a45d6e8ce5a62090bdad6d4d4eb424ab638a91dfb29e6539c693192689007f35,64,128,1,RGBA,True,False,32768,936474a1a6072de779dbe8acfd3c8accf87578964e33e6bd4d1c79fe4b242224
base,game/modules/tome/data/gfx/shockbolt/npc/giant_minotaur_maulotaur.png,shockbolt/npc/giant_minotaur_maulotaur.png,shockbolt/npc,game,/data/gfx/shockbolt/npc/giant_minotaur_maulotaur.png,.png,7971,0a2e52daf7013d547e8c82e577e3fd735ce0d88b24a4ef05fd5c16e8c35e04ee,64,128,1,RGBA,True,False,32768,814409a062fb66307d3ad92df1e49274d0c7de82d4a87d5b146eda571dc8c154
base,game/modules/tome/data/gfx/shockbolt/npc/giant_minotaur_minotaur.png,shockbolt/npc/giant_minotaur_minotaur.png,shockbolt/npc,game,/data/gfx/shockbolt/npc/giant_minotaur_minotaur.png,.png,7017,f11ed2e72648c5ac89a1bf194812bc372cb39850dd3321382e4570b9cc77ccf2,64,128,1,RGBA,True,False,32768,b2deb3b3c5474f581774f65d064f8c3490e9f0c8fdab47d58897944706097a99
base,game/modules/tome/data/gfx/shockbolt/npc/giant_minotaur_minotaur_of_the_labyrinth.png,shockbolt/npc/giant_minotaur_minotaur_of_the_labyrinth.png,shockbolt/npc,game,/data/gfx/shockbolt/npc/giant_minotaur_minotaur_of_the_labyrinth.png,.png,15648,40d1bfcaa5adb70595e36ca1b60621f7716e6158ec51095aeab768c62dabe74f,64,128,1,RGBA,True,False,32768,22c128ef764d3cfb32040b979a445f8950ff6389e5a855b82af4afb3d29a5710
base,game/modules/tome/data/gfx/shockbolt/npc/giant_ogre_degenerated_ogric_mass.png,shockbolt/npc/giant_ogre_degenerated_ogric_mass.png,shockbolt/npc,game,/data/gfx/shockbolt/npc/giant_ogre_degenerated_ogric_mass.png,.png,14900,d7c2138ce7b1bafe06042dffc5b8c7a1453f099ce18dcb949b93ca64c2b35a96,64,128,1,RGBA,True,False,32768,9dbfaaf63d54769d11aa0a82a5b17aed66bae07f94f095af3e05b1db74e70cb7
base,game/modules/tome/data/gfx/shockbolt/npc/giant_ogre_healer_astelrid.png,shockbolt/npc/giant_ogre_healer_astelrid.png,shockbolt/npc,game,/data/gfx/shockbolt/npc/giant_ogre_healer_astelrid.png,.png,18226,99a577aea21ff091286cec4e527c26c9e05c54edb518469f705eb79cc8b8c724,64,128,1,RGBA,True,False,32768,1e1a6db12001ffb5626a7dce45dc5570e3e2b1425697914b8ea3b544ac62181f
base,game/modules/tome/data/gfx/shockbolt/npc/giant_ogre_ogre_guard.png,shockbolt/npc/giant_ogre_ogre_guard.png,shockbolt/npc,game,/data/gfx/shockbolt/npc/giant_ogre_ogre_guard.png,.png,15248,72e897d0b5bc864263286e9839860c135ceaecae3f84a1ab10052d853fbf8694,64,128,1,RGBA,True,False,32768,eddeb6dc721eead9dcb8acd907fe5a2420ff7406c0a664d3b09f7ebab96d2e74
base,game/modules/tome/data/gfx/shockbolt/npc/giant_ogre_ogre_mauler.png,shockbolt/npc/giant_ogre_ogre_mauler.png,shockbolt/npc,game,/data/gfx/shockbolt/npc/giant_ogre_ogre_mauler.png,.png,13794,c99cd9d4fd476e22cfa115b27ed039e7e17787ce30628d35db9b568a8d975851,64,128,1,RGBA,True,False,32768,1d96567204262b2927e9d06b1c46276f52d31510c2e8d7ac7e91e960ca7cb6c2
base,game/modules/tome/data/gfx/shockbolt/npc/giant_ogre_ogre_pounder.png,shockbolt/npc/giant_ogre_ogre_pounder.png,shockbolt/npc,game,/data/gfx/shockbolt/npc/giant_ogre_ogre_pounder.png,.png,12623,9050f91fd3d4df0261efef9b0e159d300f2821b60e0d911f3a0276f66ac6e913,64,128,1,RGBA,True,False,32768,6283a76650654333b72ae1430efbaa6c744d7e76134a193e7206c87cf22340e2
base,game/modules/tome/data/gfx/shockbolt/npc/giant_ogre_ogre_rune_spinner.png,shockbolt/npc/giant_ogre_ogre_rune_spinner.png,shockbolt/npc,game,/data/gfx/shockbolt/npc/giant_ogre_ogre_rune_spinner.png,.png,17347,5a48f7a51594c089e4e776abbd2a5a5f794971b86dadac7acfa9b688786c4647,64,128,1,RGBA,True,False,32768,a81e4a58c440f9bff1a00f98a3b347807816c79fd62be8afa1c8327be78b9b9c
base,game/modules/tome/data/gfx/shockbolt/npc/giant_ogre_ogre_sentry.png,shockbolt/npc/giant_ogre_ogre_sentry.png,shockbolt/npc,game,/data/gfx/shockbolt/npc/giant_ogre_ogre_sentry.png,.png,12481,8021e5b8cea0dfaba96814709559c07da27ee0cac5fd10e405cfb678c0a46279,64,128,1,RGBA,True,False,32768,62f45bd9c174caf9426589ee0b753b0fd8cf54608116470cab2396a6f99db69b
base,game/modules/tome/data/gfx/shockbolt/npc/giant_ogre_ogre_warmaster.png,shockbolt/npc/giant_ogre_ogre_warmaster.png,shockbolt/npc,game,/data/gfx/shockbolt/npc/giant_ogre_ogre_warmaster.png,.png,14109,2ad685d054f0069816476b614be7212243b3fddd4aa54d87063ec0cd6f2fea06,64,128,1,RGBA,True,False,32768,360c36901fce593484f296df54f6f5706c8a7cb9b95b0c67768558133c29826c
base,game/modules/tome/data/gfx/shockbolt/npc/giant_ogre_ogric_abomination.png,shockbolt/npc/giant_ogre_ogric_abomination.png,shockbolt/npc,game,/data/gfx/shockbolt/npc/giant_ogre_ogric_abomination.png,.png,17553,cfaa1ffb705e2653bb417eb0f9192c924d2371f3370fcac7819629ffd8b55bb7,64,128,1,RGBA,True,False,32768,c075f49f2443be563079bbe163a7aafe663e1096bff8cb5c22106967d559adc0
base,game/modules/tome/data/gfx/shockbolt/npc/giant_treant_snaproot.png,shockbolt/npc/giant_treant_snaproot.png,shockbolt/npc,game,/data/gfx/shockbolt/npc/giant_treant_snaproot.png,.png,13342,e4a0f09178e210765f3e764cdc91b4136366398bc91a7ff79a0228802167e1ac,64,128,1,RGBA,True,False,32768,922418a7107e31f4e61cd29d2b48576a7b9ee7e1c3d6cf2d4e54e807d7e76392
base,game/modules/tome/data/gfx/shockbolt/npc/giant_treant_wrathroot.png,shockbolt/npc/giant_treant_wrathroot.png,shockbolt/npc,game,/data/gfx/shockbolt/npc/giant_treant_wrathroot.png,.png,18658,29dcdaf4b95aad222d3be2645fa6777e6f38f1f33817fc02f8c17f2ae4732c1d,64,128,1,RGBA,True,False,32768,edea7f46492e7b3bfcecd7bd5a0de41d4252c7ff84390b58a8609ac128105179
base,game/modules/tome/data/gfx/shockbolt/npc/giant_troll_corrupted_oozemancer.png,shockbolt/npc/giant_troll_corrupted_oozemancer.png,shockbolt/npc,game,/data/gfx/shockbolt/npc/giant_troll_corrupted_oozemancer.png,.png,9145,cc6f01fbf95a383fe1c6ecfeeb250630334070a4447cedfeb5fc7016615b50bd,64,64,1,RGBA,True,False,16384,e5046d4b3f9baea572f51138889fca6f909b86a88f871e4e91a91a9de9f7888d
base,game/modules/tome/data/gfx/shockbolt/npc/giant_troll_forest_troll_hedge_wizard.png,shockbolt/npc/giant_troll_forest_troll_hedge_wizard.png,shockbolt/npc,game,/data/gfx/shockbolt/npc/giant_troll_forest_troll_hedge_wizard.png,.png,11517,0ed392b6eeca4653cb29050204cd3570a1d602a731c543e2af05c4cd52cda3f1,64,128,1,RGBA,True,False,32768,6d19f73af255d4168374493d47c9dd99326cd8dd20042f9223316d703530d806
base,game/modules/tome/data/gfx/shockbolt/npc/giant_troll_half_dead_forest_troll.png,shockbolt/npc/giant_troll_half_dead_forest_troll.png,shockbolt/npc,game,/data/gfx/shockbolt/npc/giant_troll_half_dead_forest_troll.png,.png,9161,b6c1c9f61adece73802a5150119fc793b06fc8dca85f55cab00f0bfe5825ce82,64,64,1,RGBA,True,False,16384,e5e4fddca5cbdbbbcfded5d6d684880da026ae28a3adb2d69ea05619d9d5f443
base,game/modules/tome/data/gfx/shockbolt/npc/giant_troll_mountain_troll_thunderer.png,shockbolt/npc/giant_troll_mountain_troll_thunderer.png,shockbolt/npc,game,/data/gfx/shockbolt/npc/giant_troll_mountain_troll_thunderer.png,.png,9155,a9a3f7828dffa32923ba70cdfa6b726ef78e4cb9c6b5f2a90970d7a4bf567c60,64,128,1,RGBA,True,False,32768,4557fdfb8cb63af55959dcfbda914a9eeffacc47a6325a87f1489f63c396e74b
base,game/modules/tome/data/gfx/shockbolt/npc/giant_troll_patchwork_troll.png,shockbolt/npc/giant_troll_patchwork_troll.png,shockbolt/npc,game,/data/gfx/shockbolt/npc/giant_troll_patchwork_troll.png,.png,11117,0698c3a2000e5ce45cc5a072aba2b25bd43231fd8f8683a8070a8ff6595e6907,64,128,1,RGBA,True,False,32768,294cc713f63c79fa2462288c68df2ba7686211865ccc60fc47919406871ddc90
base,game/modules/tome/data/gfx/shockbolt/npc/giant_troll_prox_the_mighty.png,shockbolt/npc/giant_troll_prox_the_mighty.png,shockbolt/npc,game,/data/gfx/shockbolt/npc/giant_troll_prox_the_mighty.png,.png,11712,1fa15919e25e3f79e8f9c2752f89c6859d71037c535a6332c2d11fa2845d8f6b,64,128,1,RGBA,True,False,32768,0f71da21d584cffc5f7414a2e334bf09779d4757f2317042d73ed3e7fd106550
base,game/modules/tome/data/gfx/shockbolt/npc/giant_troll_shax_the_slimy.png,shockbolt/npc/giant_troll_shax_the_slimy.png,shockbolt/npc,game,/data/gfx/shockbolt/npc/giant_troll_shax_the_slimy.png,.png,11904,5432a74b23f3a41e6e62868fd519190c890e7db9d3462fcd360cd5a200b532c6,64,128,1,RGBA,True,False,32768,306dbb23181b5f3e624d1afad1f09de7e8ce2d989191e095dde15c0723a79262
base,game/modules/tome/data/gfx/shockbolt/npc/golem.png,shockbolt/npc/golem.png,shockbolt/npc,game,/data/gfx/shockbolt/npc/golem.png,.png,9371,b0d02d34abb656f1cac0562eef1e857de7b46987ec21f49cc8be9e651047e68a,64,64,1,RGBA,True,False,16384,0dd60bf9b8b3cae636602582a2a20f91ac65a3f23dc90adf639fe111a59d47b4
base,game/modules/tome/data/gfx/shockbolt/npc/grave_wight.png,shockbolt/npc/grave_wight.png,shockbolt/npc,game,/data/gfx/shockbolt/npc/grave_wight.png,.png,7747,96e72f286ff442201bbe0837e8ade80efc001f911efede92c833c381b65b572c,64,64,1,RGBA,True,False,16384,46ba62e18ac456d662631ee012ea71f8999cf3c8020d67f6de302b012268f05a
base,game/modules/tome/data/gfx/shockbolt/npc/green-snake.png,shockbolt/npc/green-snake.png,shockbolt/npc,game,/data/gfx/shockbolt/npc/green-snake.png,.png,6921,91079a05834d0390e28b5a1565edbd74e6003e5110a122f9c503f6964412a394,64,64,1,RGBA,True,False,16384,f4e8fbe00522b79325a414961f076944d7e39bb328c2acb6f6e5dced126c217b
base,game/modules/tome/data/gfx/shockbolt/npc/green_ant.png,shockbolt/npc/green_ant.png,shockbolt/npc,game,/data/gfx/shockbolt/npc/green_ant.png,.png,8694,367e7dd2b8ab16e449160bdb3fee7730b83f3dda6382e1e210d5466b5b6318dd,64,64,1,RGBA,True,False,16384,ffd2477251cbe003a2ba3c7934f2f6c03b3c13bec5d4b6600ed5c57700c49304
base,game/modules/tome/data/gfx/shockbolt/npc/grizzly_bear.png,shockbolt/npc/grizzly_bear.png,shockbolt/npc,game,/data/gfx/shockbolt/npc/grizzly_bear.png,.png,7718,2b1ffd53d7f880d87ae1d294ac8c61be4c2719cdbfade308f44be8a54b26aec0,64,128,1,RGBA,True,False,32768,4e32616dfd23c2f3734a06d459bb8e5efd1c16414742c6bd65fbc4b9f6259e79
base,game/modules/tome/data/gfx/shockbolt/npc/hornet_swarm.png,shockbolt/npc/hornet_swarm.png,shockbolt/npc,game,/data/gfx/shockbolt/npc/hornet_swarm.png,.png,7082,24bb0c67c63d204bfb9b1b89480198082867fe0adf93914f5e1e74d42f390c5f,64,64,1,RGBA,True,False,16384,553a26ad65781a22a37ad7b6cb23641aeef04208f715389af9ba0acc9ed91e83
base,game/modules/tome/data/gfx/shockbolt/npc/horror_aquatic_abyssal_horror.png,shockbolt/npc/horror_aquatic_abyssal_horror.png,shockbolt/npc,game,/data/gfx/shockbolt/npc/horror_aquatic_abyssal_horror.png,.png,12087,76c45c6cdf6fefd9a3d50d60f73ede217da23b4c3196b2e2dbd7ec53fef0de27,64,128,1,RGBA,True,False,32768,3556b8688a5897d56c72ce52a2a734b3f8ee35f5699a9ee4c39024181ae411dd
base,game/modules/tome/data/gfx/shockbolt/npc/horror_aquatic_boiling_horror.png,shockbolt/npc/horror_aquatic_boiling_horror.png,shockbolt/npc,game,/data/gfx/shockbolt/npc/horror_aquatic_boiling_horror.png,.png,13625,4ec1b6d27462ac8bef91f459ccb7dbccabaa71326b31850a2e43fadd3c3d606b,64,128,1,RGBA,True,False,32768,01f6eb2e81ebf24d54f1d1a57735a52c4656c412ebb288355f94c9543871ea80
base,game/modules/tome/data/gfx/shockbolt/npc/horror_aquatic_entrenched_horror.png,shockbolt/npc/horror_aquatic_entrenched_horror.png,shockbolt/npc,game,/data/gfx/shockbolt/npc/horror_aquatic_entrenched_horror.png,.png,11031,a67f785a0fcf9727498fcec0af3543d39ca4779643b7efddf97ab2bf9a3e34e1,64,128,1,RGBA,True,False,32768,1263648efcab952ec8cb957d8ae6f63eb605c71b3bc7488d4cb76d820dfa8099
base,game/modules/tome/data/gfx/shockbolt/npc/horror_aquatic_ravenous_horror.png,shockbolt/npc/horror_aquatic_ravenous_horror.png,shockbolt/npc,game,/data/gfx/shockbolt/npc/horror_aquatic_ravenous_horror.png,.png,10715,bc30d60a88b181b4a92e86a5fbae211ba85fbfd8fe01510b14c82d05e1800d24,64,128,1,RGBA,True,False,32768,595d1d6e5b72c27004e1f25b65a28ac3dd3b069cafc65b57a3650319b69b20da
base,game/modules/tome/data/gfx/shockbolt/npc/horror_aquatic_swarm_hive.png,shockbolt/npc/horror_aquatic_swarm_hive.png,shockbolt/npc,game,/data/gfx/shockbolt/npc/horror_aquatic_swarm_hive.png,.png,12689,882d51b49156d759ea81ed74b12cb88bc6616e3f93187dba33aba5b545b4afa7,64,128,1,RGBA,True,False,32768,8ff132bf34010b7f85049d49da27bfb153f973976f79c891619a8ed055d1e0f8
base,game/modules/tome/data/gfx/shockbolt/npc/horror_aquatic_swarming_horror.png,shockbolt/npc/horror_aquatic_swarming_horror.png,shockbolt/npc,game,/data/gfx/shockbolt/npc/horror_aquatic_swarming_horror.png,.png,8445,7b13e650d09fb7c49d9f051ef6e66d8439aa30c0575f5d47ed2c0dbaef06d6c9,64,128,1,RGBA,True,False,32768,a29b00228bfbea65a706e2b871ddc6ca766c225df3b6a8dfc02057956740b212
base,game/modules/tome/data/gfx/shockbolt/npc/horror_corrupted_brecklorn.png,shockbolt/npc/horror_corrupted_brecklorn.png,shockbolt/npc,game,/data/gfx/shockbolt/npc/horror_corrupted_brecklorn.png,.png,8113,edf5d7a1ab7a53fc4fd306d5e627ce5219c3eb1be349cd040c79680a05f7affd,64,64,1,RGBA,True,False,16384,ff15ed68bb234b4df490dc6fcb688cecba7bf595efe63499ddd97cd72773adfa
base,game/modules/tome/data/gfx/shockbolt/npc/horror_corrupted_drem.png,shockbolt/npc/horror_corrupted_drem.png,shockbolt/npc,game,/data/gfx/shockbolt/npc/horror_corrupted_drem.png,.png,9122,0b8983be6f0109320997a3d639c24b64ad71648e1da30399a02db3858405a3a0,64,128,1,RGBA,True,False,32768,4359d59eae9bb0d7cec2d50a60324ec9c034f44b57c60ae390c90881890b7ba3
base,game/modules/tome/data/gfx/shockbolt/npc/horror_corrupted_drem_master.png,shockbolt/npc/horror_corrupted_drem_master.png,shockbolt/npc,game,/data/gfx/shockbolt/npc/horror_corrupted_drem_master.png,.png,7693,891ab12d8c157a71a318aace5014dcb4bd0bbfcd67c72de3de3dcd9ba4e6b8e6,64,64,1,RGBA,True,False,16384,4d0dccabe739db42549ab5156cae403d9268fdbbe50f2c72e4840400ce7141e1
base,game/modules/tome/data/gfx/shockbolt/npc/horror_corrupted_dremling.png,shockbolt/npc/horror_corrupted_dremling.png,shockbolt/npc,game,/data/gfx/shockbolt/npc/horror_corrupted_dremling.png,.png,8598,bf72ace3b0d583802fe7ed30d758b04e6c27d1407d4d196a6790ae322224adb3,64,64,1,RGBA,True,False,16384,fe5081a068149af2c155397e612449686212e1963cb0c82f4fedededf416b692
base,game/modules/tome/data/gfx/shockbolt/npc/horror_corrupted_grannor_vin.png,shockbolt/npc/horror_corrupted_grannor_vin.png,shockbolt/npc,game,/data/gfx/shockbolt/npc/horror_corrupted_grannor_vin.png,.png,9019,bb07e3f90d6b8ec469d970382b3a0f0a1b0622a3680e5f3458c8e23af0df0c11,64,64,1,RGBA,True,False,16384,08f2164983e16072254896f80a283b4dc74796a6ece4ecab994ae98f5b692342
base,game/modules/tome/data/gfx/shockbolt/npc/horror_corrupted_grannor_vor.png,shockbolt/npc/horror_corrupted_grannor_vor.png,shockbolt/npc,game,/data/gfx/shockbolt/npc/horror_corrupted_grannor_vor.png,.png,9286,ece74f7e47ea4a2c4a86aa2d49faa4a5ef7a819ed92f85e6e40b40f316cb718a,64,64,1,RGBA,True,False,16384,06a99d3b3bc723a220a6402bdb32dbf5beff4146c4f46d451fca86ca55d09642
base,game/modules/tome/data/gfx/shockbolt/npc/horror_corrupted_horner_horror.png,shockbolt/npc/horror_corrupted_horner_horror.png,shockbolt/npc,game,/data/gfx/shockbolt/npc/horror_corrupted_horner_horror.png,.png,13667,86e53e1cf65fe20d2108ee0b89c304a90a0a11b7cc35b3970ca1f4092c8de923,64,128,1,RGBA,True,False,32768,5968851a15c7a2bb0a107f7ee427712d0861dfbee8af1d54dd6cf27c45fb20fd
base,game/modules/tome/data/gfx/shockbolt/npc/horror_corrupted_slimy_crawler.png,shockbolt/npc/horror_corrupted_slimy_crawler.png,shockbolt/npc,game,/data/gfx/shockbolt/npc/horror_corrupted_slimy_crawler.png,.png,7255,9ea51589eca9d5d9b1e9bfec08ddc14ca39ded66707b43d83564699d063d2eca,64,64,1,RGBA,True,False,16384,88ccede9a2e7a8e37eec7e11fb5c5abfacdec6123d9447fe5b5ac97ed56958ce
base,game/modules/tome/data/gfx/shockbolt/npc/horror_corrupted_the_abomination.png,shockbolt/npc/horror_corrupted_the_abomination.png,shockbolt/npc,game,/data/gfx/shockbolt/npc/horror_corrupted_the_abomination.png,.png,13971,5b8c4d594311b5db4c168df2f6f59bdf40420340f67fe9ecf76f4a1c5784f4b6,64,128,1,RGBA,True,False,32768,64c9a72f942e29c217e782b3ac2aa33202f155232f7a54685f3a8564c10ff44b
base,game/modules/tome/data/gfx/shockbolt/npc/horror_corrupted_the_mouth.png,shockbolt/npc/horror_corrupted_the_mouth.png,shockbolt/npc,game,/data/gfx/shockbolt/npc/horror_corrupted_the_mouth.png,.png,13471,bffd88e93164f66958c37cc2c0b75d7d6525f9c7b1e0acd0feeec4d37bbcb0a0,64,128,1,RGBA,True,False,32768,14bbdd25205b9e4609df7d105ecccc000c18d06af63eaaca4eca8e2d0d619ec5
base,game/modules/tome/data/gfx/shockbolt/npc/horror_eldritch_ak_gishil.png,shockbolt/npc/horror_eldritch_ak_gishil.png,shockbolt/npc,game,/data/gfx/shockbolt/npc/horror_eldritch_ak_gishil.png,.png,9266,e1f9d23c2a525c2f1281f9e2542fa8c01bb10f0a518be8a1ca6cb6b611c8844e,64,128,1,RGBA,True,False,32768,bb66b9bd96f456104fbb05bc36bb7aba416870ca9ae1b542164c21d9d29a93dd
base,game/modules/tome/data/gfx/shockbolt/npc/horror_eldritch_blade_horror.png,shockbolt/npc/horror_eldritch_blade_horror.png,shockbolt/npc,game,/data/gfx/shockbolt/npc/horror_eldritch_blade_horror.png,.png,17880,9c95428119f9a3987f61b9485304197d76a18800223a86d95e36743f7969a5e7,64,128,1,RGBA,True,False,32768,f04336e926dc52c223b1f5fbc2c0f382a2df5ec73994130b79cae7834a729836
base,game/modules/tome/data/gfx/shockbolt/npc/horror_eldritch_bloated_horror.png,shockbolt/npc/horror_eldritch_bloated_horror.png,shockbolt/npc,game,/data/gfx/shockbolt/npc/horror_eldritch_bloated_horror.png,.png,8975,0843b9fc5533d77359e771f597937b17636ea90d3441cbf1a2cd82bfff6a1415,64,64,1,RGBA,True,False,16384,090681f363918251bc90978f392b435c5ded2726687a70b5659cfc41ccb07466
base,game/modules/tome/data/gfx/shockbolt/npc/horror_eldritch_devourer.png,shockbolt/npc/horror_eldritch_devourer.png,shockbolt/npc,game,/data/gfx/shockbolt/npc/horror_eldritch_devourer.png,.png,7973,2a6a68a9d7714094657d6130cebb4dfa5e3fb639c69b58cb859c496c5581112e,64,64,1,RGBA,True,False,16384,38974c1b20f20843931258a4b5d98f86a2d40fa09434fdcf05a31c06521b694c
base,game/modules/tome/data/gfx/shockbolt/npc/horror_eldritch_dream_seed.png,shockbolt/npc/horror_eldritch_dream_seed.png,shockbolt/npc,game,/data/gfx/shockbolt/npc/horror_eldritch_dream_seed.png,.png,4726,d97975fbcf3d82fbaae9f48acd0f44fa47e3394dcd599e3b22256ececa58ddeb,64,64,1,RGBA,True,False,16384,c2c83ba3df4b8800844001d96a6921da37858bde84abb0e6797e0b258974b3ca
base,game/modules/tome/data/gfx/shockbolt/npc/horror_eldritch_dreaming_horror.png,shockbolt/npc/horror_eldritch_dreaming_horror.png,shockbolt/npc,game,/data/gfx/shockbolt/npc/horror_eldritch_dreaming_horror.png,.png,13684,8c75e3415bcd5d58d703cf89925f92f84608d3d227fd85becca43e28d0342d02,64,128,1,RGBA,True,False,32768,f1affce651d5dda5ff005ab0ca0587b969f18314131904d85dd089d91d793460
base,game/modules/tome/data/gfx/shockbolt/npc/horror_eldritch_eldritch_eye.png,shockbolt/npc/horror_eldritch_eldritch_eye.png,shockbolt/npc,game,/data/gfx/shockbolt/npc/horror_eldritch_eldritch_eye.png,.png,5360,55f9e634302e23102dba676d6c04b232d8d38f261d2f675fcf9298b663df5463,64,64,1,RGBA,True,False,16384,a1bd50432df8ee75fdee934bb537c11302a320f35c9cf169bf2607b8a46bfe97
base,game/modules/tome/data/gfx/shockbolt/npc/horror_eldritch_grgglck.png,shockbolt/npc/horror_eldritch_grgglck.png,shockbolt/npc,game,/data/gfx/shockbolt/npc/horror_eldritch_grgglck.png,.png,19309,1b105dc0a37b318f8b339096e4e6ecf31e6b9ac76ae5578d0cdfd7a46cabec40,64,128,1,RGBA,True,False,32768,d9e61dbc872d98edf477e0a2f825db10e05a37429e6b25083fe198012615f6a7
base,game/modules/tome/data/gfx/shockbolt/npc/horror_eldritch_grgglck_s_tentacle.png,shockbolt/npc/horror_eldritch_grgglck_s_tentacle.png,shockbolt/npc,game,/data/gfx/shockbolt/npc/horror_eldritch_grgglck_s_tentacle.png,.png,7747,b3e160e1a06ee383e6eb666bced984acf8d351eae07d5e7173980c9eaba25e38,64,64,1,RGBA,True,False,16384,d3fbde5d3dba397371ebb3a986a7e8e66838565752bf26255f9453de074d6927
base,game/modules/tome/data/gfx/shockbolt/npc/horror_eldritch_headless_horror.png,shockbolt/npc/horror_eldritch_headless_horror.png,shockbolt/npc,game,/data/gfx/shockbolt/npc/horror_eldritch_headless_horror.png,.png,7648,c60628a7cd231e628f92ffb0f3338509aee0b7d69e9469b6de0382e73efb1e24,64,64,1,RGBA,True,False,16384,5bb193113a18769d6a7ab459c03ef3554d5b4cc7afa9bb0967da54f65f39b206
base,game/modules/tome/data/gfx/shockbolt/npc/horror_eldritch_luminous_horror.png,shockbolt/npc/horror_eldritch_luminous_horror.png,shockbolt/npc,game,/data/gfx/shockbolt/npc/horror_eldritch_luminous_horror.png,.png,5622,74429cc73d28cf3cad2d83f3c83bb1242564a8fdb927128ed14c323a92947da9,64,64,1,RGBA,True,False,16384,9c025bc3dce82c7252570d746a44c32081a2d6d1aa017be846c8307f3ce4ee92
base,game/modules/tome/data/gfx/shockbolt/npc/horror_eldritch_maelstrom.png,shockbolt/npc/horror_eldritch_maelstrom.png,shockbolt/npc,game,/data/gfx/shockbolt/npc/horror_eldritch_maelstrom.png,.png,42028,f38bd106880411e7e0bcbf653f5bf3a7f78e494bdf502a25fdda2e5c1929edb5,64,128,1,RGBA,True,False,32768,3a5822fa013ed34b291ff6db991083e8fe991281218ccd64868557def4700a9e
base,game/modules/tome/data/gfx/shockbolt/npc/horror_eldritch_mass_of_parasitic_leeches.png,shockbolt/npc/horror_eldritch_mass_of_parasitic_leeches.png,shockbolt/npc,game,/data/gfx/shockbolt/npc/horror_eldritch_mass_of_parasitic_leeches.png,.png,7832,9ba1d2576e8e55fd1c58d949cd1253f8c931db26e0738d5cd46df4e97d9a99be,64,64,1,RGBA,True,False,16384,0203284f0aaca4d07df1fba4076ffa9b0c424085fb21e2432f640086e16d5607
base,game/modules/tome/data/gfx/shockbolt/npc/horror_eldritch_nightmare_horror.png,shockbolt/npc/horror_eldritch_nightmare_horror.png,shockbolt/npc,game,/data/gfx/shockbolt/npc/horror_eldritch_nightmare_horror.png,.png,10553,253388750f26cfa35ae894bb7cc4c5e6b4aea0d82c092dcea1cc874af12ac3ff,64,64,1,RGBA,True,False,16384,7530b53b1ff9823b2fe9d1fd5463890718f64531f5d126c25d2f27204e282020
base,game/modules/tome/data/gfx/shockbolt/npc/horror_eldritch_oozing_horror.png,shockbolt/npc/horror_eldritch_oozing_horror.png,shockbolt/npc,game,/data/gfx/shockbolt/npc/horror_eldritch_oozing_horror.png,.png,9029,cd9162ca321b9df4166ab5b213be767572dd876a7d6125ad4d2e480f0ba2eecc,64,64,1,RGBA,True,False,16384,8b74b616b9de39c69d07f0668d746af23816fff1dc512480e55f935fd034df0f
base,game/modules/tome/data/gfx/shockbolt/npc/horror_eldritch_parasitic_horror.png,shockbolt/npc/horror_eldritch_parasitic_horror.png,shockbolt/npc,game,/data/gfx/shockbolt/npc/horror_eldritch_parasitic_horror.png,.png,10702,b3847a744fa391c67c72a197da59005eb929712c17b4fb2cb378f091a9dcf937,64,128,1,RGBA,True,False,32768,77c11fc71a6d4b1b776d1b40894ddc7847aa7f96b1cdf0a0c861a38b2ad92eb6
base,game/modules/tome/data/gfx/shockbolt/npc/horror_eldritch_radiant_horror.png,shockbolt/npc/horror_eldritch_radiant_horror.png,shockbolt/npc,game,/data/gfx/shockbolt/npc/horror_eldritch_radiant_horror.png,.png,5398,3e53e13695e2d7f0aa06c87157b7acc1da68a9bd5d91ffc3565fe317d84a722c,64,64,1,RGBA,True,False,16384,ccc6ee152a0a6dde9d334d438d7cf25a509953d747f47bd6cc7da1c2676d1366
base,game/modules/tome/data/gfx/shockbolt/npc/horror_eldritch_umbral_horror.png,shockbolt/npc/horror_eldritch_umbral_horror.png,shockbolt/npc,game,/data/gfx/shockbolt/npc/horror_eldritch_umbral_horror.png,.png,4710,79d963c5ed886a94817fa04eb4f09b94109a731e8b3b37e10dc121eda38bbde6,64,128,1,RGBA,True,False,32768,8065d60757d43dd3c57d480e4803159c25414a3395f7176e8ee85461219c5a37
base,game/modules/tome/data/gfx/shockbolt/npc/horror_eldritch_weirdling_beast.png,shockbolt/npc/horror_eldritch_weirdling_beast.png,shockbolt/npc,game,/data/gfx/shockbolt/npc/horror_eldritch_weirdling_beast.png,.png,10692,ccc6dbd506fc546694a2ff7494717765fa920d27fc573b7aa30a3c6a36b45f76,64,64,1,RGBA,True,False,16384,2d714d45d177bb372a762221cf69b4529c1a1f30e668c7692a44dd9a477fceea
base,game/modules/tome/data/gfx/shockbolt/npc/horror_eldritch_worm_that_walks.png,shockbolt/npc/horror_eldritch_worm_that_walks.png,shockbolt/npc,game,/data/gfx/shockbolt/npc/horror_eldritch_worm_that_walks.png,.png,8069,6f82314d9ad3b62ea44ed474f7af1219096bb4b7f90d8a778c1c6c23d4a0a1f0,64,64,1,RGBA,True,False,16384,a6fb126891737ebf7a7612472d634a5d19d4a5aa9b7f8fc108d97b106f96b593
base,game/modules/tome/data/gfx/shockbolt/npc/horror_sher_tul_caldizar.png,shockbolt/npc/horror_sher_tul_caldizar.png,shockbolt/npc,game,/data/gfx/shockbolt/npc/horror_sher_tul_caldizar.png,.png,15130,3f9bfad83f8e42c0328571e25a6e92a0ec0aac481adeda740cf7e112e43e9ec2,64,128,1,RGBA,True,False,32768,79b50c0e6f4e2920d4764142e64f556dbdce451a7e31300fd491e505f90284da
base,game/modules/tome/data/gfx/shockbolt/npc/horror_sher_tul_fortress_shadow.png,shockbolt/npc/horror_sher_tul_fortress_shadow.png,shockbolt/npc,game,/data/gfx/shockbolt/npc/horror_sher_tul_fortress_shadow.png,.png,10201,48ed9c0ab7f75c4318509991071a3f690402b141067aacc9aae0937c62db2075,64,64,1,RGBA,True,False,16384,a20e82809b983176e47b4adc02e1b5b95f9fcc026f8530cfe10c1c692046b87f
base,game/modules/tome/data/gfx/shockbolt/npc/horror_temporal_cronolith_clone.png,shockbolt/npc/horror_temporal_cronolith_clone.png,shockbolt/npc,game,/data/gfx/shockbolt/npc/horror_temporal_cronolith_clone.png,.png,12053,619d82b773f4fd6975c6c7ee0ccc0f1024cd5259daf5307ea048c9a86b2b39bf,64,128,1,RGBA,True,False,32768,a59dd92d9c6d4b38f281acdbf3627a5d65967cc6978db7e48f50c4d30fe590fb
base,game/modules/tome/data/gfx/shockbolt/npc/horror_temporal_cronolith_twin.png,shockbolt/npc/horror_temporal_cronolith_twin.png,shockbolt/npc,game,/data/gfx/shockbolt/npc/horror_temporal_cronolith_twin.png,.png,11682,02c3a5650b17c835528c605f4ae1a2208d162b19c49010061de458bea8e0357e,64,128,1,RGBA,True,False,32768,ad9bb7aa9d07e578f3bb95215d89ca6fbde76c0e4e28d91dece3b2d7eddd2417
base,game/modules/tome/data/gfx/shockbolt/npc/horror_temporal_dredge.png,shockbolt/npc/horror_temporal_dredge.png,shockbolt/npc,game,/data/gfx/shockbolt/npc/horror_temporal_dredge.png,.png,7695,a620da334ebb9d41628a476e95a0a52b44d0ccaa3c51d9f6e379e0bd96b1382e,64,64,1,RGBA,True,False,16384,685320cad20fa54b5ea9f3617fa2a88b35f7b9134c741243fc7802a07a7d020b
base,game/modules/tome/data/gfx/shockbolt/npc/horror_temporal_dredge_captain.png,shockbolt/npc/horror_temporal_dredge_captain.png,shockbolt/npc,game,/data/gfx/shockbolt/npc/horror_temporal_dredge_captain.png,.png,8961,82b0f0857a18b729aa5a0ebf8bcbf35f309bbd8baba1b6f487e340662a7bd810,64,64,1,RGBA,True,False,16384,22933759773e4b1572877ab811cbaf3374799971e2a79d206c915d67cbe3cfa6
base,game/modules/tome/data/gfx/shockbolt/npc/horror_temporal_dredgling.png,shockbolt/npc/horror_temporal_dredgling.png,shockbolt/npc,game,/data/gfx/shockbolt/npc/horror_temporal_dredgling.png,.png,8305,989c877f53bfd07c2798160dca3efea03f2af231fd587b83ccc33ac71d2bba04,64,64,1,RGBA,True,False,16384,a2ea7ae0f539f9c76e733b8c6b2c22ee706a56524a0cf79e2c5f6ecbfebfebf5
base,game/modules/tome/data/gfx/shockbolt/npc/horror_temporal_temporal_defiler.png,shockbolt/npc/horror_temporal_temporal_defiler.png,shockbolt/npc,game,/data/gfx/shockbolt/npc/horror_temporal_temporal_defiler.png,.png,26502,206c35afda8819be0cf6c9f826438ed3d187d0c653a6ebe7cfb2401152f5092c,64,128,1,RGBA,True,False,32768,7873689dd0172417d169d1117a4f8700906e548feb68c675c714c7bc269c46d8
base,game/modules/tome/data/gfx/shockbolt/npc/horror_temporal_temporal_stalker.png,shockbolt/npc/horror_temporal_temporal_stalker.png,shockbolt/npc,game,/data/gfx/shockbolt/npc/horror_temporal_temporal_stalker.png,.png,8835,03675b64da5e33c46d586a2beba6a7d77cec183a90f332193bf412c8b420439f,64,128,1,RGBA,True,False,32768,a8fc15e4e56d3365b00504617af1dc038bc6a709b0305fae7d5c603d02db5ac3
base,game/modules/tome/data/gfx/shockbolt/npc/horror_temporal_void_horror.png,shockbolt/npc/horror_temporal_void_horror.png,shockbolt/npc,game,/data/gfx/shockbolt/npc/horror_temporal_void_horror.png,.png,6251,7ea99d94fc006efe42782034e3996d35da19106358ca3681df579083720a081f,64,64,1,RGBA,True,False,16384,3cff19ba29170934956d7ee2068b40391356121a6a14ab79baa0b07195512e11
base,game/modules/tome/data/gfx/shockbolt/npc/hostile_humanoid_adventurers_party.png,shockbolt/npc/hostile_humanoid_adventurers_party.png,shockbolt/npc,game,/data/gfx/shockbolt/npc/hostile_humanoid_adventurers_party.png,.png,9306,890a694059b00cb117dab155e2b2d0d990180a8f160994cd55ec6ba9dae55557,64,64,1,RGBA,True,False,16384,4463627e4f07200ec7308bc9641cc73a53ced4197ef7c82ed8ce278ff608c310
base,game/modules/tome/data/gfx/shockbolt/npc/hostile_humanoid_ziguranth_patrol.png,shockbolt/npc/hostile_humanoid_ziguranth_patrol.png,shockbolt/npc,game,/data/gfx/shockbolt/npc/hostile_humanoid_ziguranth_patrol.png,.png,9477,bf735b62f6337177d614ffb5545f163964a6302ec76bc537c28272cfeffc2d10,64,64,1,RGBA,True,False,16384,4e6bb10214325ca9a1bf563244667a828fdb975e5ad12b4740227fc21464818f
base,game/modules/tome/data/gfx/shockbolt/npc/humanoid_dwarf_dwarven_earthwarden.png,shockbolt/npc/humanoid_dwarf_dwarven_earthwarden.png,shockbolt/npc,game,/data/gfx/shockbolt/npc/humanoid_dwarf_dwarven_earthwarden.png,.png,7991,e364181945424288f30a16a6ff0d5b5f7c4476ea749861f69e9e8d5784894e40,64,64,1,RGBA,True,False,16384,cf30c7b2cc2e2c0335232b358934104ddd4313f8a63d2e8e808e56031a81f4f0
base,game/modules/tome/data/gfx/shockbolt/npc/humanoid_dwarf_dwarven_guard.png,shockbolt/npc/humanoid_dwarf_dwarven_guard.png,shockbolt/npc,game,/data/gfx/shockbolt/npc/humanoid_dwarf_dwarven_guard.png,.png,8736,35968cee95f883b65342a480a2a7bb7af7cbfc730ad2b07260bf4d9ef4875a45,64,64,1,RGBA,True,False,16384,da577411d6de13da750519599b241bf408a23195d68896b61ecd8fc68a41c15e
base,game/modules/tome/data/gfx/shockbolt/npc/humanoid_dwarf_dwarven_paddlestriker.png,shockbolt/npc/humanoid_dwarf_dwarven_paddlestriker.png,shockbolt/npc,game,/data/gfx/shockbolt/npc/humanoid_dwarf_dwarven_paddlestriker.png,.png,7925,125cbf8a245a101ecd2438880cd78cbfdd2f0d698fc7cb735e70f1acbe2e212a,64,64,1,RGBA,True,False,16384,38e120fc67d8b0824579c7dbbb9b548e1f9008018e3712181b16d98ed8049fe2
base,game/modules/tome/data/gfx/shockbolt/npc/humanoid_dwarf_dwarven_summoner.png,shockbolt/npc/humanoid_dwarf_dwarven_summoner.png,shockbolt/npc,game,/data/gfx/shockbolt/npc/humanoid_dwarf_dwarven_summoner.png,.png,9710,fd5bf531732ec1758da7a706e624d8c1970dbe62987dfc928f0b471b00991444,64,64,1,RGBA,True,False,16384,6f530f696d624d0df7f32a294716188eb1db8c75b560e8852dd85ae413534dc3
base,game/modules/tome/data/gfx/shockbolt/npc/humanoid_dwarf_lumberjack.png,shockbolt/npc/humanoid_dwarf_lumberjack.png,shockbolt/npc,game,/data/gfx/shockbolt/npc/humanoid_dwarf_lumberjack.png,.png,8647,0090e5d599673ba3ed9ed65c4f752ee3aee6e4c19f5571c27a046489f475dc7f,64,64,1,RGBA,True,False,16384,6a3e8c84a4c6ad31f7333d3aa45bdcf4251c0e287d77f02c4ad098075518351c
base,game/modules/tome/data/gfx/shockbolt/npc/humanoid_dwarf_norgan.png,shockbolt/npc/humanoid_dwarf_norgan.png,shockbolt/npc,game,/data/gfx/shockbolt/npc/humanoid_dwarf_norgan.png,.png,10220,50cc3f69c4ede4f4b86d277297bc8090f12f53d0758fe71605db9ceab79b40cb,64,64,1,RGBA,True,False,16384,7a9d318dc5a61a9fe8fb56f113f08ef325cf8fcc17e6619551216d380009844e
base,game/modules/tome/data/gfx/shockbolt/npc/humanoid_dwarf_ziguranth_warrior.png,shockbolt/npc/humanoid_dwarf_ziguranth_warrior.png,shockbolt/npc,game,/data/gfx/shockbolt/npc/humanoid_dwarf_ziguranth_warrior.png,.png,7654,11f2c85c52a119046526b0cb2a12ac5804ca1bc39830ca8f481851cfe62037b0,64,64,1,RGBA,True,False,16384,5c11c9e2afacb06ab83c9c18b336255e74a0a4b93df99f374e9c83a9fa7cb450
base,game/modules/tome/data/gfx/shockbolt/npc/humanoid_elenulach_thief.png,shockbolt/npc/humanoid_elenulach_thief.png,shockbolt/npc,game,/data/gfx/shockbolt/npc/humanoid_elenulach_thief.png,.png,4680,c4427469f9a039392494f9d9cc1598d803da0c2c0021ee3a8bb564dfbfeafe84,64,64,1,RGBA,True,False,16384,ed3c1d51a4f0fe1fe9f3262e0e95e0e591682cda648208e0645c4d706fc11bf8
base,game/modules/tome/data/gfx/shockbolt/npc/humanoid_elf_anorithil.png,shockbolt/npc/humanoid_elf_anorithil.png,shockbolt/npc,game,/data/gfx/shockbolt/npc/humanoid_elf_anorithil.png,.png,8014,befba8c54d063a173ea8dc90322d68a5e2f14864c7bb31705e9ff44ed5cd9782,64,64,1,RGBA,True,False,16384,608f3d223b071975ceffa9b3e542041cb8baa4281c9c4ee5bbf7dc2aacad9026
base,game/modules/tome/data/gfx/shockbolt/npc/humanoid_elf_elven_archer.png,shockbolt/npc/humanoid_elf_elven_archer.png,shockbolt/npc,game,/data/gfx/shockbolt/npc/humanoid_elf_elven_archer.png,.png,7391,7157c7270ab7ce0de0fefcaf2c74e5db02e26b02ba88a28e1528cccf542f3760,64,64,1,RGBA,True,False,16384,d220fb7027ff283c9adec67a3966528b0961f60f1868b9a9feff458b0d7c37b9
base,game/modules/tome/data/gfx/shockbolt/npc/humanoid_elf_elven_sun_mage.png,shockbolt/npc/humanoid_elf_elven_sun_mage.png,shockbolt/npc,game,/data/gfx/shockbolt/npc/humanoid_elf_elven_sun_mage.png,.png,6728,f3ad3dafc8acb7d8626bdc571b857bf97538517d7e847e81395405b2924ae1e7,64,64,1,RGBA,True,False,16384,3615e3e8a12d7b89e59dd2228210abc2008c61001ff945c915a9c98f3b93b85e
base,game/modules/tome/data/gfx/shockbolt/npc/humanoid_elf_fillarel_aldaren.png,shockbolt/npc/humanoid_elf_fillarel_aldaren.png,shockbolt/npc,game,/data/gfx/shockbolt/npc/humanoid_elf_fillarel_aldaren.png,.png,9730,f19113be4ee61a38d489793bf29707fc35e17dea3cbe1fd8ead6c0c278f8b304,64,128,1,RGBA,True,False,32768,dbb79e52a09490ad40dc115da3ef9f80fc9a70e061d8a2756d8b40702da272d4
base,game/modules/tome/data/gfx/shockbolt/npc/humanoid_elf_high_chronomancer_zemekkys.png,shockbolt/npc/humanoid_elf_high_chronomancer_zemekkys.png,shockbolt/npc,game,/data/gfx/shockbolt/npc/humanoid_elf_high_chronomancer_zemekkys.png,.png,7191,706d63187c4943bc5e702ad9a8911046ad2233c656d08b175235128170571409,64,64,1,RGBA,True,False,16384,e071ff1d6cfdb429aafca42b1eb37dfeb0d043f2f0f027a934eadddedde62505
base,game/modules/tome/data/gfx/shockbolt/npc/humanoid_elf_limmir_the_jeweler.png,shockbolt/npc/humanoid_elf_limmir_the_jeweler.png,shockbolt/npc,game,/data/gfx/shockbolt/npc/humanoid_elf_limmir_the_jeweler.png,.png,7000,77dc7b75c3a79faf61ea853f59f1db7160d7634935e0d7f7892ef09d8caee7db,64,64,1,RGBA,True,False,16384,b42125d30fea3743e7ff153b7e622a6c1abf6a2aefc4e9567d776c8a7c1f42d1
base,game/modules/tome/data/gfx/shockbolt/npc/humanoid_elf_star_crusader.png,shockbolt/npc/humanoid_elf_star_crusader.png,shockbolt/npc,game,/data/gfx/shockbolt/npc/humanoid_elf_star_crusader.png,.png,7646,717abc54066d3e544018fa0c19e2b3994a115968a3ee51080fd466986fa45516,64,64,1,RGBA,True,False,16384,c5f8f014f9e7f3ffda6fdcb853c3140868e38f08ac9a0140e4651afdab6f5dc6
base,game/modules/tome/data/gfx/shockbolt/npc/humanoid_female_sluttymaid.png,shockbolt/npc/humanoid_female_sluttymaid.png,shockbolt/npc,game,/data/gfx/shockbolt/npc/humanoid_female_sluttymaid.png,.png,5681,f835f5865a89bf866645509178a6f51870140847e86485e6a39aaa0737843ad5,64,128,1,RGBA,True,False,32768,4f719b081688769eba43ed674f13ba6f6b762b04c1b9330529647726d8e1c7d2
base,game/modules/tome/data/gfx/shockbolt/npc/humanoid_halfling_agrimley_the_hermit.png,shockbolt/npc/humanoid_halfling_agrimley_the_hermit.png,shockbolt/npc,game,/data/gfx/shockbolt/npc/humanoid_halfling_agrimley_the_hermit.png,.png,6575,83417e400a079c39c88920869c08b459695775ac81bc3ce8a22d9b41836874ad,64,64,1,RGBA,True,False,16384,68274dbf8206207a775c5de191a180a1c91ae7b1d110ee0e16ddfa5b94f3bca2
base,game/modules/tome/data/gfx/shockbolt/npc/humanoid_halfling_derth_guard.png,shockbolt/npc/humanoid_halfling_derth_guard.png,shockbolt/npc,game,/data/gfx/shockbolt/npc/humanoid_halfling_derth_guard.png,.png,6076,1eef61b8021db6e0dc60d06e97ff0e16807318e82a056ae40c0467723d47fa3b,64,64,1,RGBA,True,False,16384,a6e692e8a8eb6f3264a8e4e21dd1164295185b958e2433d46f2edbf8e5f6cfd2
base,game/modules/tome/data/gfx/shockbolt/npc/humanoid_halfling_halfling_citizen.png,shockbolt/npc/humanoid_halfling_halfling_citizen.png,shockbolt/npc,game,/data/gfx/shockbolt/npc/humanoid_halfling_halfling_citizen.png,.png,6331,587fce59305ec28f8ca89b4cd487dbbe901c7febceef6928e5844a6e1adb1f1c,64,64,1,RGBA,True,False,16384,abdc64061f711acc1ce0dbce386eb0d6f6eb398d4214161062da978a55344b5b
base,game/modules/tome/data/gfx/shockbolt/npc/humanoid_halfling_halfling_gardener.png,shockbolt/npc/humanoid_halfling_halfling_gardener.png,shockbolt/npc,game,/data/gfx/shockbolt/npc/humanoid_halfling_halfling_gardener.png,.png,6637,642d7c2fb610f0e06caa21e386b09ce4539d4bc7c1721d0f1bea89d6cdee0a9d,64,64,1,RGBA,True,False,16384,b2fab73bd386cb9efd102274f200d469e71f289a24211fed1a19b33de9f05a9a
base,game/modules/tome/data/gfx/shockbolt/npc/humanoid_halfling_halfling_guard.png,shockbolt/npc/humanoid_halfling_halfling_guard.png,shockbolt/npc,game,/data/gfx/shockbolt/npc/humanoid_halfling_halfling_guard.png,.png,7102,855af3c54e38e90b9c76fa4ff6b3b41a94e06da857a76916f6f1fbc06dd6b855,64,64,1,RGBA,True,False,16384,82657227c53c120d71edd053903f5555744193364512e4cd381e7abfa3b47730
base,game/modules/tome/data/gfx/shockbolt/npc/humanoid_halfling_halfling_slinger.png,shockbolt/npc/humanoid_halfling_halfling_slinger.png,shockbolt/npc,game,/data/gfx/shockbolt/npc/humanoid_halfling_halfling_slinger.png,.png,7604,4e91b0bd10746b924f975a10511793b401b98f54c3de81adb4d3d08976ff3367,64,64,1,RGBA,True,False,16384,5ce0e0523b2cb9a6d089eb11e436c3ee4c5ecaf24141cb3bb9c14325126b1ff6
base,game/modules/tome/data/gfx/shockbolt/npc/humanoid_halfling_master_slinger.png,shockbolt/npc/humanoid_halfling_master_slinger.png,shockbolt/npc,game,/data/gfx/shockbolt/npc/humanoid_halfling_master_slinger.png,.png,7687,00864a254a7f0a0a7662218d907d93d1d92a1e47e691e3f2b5ac03b4b025e0e4,64,64,1,RGBA,True,False,16384,c68721e383c88761ec57a1f6785a4e353661466eb39131f223c3e7a16229501c
base,game/modules/tome/data/gfx/shockbolt/npc/humanoid_halfling_protector_myssil.png,shockbolt/npc/humanoid_halfling_protector_myssil.png,shockbolt/npc,game,/data/gfx/shockbolt/npc/humanoid_halfling_protector_myssil.png,.png,7158,263128c8a6937e2b0f56e8e2c51943d0d65d2854326eb716d1b2ce66e3532512,64,64,1,RGBA,True,False,16384,9671829fb242e9b3a3ec630c9bc45afdf425614df4f5b58b5ba3d417bfea141c
base,game/modules/tome/data/gfx/shockbolt/npc/humanoid_halfling_sm_halfling.png,shockbolt/npc/humanoid_halfling_sm_halfling.png,shockbolt/npc,game,/data/gfx/shockbolt/npc/humanoid_halfling_sm_halfling.png,.png,7231,229fb5933e94132097869983180cea74758fa2b78a8d42d548faae792c12526b,64,64,1,RGBA,True,False,16384,79fcc6cc802ec08d62c377852f97e5f396093db8b9eb56adae56c1d989a07563
base,game/modules/tome/data/gfx/shockbolt/npc/humanoid_human_alchemist.png,shockbolt/npc/humanoid_human_alchemist.png,shockbolt/npc,game,/data/gfx/shockbolt/npc/humanoid_human_alchemist.png,.png,5896,f0ac4549e87399afee28c1bdd1c547226a0676e1ca0d3a11b9c1f7adc76b30f3,64,64,1,RGBA,True,False,16384,c8d428ce23febc5ad48f9ab377b67071e163fa1fe93670c0e39b08a74f72ac11
base,game/modules/tome/data/gfx/shockbolt/npc/humanoid_human_aluin_the_fallen.png,shockbolt/npc/humanoid_human_aluin_the_fallen.png,shockbolt/npc,game,/data/gfx/shockbolt/npc/humanoid_human_aluin_the_fallen.png,.png,5943,a5a8124cd1f55267c36283fe47f04665c6a1e5dd8844235bc4f587ddaca7e980,64,64,1,RGBA,True,False,16384,ebc2ad0572f53e2714f6ecc11c7fe7b7b892b6bc64e548de62564a2606e74ef5
base,game/modules/tome/data/gfx/shockbolt/npc/humanoid_human_apprentice_mage.png,shockbolt/npc/humanoid_human_apprentice_mage.png,shockbolt/npc,game,/data/gfx/shockbolt/npc/humanoid_human_apprentice_mage.png,.png,5191,f5ec3661ed1638a06e4d30f1c79d961c243f8551c75803e5316fe79682dd66ab,64,64,1,RGBA,True,False,16384,9bee0fc3d17775d83c4d0140e70205be743f37d5bcdd35bbeca7a4c9d58d1c24
base,game/modules/tome/data/gfx/shockbolt/npc/humanoid_human_arcane_blade.png,shockbolt/npc/humanoid_human_arcane_blade.png,shockbolt/npc,game,/data/gfx/shockbolt/npc/humanoid_human_arcane_blade.png,.png,8532,8a3c4cd2989b516b942c587b8fe98d4aa0bcdf7c8e11b7f69924beeb946981bd,64,64,1,RGBA,True,False,16384,4c52176db2a792e0fc05bff58958a7387544a4f99d7ccaf522302bf6652648df
base,game/modules/tome/data/gfx/shockbolt/npc/humanoid_human_argoniel.png,shockbolt/npc/humanoid_human_argoniel.png,shockbolt/npc,game,/data/gfx/shockbolt/npc/humanoid_human_argoniel.png,.png,13256,5ab342fdfb1fc2598350dd6509e0e18db6e25ceef3dfcf17ad1b56a83ea4d482,64,128,1,RGBA,True,False,32768,e24e0b1991fdd3ae7f5ade2747169385083cc5f566b235430698abfba636e283
base,game/modules/tome/data/gfx/shockbolt/npc/humanoid_human_assassin.png,shockbolt/npc/humanoid_human_assassin.png,shockbolt/npc,game,/data/gfx/shockbolt/npc/humanoid_human_assassin.png,.png,6279,4a981932df3ecc27f104e427dac918e69c7a8718c44e7d96e809f60b67c1d6bf,64,64,1,RGBA,True,False,16384,5c92c5aa842e1ae01459772d3f622e84b32e72de29a7607d49d50bd7c52835c7
base,game/modules/tome/data/gfx/shockbolt/npc/humanoid_human_assassin_lord.png,shockbolt/npc/humanoid_human_assassin_lord.png,shockbolt/npc,game,/data/gfx/shockbolt/npc/humanoid_human_assassin_lord.png,.png,6618,d435c7adab8658846c5502a7f2d988140d087fdd5ca19ada70e4a3fabedbd86d,64,64,1,RGBA,True,False,16384,da4ebce93eda806393516fe5ad1390e746162afc181d93c33d20cee72cf194f1
base,game/modules/tome/data/gfx/shockbolt/npc/humanoid_human_bandit.png,shockbolt/npc/humanoid_human_bandit.png,shockbolt/npc,game,/data/gfx/shockbolt/npc/humanoid_human_bandit.png,.png,7068,bdc348190cf8f67f6d0a7805bfdb2e0d05d91c995001585aa8f82d0104e79feb,64,64,1,RGBA,True,False,16384,0c01b3bed1bae50beb65fb32ec0a3ae4f85d70091f5983c87d39c99dcd0d186f
base,game/modules/tome/data/gfx/shockbolt/npc/humanoid_human_bandit_lord.png,shockbolt/npc/humanoid_human_bandit_lord.png,shockbolt/npc,game,/data/gfx/shockbolt/npc/humanoid_human_bandit_lord.png,.png,5146,3d2aec7fb7299029eac4ceab021411741511d22a6ebc87815772efafb49d2a72,64,64,1,RGBA,True,False,16384,8135ba678163a086fd9416f284455a412d832a8e498092400001ef4884ba3b45
base,game/modules/tome/data/gfx/shockbolt/npc/humanoid_human_ben_cruthdar__the_cursed.png,shockbolt/npc/humanoid_human_ben_cruthdar__the_cursed.png,shockbolt/npc,game,/data/gfx/shockbolt/npc/humanoid_human_ben_cruthdar__the_cursed.png,.png,7594,ac786de0eebd1b55f0a60458c3e8d88f06cde9c46c395563fce510a7388cc99c,64,64,1,RGBA,True,False,16384,7e790be1ec162f73f9c7605ff23567b5ffa298f7912b52e70c48e0bbd866b94a
base,game/modules/tome/data/gfx/shockbolt/npc/humanoid_human_blood_mage.png,shockbolt/npc/humanoid_human_blood_mage.png,shockbolt/npc,game,/data/gfx/shockbolt/npc/humanoid_human_blood_mage.png,.png,6125,8859641e42e3a851a935f6308f5fb68107f014b86c1e1da2d85382643492e46d,64,64,1,RGBA,True,False,16384,09225c32a9442a429fa362bfe2cb583cbcf659f2ce724d3c71f4a5cb2ef4e471
base,game/modules/tome/data/gfx/shockbolt/npc/humanoid_human_celia.png,shockbolt/npc/humanoid_human_celia.png,shockbolt/npc,game,/data/gfx/shockbolt/npc/humanoid_human_celia.png,.png,12117,fd5d1b328eb919e38c139921e538b24b1f71c188b8d8621f6285d23d46719976,64,128,1,RGBA,True,False,32768,24a391ffada0b3454ff06639e8269e350fedfdda4063ee29bcf520500f02e7d5
base,game/modules/tome/data/gfx/shockbolt/npc/humanoid_human_cryomancer.png,shockbolt/npc/humanoid_human_cryomancer.png,shockbolt/npc,game,/data/gfx/shockbolt/npc/humanoid_human_cryomancer.png,.png,9271,e5f2203e0734c1fee40987e0454a3437426ca714270efaa0c6be3197382ad704,64,128,1,RGBA,True,False,32768,3328de3e42d284a2afb14ac7fde9887cb8d0db0a1a34b7279204bb3340862ea4
base,game/modules/tome/data/gfx/shockbolt/npc/humanoid_human_cutpurse.png,shockbolt/npc/humanoid_human_cutpurse.png,shockbolt/npc,game,/data/gfx/shockbolt/npc/humanoid_human_cutpurse.png,.png,5995,b73b44a992d2adee37d00ae9b17bfbfc5266ec24587db8a9bfa95abdc0079b39,64,64,1,RGBA,True,False,16384,c2017fbca33619c6aa9f205ab2bcf6cddb10d8c18d1d17910d54bf73de2ae551
base,game/modules/tome/data/gfx/shockbolt/npc/humanoid_human_derth_guard.png,shockbolt/npc/humanoid_human_derth_guard.png,shockbolt/npc,game,/data/gfx/shockbolt/npc/humanoid_human_derth_guard.png,.png,6910,b6b350cc7de29e67bb9a30e4736f36642a0a3df02f5acee50792f216d88af4ff,64,64,1,RGBA,True,False,16384,e095e386ed6ef5d0e4b812a5527cf90444d0d4153e0184c26f63ab0d3f6182ee
base,game/modules/tome/data/gfx/shockbolt/npc/humanoid_human_enthralled_slave.png,shockbolt/npc/humanoid_human_enthralled_slave.png,shockbolt/npc,game,/data/gfx/shockbolt/npc/humanoid_human_enthralled_slave.png,.png,7039,e9ca0b30f99481d457ee0dcb3064a5453096913a7ec2f3582e0beff376ec8dbb,64,64,1,RGBA,True,False,16384,893984388fa2ae582420a6b9b6632d52f61fed5440b8f94e1330ea17bd67edfc
base,game/modules/tome/data/gfx/shockbolt/npc/humanoid_human_fallen_sun_paladin_aeryn.png,shockbolt/npc/humanoid_human_fallen_sun_paladin_aeryn.png,shockbolt/npc,game,/data/gfx/shockbolt/npc/humanoid_human_fallen_sun_paladin_aeryn.png,.png,11121,f819f9f1b0ce3073a070c1f9a312d4042cb268b54828e6a8e06ed98eb572dd1a,64,128,1,RGBA,True,False,32768,ec148708cf1f4bfd41d4ac5e3e2ccb33837c40ab73fdf39981ff07aabda795df
base,game/modules/tome/data/gfx/shockbolt/npc/humanoid_human_fire_wyrmic.png,shockbolt/npc/humanoid_human_fire_wyrmic.png,shockbolt/npc,game,/data/gfx/shockbolt/npc/humanoid_human_fire_wyrmic.png,.png,7799,8a25f465422b733de6f31f2040da738559d3f18ea44aeca138fb8a2023003def,64,64,1,RGBA,True,False,16384,58a186fb295bdd33057553ebb0255456589601dc70212dcbe38024804fca684b
base,game/modules/tome/data/gfx/shockbolt/npc/humanoid_human_fryjia_loren.png,shockbolt/npc/humanoid_human_fryjia_loren.png,shockbolt/npc,game,/data/gfx/shockbolt/npc/humanoid_human_fryjia_loren.png,.png,5740,c821b98d86901a33f0e32c7aee8c19a964c647fb13b572016b08036c15b9967f,64,64,1,RGBA,True,False,16384,094ce296c79f0855d3d5d94695c714ea22448d85b83bb7c53b9c301dd26b8b74
base,game/modules/tome/data/gfx/shockbolt/npc/humanoid_human_geomancer.png,shockbolt/npc/humanoid_human_geomancer.png,shockbolt/npc,game,/data/gfx/shockbolt/npc/humanoid_human_geomancer.png,.png,9489,1b8b2728b143675eb309d9e9e2d1491525420c2b4a2b8d1cd0ceff6e632e805c,64,128,1,RGBA,True,False,32768,256cc3fc1503f46a1956e20b7ac9e97664dddeb4b2afb8deed17e8f126ba4844
base,game/modules/tome/data/gfx/shockbolt/npc/humanoid_human_gladiator.png,shockbolt/npc/humanoid_human_gladiator.png,shockbolt/npc,game,/data/gfx/shockbolt/npc/humanoid_human_gladiator.png,.png,7436,dd27af4b97f99ed16122493d8b54c8a6cbe1c2d11f603fe9b5f016ad4418f3a9,64,64,1,RGBA,True,False,16384,a9f0b1a6bf6879fbe981acf0c7432d80622fa1913aaac21f917fca881d68c6b5
base,game/modules/tome/data/gfx/shockbolt/npc/humanoid_human_great_gladiator.png,shockbolt/npc/humanoid_human_great_gladiator.png,shockbolt/npc,game,/data/gfx/shockbolt/npc/humanoid_human_great_gladiator.png,.png,8347,8bb58761a02d4cebf742b18dc16e27ff9a694bd051343a56f64a8da3fa22ac15,64,128,1,RGBA,True,False,32768,64b31074f8dbf31a974bb776c092b2c6df3df7e8407efe4d24218916b81a4bb1
base,game/modules/tome/data/gfx/shockbolt/npc/humanoid_human_harno__herald_of_last_hope.png,shockbolt/npc/humanoid_human_harno__herald_of_last_hope.png,shockbolt/npc,game,/data/gfx/shockbolt/npc/humanoid_human_harno__herald_of_last_hope.png,.png,4958,743d19787c36d7b8f07f178fb3b3c6d0c8444136e3463c04c45125d80290dcb3,64,64,1,RGBA,True,False,16384,934d430a2a4a1e4ca3b3d9d639aaa4c006a9ac37080b8c7f8a8c708700b1d55e
base,game/modules/tome/data/gfx/shockbolt/npc/humanoid_human_hexer.png,shockbolt/npc/humanoid_human_hexer.png,shockbolt/npc,game,/data/gfx/shockbolt/npc/humanoid_human_hexer.png,.png,4820,be054325647750905e8f14203b2419e667cb7e3211792cb046f57685d641dc69,64,64,1,RGBA,True,False,16384,3da241506a868f5e30f6d9094d584bc0d55b0baaa32d20124415ab826f7f959e
base,game/modules/tome/data/gfx/shockbolt/npc/humanoid_human_high_gladiator.png,shockbolt/npc/humanoid_human_high_gladiator.png,shockbolt/npc,game,/data/gfx/shockbolt/npc/humanoid_human_high_gladiator.png,.png,9036,d333473cb982855cd4d1f1032a30510c9ea868c578d42290479cdbf392c3ac75,64,64,1,RGBA,True,False,16384,3d5ea3bd64aa7d980c0ca18a9101c1cee6c501f20146595ce156c817605100a1
base,game/modules/tome/data/gfx/shockbolt/npc/humanoid_human_high_slinger.png,shockbolt/npc/humanoid_human_high_slinger.png,shockbolt/npc,game,/data/gfx/shockbolt/npc/humanoid_human_high_slinger.png,.png,6378,c4fa94d6654af6afea2a14d3a1817337f6d3fd265adc8494826346ec05916de8,64,64,1,RGBA,True,False,16384,42e46ec4ee99d1a11a4cb856a6e2b6e8e2fbef77e2fe9a2f9011db6d939cac01
base,game/modules/tome/data/gfx/shockbolt/npc/humanoid_human_high_sun_paladin_aeryn.png,shockbolt/npc/humanoid_human_high_sun_paladin_aeryn.png,shockbolt/npc,game,/data/gfx/shockbolt/npc/humanoid_human_high_sun_paladin_aeryn.png,.png,9008,a65dc11ba88a7fefb9ea24ef1c431d04a62efeceb9ad81355887b7ca891026c4,64,128,1,RGBA,True,False,32768,7595727233441d650b5e3086a8bbcaca3146cef5fdc91c4930b77a1fd3fdaf24
base,game/modules/tome/data/gfx/shockbolt/npc/humanoid_human_high_sun_paladin_rodmour.png,shockbolt/npc/humanoid_human_high_sun_paladin_rodmour.png,shockbolt/npc,game,/data/gfx/shockbolt/npc/humanoid_human_high_sun_paladin_rodmour.png,.png,7380,859fbfd28c618acb7bcc955489f4cf5c4c92ef9c593dc56ac96b88ee42e841d4,64,64,1,RGBA,True,False,16384,4f5ee55689b0f92d455f998612fcd639d550a6f3c88670f2a37b605a41c8e886
base,game/modules/tome/data/gfx/shockbolt/npc/humanoid_human_homeless_fighter.png,shockbolt/npc/humanoid_human_homeless_fighter.png,shockbolt/npc,game,/data/gfx/shockbolt/npc/humanoid_human_homeless_fighter.png,.png,9512,626c79bf65a7d3c50f95be2f5a43ca6fabb17d8b73193aa6eff0a9e86ee2dd67,64,64,1,RGBA,True,False,16384,3aa73bbeda3e7ba11288eec9170853d3054dfddf8fbbe2eeb0323398abfdda48
base,game/modules/tome/data/gfx/shockbolt/npc/humanoid_human_human_citizen.png,shockbolt/npc/humanoid_human_human_citizen.png,shockbolt/npc,game,/data/gfx/shockbolt/npc/humanoid_human_human_citizen.png,.png,6056,4565865455c8e4661883a07264ab1d5afc3c034a7bd36602b71501a24a36f771,64,64,1,RGBA,True,False,16384,299b0d3ddf5947d9034c422b82451b2e721afe7bf6fedd9fededf4431011b729
base,game/modules/tome/data/gfx/shockbolt/npc/humanoid_human_human_farmer.png,shockbolt/npc/humanoid_human_human_farmer.png,shockbolt/npc,game,/data/gfx/shockbolt/npc/humanoid_human_human_farmer.png,.png,6781,a833a8a80206df1359b97d6d4fca43bec9f4c566c9e4f71606c5a542da197941,64,64,1,RGBA,True,False,16384,237f6ce56b560ab866d5677dfbf6ec730a7df005a41c42f951daa98d7e7430ce
base,game/modules/tome/data/gfx/shockbolt/npc/humanoid_human_human_guard.png,shockbolt/npc/humanoid_human_human_guard.png,shockbolt/npc,game,/data/gfx/shockbolt/npc/humanoid_human_human_guard.png,.png,6853,2515e9fd8cdaf602062a67b4cf255225a34a62cd08b62ab1490a564440f06a13,64,64,1,RGBA,True,False,16384,5fb5e5cc4bc5affd2e4d665e84eee09fe606e1907823c219b347bc5ae1e4bda2
base,game/modules/tome/data/gfx/shockbolt/npc/humanoid_human_human_sun_paladin.png,shockbolt/npc/humanoid_human_human_sun_paladin.png,shockbolt/npc,game,/data/gfx/shockbolt/npc/humanoid_human_human_sun_paladin.png,.png,6725,f8a6c58f65803e24004b97f3efdde4999ca417beb5d5546770a996106a301106,64,64,1,RGBA,True,False,16384,cc3b762e81eef22fe4f972af1a956de6c1075991eba8cf7cf2850c6f0dea0c5b
base,game/modules/tome/data/gfx/shockbolt/npc/humanoid_human_ice_wyrmic.png,shockbolt/npc/humanoid_human_ice_wyrmic.png,shockbolt/npc,game,/data/gfx/shockbolt/npc/humanoid_human_ice_wyrmic.png,.png,9409,be3d8c4d5888cb8b36c6406fc297fe0942b5fef8dbe17c682df5423c9bf62b98,64,64,1,RGBA,True,False,16384,d8fcdf67b2ae0767cf227d157f764145ae60868b018f34fae9710977088c5441
base,game/modules/tome/data/gfx/shockbolt/npc/humanoid_human_kyless.png,shockbolt/npc/humanoid_human_kyless.png,shockbolt/npc,game,/data/gfx/shockbolt/npc/humanoid_human_kyless.png,.png,13056,2bf327241f38f17dce9c484ec03a94e3f635cae2722465c4a4e3dfd704e24683,64,128,1,RGBA,True,False,32768,c9086e82376670a5b43b1505e655940b504d65fb848c15d885454ba3697f2190
base,game/modules/tome/data/gfx/shockbolt/npc/humanoid_human_last_hope_guard.png,shockbolt/npc/humanoid_human_last_hope_guard.png,shockbolt/npc,game,/data/gfx/shockbolt/npc/humanoid_human_last_hope_guard.png,.png,6971,f075f0e64ac3758ddb25aa4893e64e3a0a7240aaca8a4305b019b20e9b406699,64,64,1,RGBA,True,False,16384,2396685502df9724bf863d8ff392f62b897d2396e3834eaed0fec2a49b097c80
base,game/modules/tome/data/gfx/shockbolt/npc/humanoid_human_linaniil_supreme_archmage.png,shockbolt/npc/humanoid_human_linaniil_supreme_archmage.png,shockbolt/npc,game,/data/gfx/shockbolt/npc/humanoid_human_linaniil_supreme_archmage.png,.png,8673,6a4529a4e17e3007fc6a6b22123096dd452e8cfac4a532f771077078217b052e,64,128,1,RGBA,True,False,32768,106c97823553818ec9ae448517c0370f1017ecfe36e3ea6c267691a757ca7ffc
base,game/modules/tome/data/gfx/shockbolt/npc/humanoid_human_lost_merchant.png,shockbolt/npc/humanoid_human_lost_merchant.png,shockbolt/npc,game,/data/gfx/shockbolt/npc/humanoid_human_lost_merchant.png,.png,6203,2b0973fa7a5fe46a3c31ad4b683e6b80d090b00b762021307e3adc2351e51bb5,64,64,1,RGBA,True,False,16384,d48374cf5676e567c5a75ef09829624f5b719f80546866f38a7180d358cf17a4
base,game/modules/tome/data/gfx/shockbolt/npc/humanoid_human_lumberjack.png,shockbolt/npc/humanoid_human_lumberjack.png,shockbolt/npc,game,/data/gfx/shockbolt/npc/humanoid_human_lumberjack.png,.png,6765,181bd647a138eb7a4496f251596b5ad19a3b4c6ea1ad4eb4d7b3f044755b9003,64,64,1,RGBA,True,False,16384,f9d88af6bd64bd13d207298ecab7f8d9268cdf0b05eb6d5519b4446e4f2d6e66
base,game/modules/tome/data/gfx/shockbolt/npc/humanoid_human_martyr.png,shockbolt/npc/humanoid_human_martyr.png,shockbolt/npc,game,/data/gfx/shockbolt/npc/humanoid_human_martyr.png,.png,6335,570ae66b9015124e23f5a2639c86d71f4ce24e1a834cbf5b372174ab20a34e09,64,64,1,RGBA,True,False,16384,e68e204a9ec6c545409505c815c980b2000d0bf5a2dd18f395baef71ed5cf445
base,game/modules/tome/data/gfx/shockbolt/npc/humanoid_human_master_alchemist.png,shockbolt/npc/humanoid_human_master_alchemist.png,shockbolt/npc,game,/data/gfx/shockbolt/npc/humanoid_human_master_alchemist.png,.png,7668,150908eb279a4e8b85779baa3dfe7fb509130b1219b33814bb1d241e7da30ba3,64,64,1,RGBA,True,False,16384,302ddd93b1336d69637a2ac3c08647c2975352d0d826fc000132aceaf7cde96b
base,game/modules/tome/data/gfx/shockbolt/npc/humanoid_human_melnela.png,shockbolt/npc/humanoid_human_melnela.png,shockbolt/npc,game,/data/gfx/shockbolt/npc/humanoid_human_melnela.png,.png,8352,e4271163db95073da118723e4d96b0d554120aeb77959d9aab35dffdb21d79cf,64,64,1,RGBA,True,False,16384,30aeaf1c0fda45970c947a7b54dba767ee3a46d2f2db1e841214683bd57ff412
base,game/modules/tome/data/gfx/shockbolt/npc/humanoid_human_meranas__herald_of_angolwen.png,shockbolt/npc/humanoid_human_meranas__herald_of_angolwen.png,shockbolt/npc,game,/data/gfx/shockbolt/npc/humanoid_human_meranas__herald_of_angolwen.png,.png,6548,16224394f26a79be99590aea897c6524c90a6b34a998ca62d215e3de275c7a54,64,64,1,RGBA,True,False,16384,a830e7e9aa371c489ccbe20964516ebe60c76f0bd060d1cbe8a1a6a4e270429d
base,game/modules/tome/data/gfx/shockbolt/npc/humanoid_human_multihued_wyrmic.png,shockbolt/npc/humanoid_human_multihued_wyrmic.png,shockbolt/npc,game,/data/gfx/shockbolt/npc/humanoid_human_multihued_wyrmic.png,.png,7929,2be54f6c2d8cf104ff61c1403c27e21e634749faf9ee67333fd65a9b5c633f08,64,64,1,RGBA,True,False,16384,c8a9550efbff845a4cadc32cf5fa0db3c0747dc1bbffbcbef3c6c52c2576308e
base,game/modules/tome/data/gfx/shockbolt/npc/humanoid_human_necromancer.png,shockbolt/npc/humanoid_human_necromancer.png,shockbolt/npc,game,/data/gfx/shockbolt/npc/humanoid_human_necromancer.png,.png,11013,e1c05d9279c0684465157c88da97a83be47231695c82fe6d650c6475a7c714a2,64,64,1,RGBA,True,False,16384,34f1f34b2e0a1daa2d67ed31e34f152325b544634d8bb38d8aa1839a2de11b73
base,game/modules/tome/data/gfx/shockbolt/npc/humanoid_human_pyromancer.png,shockbolt/npc/humanoid_human_pyromancer.png,shockbolt/npc,game,/data/gfx/shockbolt/npc/humanoid_human_pyromancer.png,.png,8501,07e5dc28692b573715bad56af411905cfa602a1188021fdddd79a067d35e5268,64,128,1,RGBA,True,False,32768,2e238ede803e7c0966b1053207dffaeebcddf2b86a07539c30aa3c419111f408
base,game/modules/tome/data/gfx/shockbolt/npc/humanoid_human_reaver.png,shockbolt/npc/humanoid_human_reaver.png,shockbolt/npc,game,/data/gfx/shockbolt/npc/humanoid_human_reaver.png,.png,7550,05b8216e49ebf0ad592fc0b0637fa284b9b91ed2f4ac5f9a0fc25b42c2556b0c,64,64,1,RGBA,True,False,16384,d478093c31edebfecf5780964fa9f0bf67528223fe61411f5c28035534d3c7df
base,game/modules/tome/data/gfx/shockbolt/npc/humanoid_human_rej_arkatis.png,shockbolt/npc/humanoid_human_rej_arkatis.png,shockbolt/npc,game,/data/gfx/shockbolt/npc/humanoid_human_rej_arkatis.png,.png,6687,8cef9edb88ebb0459a2847a569f94b50b7a78e84d71f285e8fab653a48a5d789,64,128,1,RGBA,True,False,32768,275d68a0f36493dd08f25109be20267583e89bdf0aee892e8bd9b37bda81c96b
base,game/modules/tome/data/gfx/shockbolt/npc/humanoid_human_riala_shalarak.png,shockbolt/npc/humanoid_human_riala_shalarak.png,shockbolt/npc,game,/data/gfx/shockbolt/npc/humanoid_human_riala_shalarak.png,.png,34834,148fd51156c7a3b7f13eb66bad8d37c1a558fbc29852db6db89319b7bc088a33,128,256,1,RGBA,True,False,131072,a79e96bf4a3071c97fcf7c1085a6c099448030b9e8fb335610addc1770bb7288
base,game/modules/tome/data/gfx/shockbolt/npc/humanoid_human_rogue.png,shockbolt/npc/humanoid_human_rogue.png,shockbolt/npc,game,/data/gfx/shockbolt/npc/humanoid_human_rogue.png,.png,7045,95c541c39a9f8d39531a0cf69123bd69fedafa099abc7053942ac7234afcaf66,64,64,1,RGBA,True,False,16384,e4d9b94a412eccda1b72a396e6b920e911244f0613c4974e34593ab9558e3bdf
base,game/modules/tome/data/gfx/shockbolt/npc/humanoid_human_sand_wyrmic.png,shockbolt/npc/humanoid_human_sand_wyrmic.png,shockbolt/npc,game,/data/gfx/shockbolt/npc/humanoid_human_sand_wyrmic.png,.png,9385,7223fa22c7d8ef90779093a080d7dcec62dffe195fa0070bb5cbeeb2530e819c,64,64,1,RGBA,True,False,16384,33791ea4ee3ff73397b64612a34ae53ffd5ae2b0cbaede54ad7a46bf5971d49e
base,game/modules/tome/data/gfx/shockbolt/npc/humanoid_human_shadowblade.png,shockbolt/npc/humanoid_human_shadowblade.png,shockbolt/npc,game,/data/gfx/shockbolt/npc/humanoid_human_shadowblade.png,.png,7841,6be8e97d6786f31880549c3f22e22a554723bd7b4b8be65e6ee3ec9ad344d80e,64,64,1,RGBA,True,False,16384,dee5ac665c12bc86cbcf9057ca8fec011b738ab41a722d4f6f0c0d2521360c56
base,game/modules/tome/data/gfx/shockbolt/npc/humanoid_human_shady_cornac_man.png,shockbolt/npc/humanoid_human_shady_cornac_man.png,shockbolt/npc,game,/data/gfx/shockbolt/npc/humanoid_human_shady_cornac_man.png,.png,6084,bd8ff86a4c68d7bf15a8d126aed7cc84103a2e0b9a742d1187ea0078ef5df1cf,64,64,1,RGBA,True,False,16384,3780d055ad122bc051deb23cc1b026f7512c0db1824820b8d2782615e9ac4286
base,game/modules/tome/data/gfx/shockbolt/npc/humanoid_human_slave_combatant.png,shockbolt/npc/humanoid_human_slave_combatant.png,shockbolt/npc,game,/data/gfx/shockbolt/npc/humanoid_human_slave_combatant.png,.png,4965,c516c26605604339688ec31a54313fa3bb6e3b6f397b2a01d47c6e6add5f42cc,64,64,1,RGBA,True,False,16384,339274a5a360d73dcc8798d91ced9fb9e20d8a485863fc659aaa131e2e2f2141
base,game/modules/tome/data/gfx/shockbolt/npc/humanoid_human_slinger.png,shockbolt/npc/humanoid_human_slinger.png,shockbolt/npc,game,/data/gfx/shockbolt/npc/humanoid_human_slinger.png,.png,6588,06a5869a2d5a052cd4681a6c17ca270544e0c3746c94ba1c85c5f15bc64bad58,64,64,1,RGBA,True,False,16384,9d91fd34eb98127457b5bed68232a205c0f8c7b080ab98654374d8d24e0b07a2
base,game/modules/tome/data/gfx/shockbolt/npc/humanoid_human_spectator.png,shockbolt/npc/humanoid_human_spectator.png,shockbolt/npc,game,/data/gfx/shockbolt/npc/humanoid_human_spectator.png,.png,5303,3239cf2de4c61830c2fdbacc55c7b4c3cd5ccadd4aeb0ee90515ab7d1ddb18e7,64,64,1,RGBA,True,False,16384,3a830dfedcd00d82e144bc60cdb967e2adb5265769691f933635c6deefbf71b8
base,game/modules/tome/data/gfx/shockbolt/npc/humanoid_human_spectator02.png,shockbolt/npc/humanoid_human_spectator02.png,shockbolt/npc,game,/data/gfx/shockbolt/npc/humanoid_human_spectator02.png,.png,4589,fd3eaf1a4d03df15e5a97c6961e6cae704dbab739d96fc07954cf0b2bad97e60,64,64,1,RGBA,True,False,16384,eee58a24d557cac2d98563141e5d23dcaeb799650520f5fc810508bef57361cb
base,game/modules/tome/data/gfx/shockbolt/npc/humanoid_human_spectator03.png,shockbolt/npc/humanoid_human_spectator03.png,shockbolt/npc,game,/data/gfx/shockbolt/npc/humanoid_human_spectator03.png,.png,5163,46a37e31e8832d401b804555a8f3d8400c2c8aace89ac6265c5995181dfbe283,64,64,1,RGBA,True,False,16384,927d94a659570b615b6e88db464f97e8f1bf95f08f74e24a863e8e8d63e56d67
base,game/modules/tome/data/gfx/shockbolt/npc/humanoid_human_storm_wyrmic.png,shockbolt/npc/humanoid_human_storm_wyrmic.png,shockbolt/npc,game,/data/gfx/shockbolt/npc/humanoid_human_storm_wyrmic.png,.png,8126,7f05baa900719ba492ef61d1b5d647428cae8de6ef705f4a502101f796bc5441,64,64,1,RGBA,True,False,16384,92a61c14cecf1f4ef10021115ae9d9b56a4af0769c274036b0483d26e81c64b3
base,game/modules/tome/data/gfx/shockbolt/npc/humanoid_human_subject_z.png,shockbolt/npc/humanoid_human_subject_z.png,shockbolt/npc,game,/data/gfx/shockbolt/npc/humanoid_human_subject_z.png,.png,6688,49c23bee091ddfa07dc9430758ef413d50d764c16405362cdb57477324a6bd86,64,64,1,RGBA,True,False,16384,72ac581b0fad570c27d754689a218901ce9fdf176cd7eb7b7ff9102655726b83
base,game/modules/tome/data/gfx/shockbolt/npc/humanoid_human_sun_paladin_guren.png,shockbolt/npc/humanoid_human_sun_paladin_guren.png,shockbolt/npc,game,/data/gfx/shockbolt/npc/humanoid_human_sun_paladin_guren.png,.png,8895,15b53f6a32890549a256e95c8e45d4e3b770ab4633448d1dd2ec75d887d4cc52,64,64,1,RGBA,True,False,16384,a402777383f5968ea9627a94a6127769fdfef834ac025f2e9df26112f4500558
base,game/modules/tome/data/gfx/shockbolt/npc/humanoid_human_tannen.png,shockbolt/npc/humanoid_human_tannen.png,shockbolt/npc,game,/data/gfx/shockbolt/npc/humanoid_human_tannen.png,.png,7251,e9f3cf8ded949b43f199dc4c2fdf4c2adabd1def604001b8fec9f08867278442,64,64,1,RGBA,True,False,16384,3f2aa72ad0c258722c5255da03955e5cf85a3be01f70828874aa08ee029de3fa
base,game/modules/tome/data/gfx/shockbolt/npc/humanoid_human_tempest.png,shockbolt/npc/humanoid_human_tempest.png,shockbolt/npc,game,/data/gfx/shockbolt/npc/humanoid_human_tempest.png,.png,8995,2748a1409072c1a4d706f55f7d1727dac4558cc3b5fd9256f1790c15cc542b0c,64,128,1,RGBA,True,False,32768,ba6ac52ed37f0a4fbc36e578238b6f75a186ed3a38bf33662ee529e11029295c
base,game/modules/tome/data/gfx/shockbolt/npc/humanoid_human_the_possessed.png,shockbolt/npc/humanoid_human_the_possessed.png,shockbolt/npc,game,/data/gfx/shockbolt/npc/humanoid_human_the_possessed.png,.png,11711,80d215f6faf59e2d37699e6ab16a17799078f69cef226b30180001a71ff580dc,64,128,1,RGBA,True,False,32768,abcd7ef774ed1599584c4f4c71c4ddb62a49bc0db3d4724f700f3d4eb4321215
base,game/modules/tome/data/gfx/shockbolt/npc/humanoid_human_thief.png,shockbolt/npc/humanoid_human_thief.png,shockbolt/npc,game,/data/gfx/shockbolt/npc/humanoid_human_thief.png,.png,6788,93e09195a8ead92beac556aa72e9728b348b4e55b7cc2f708c696a3946de6680,64,64,1,RGBA,True,False,16384,f8a2888ec788f809f2e9e217660b69d98362a3ada7e8db91a906f550b4ddcbe3
base,game/modules/tome/data/gfx/shockbolt/npc/humanoid_human_townsfolk_aimless_looking_merchant01_64.png,shockbolt/npc/humanoid_human_townsfolk_aimless_looking_merchant01_64.png,shockbolt/npc,game,/data/gfx/shockbolt/npc/humanoid_human_townsfolk_aimless_looking_merchant01_64.png,.png,7527,b74a0a994b71d2c287519e774f438dab5777dd3108453b8a8ac1550988844f91,64,64,1,RGBA,True,False,16384,3bcad545a0c2b7e1f643a01773212d4494ffd788c719181a5304f6db1877be86
base,game/modules/tome/data/gfx/shockbolt/npc/humanoid_human_townsfolk_battlescarred_veteran01_64.png,shockbolt/npc/humanoid_human_townsfolk_battlescarred_veteran01_64.png,shockbolt/npc,game,/data/gfx/shockbolt/npc/humanoid_human_townsfolk_battlescarred_veteran01_64.png,.png,6498,597e5a1750cdf09c2a7171f4ebd240ab4012eace13def9066292b85c88adaf2e,64,64,1,RGBA,True,False,16384,bd4df29933bc6912dcf18042349ffc447af4d23edc7901b57b5cd0acc3fcc3ae
base,game/modules/tome/data/gfx/shockbolt/npc/humanoid_human_townsfolk_blubbering_idiot01_64.png,shockbolt/npc/humanoid_human_townsfolk_blubbering_idiot01_64.png,shockbolt/npc,game,/data/gfx/shockbolt/npc/humanoid_human_townsfolk_blubbering_idiot01_64.png,.png,6076,a0e525c41646f77778f9171cb5a99105db18b67249cb0e485da3307dc3078439,64,64,1,RGBA,True,False,16384,3ef0e3504ac145f172022b63769e009490d42f095001986a01c6479df36ca716
base,game/modules/tome/data/gfx/shockbolt/npc/humanoid_human_townsfolk_boilcovered_wretch01_64.png,shockbolt/npc/humanoid_human_townsfolk_boilcovered_wretch01_64.png,shockbolt/npc,game,/data/gfx/shockbolt/npc/humanoid_human_townsfolk_boilcovered_wretch01_64.png,.png,6006,eacbdc2e4809432b16269ea74bfbe57f7b6fa65d2e75377ae60266bfc8ba6ad3,64,64,1,RGBA,True,False,16384,5cf5ee8d826f314fe0e06153d7ed4ab890745a4a43e77e5cf66a05e92858aab6
base,game/modules/tome/data/gfx/shockbolt/npc/humanoid_human_townsfolk_farmer_maggot01_64.png,shockbolt/npc/humanoid_human_townsfolk_farmer_maggot01_64.png,shockbolt/npc,game,/data/gfx/shockbolt/npc/humanoid_human_townsfolk_farmer_maggot01_64.png,.png,8703,108792c1265760f3770e2497d1c144fd6e843af025657c8d739df381eb48bb3b,64,64,1,RGBA,True,False,16384,6e2cc0d4d858b663d76139caa734d8560d21753fb8f23fd9546df035279a5a1d
base,game/modules/tome/data/gfx/shockbolt/npc/humanoid_human_townsfolk_filthy_street_urchin01_64.png,shockbolt/npc/humanoid_human_townsfolk_filthy_street_urchin01_64.png,shockbolt/npc,game,/data/gfx/shockbolt/npc/humanoid_human_townsfolk_filthy_street_urchin01_64.png,.png,5189,7cec1c9195317a9df73e9c5ba3acb3feac5a79fbaabea3f84a20ad975a6ed180,64,64,1,RGBA,True,False,16384,50c59a2298ec7c9aeba3a5fe5b6f058e7e5a307059bb700f269c4f60ab0a4b40
base,game/modules/tome/data/gfx/shockbolt/npc/humanoid_human_townsfolk_mangy_looking_leper01_64.png,shockbolt/npc/humanoid_human_townsfolk_mangy_looking_leper01_64.png,shockbolt/npc,game,/data/gfx/shockbolt/npc/humanoid_human_townsfolk_mangy_looking_leper01_64.png,.png,5168,4ef4aa99bbf44f744ee064a40fe91a0e852e20f413d665a35a5092443f7ffacf,64,64,1,RGBA,True,False,16384,8bd241aa3fa63545aec61e5cf0486386e2cddfcbefdcbaf8fc4a372a7839cd9b
base,game/modules/tome/data/gfx/shockbolt/npc/humanoid_human_townsfolk_meanlooking_mercenary01_64.png,shockbolt/npc/humanoid_human_townsfolk_meanlooking_mercenary01_64.png,shockbolt/npc,game,/data/gfx/shockbolt/npc/humanoid_human_townsfolk_meanlooking_mercenary01_64.png,.png,8327,aa6e1e285e8406375d6e300bc0ed370fca1b3aa848861989600442eaf2c10805,64,64,1,RGBA,True,False,16384,637fc7f4d0bf39bf68ea37cda9c3da03f93eb07e9350d7ea1956ef658c291fbd
base,game/modules/tome/data/gfx/shockbolt/npc/humanoid_human_townsfolk_pitiful_looking_beggar01_64.png,shockbolt/npc/humanoid_human_townsfolk_pitiful_looking_beggar01_64.png,shockbolt/npc,game,/data/gfx/shockbolt/npc/humanoid_human_townsfolk_pitiful_looking_beggar01_64.png,.png,5996,05e52f61d5f610405200dbae9873a566b70c8c3293824649337de908389c6fe4,64,64,1,RGBA,True,False,16384,b567735d3a82127c5228ca9a3eab99a77da4a736ee48aa5fc93480061e2c6255
base,game/modules/tome/data/gfx/shockbolt/npc/humanoid_human_townsfolk_singing_happy_drunk01_64.png,shockbolt/npc/humanoid_human_townsfolk_singing_happy_drunk01_64.png,shockbolt/npc,game,/data/gfx/shockbolt/npc/humanoid_human_townsfolk_singing_happy_drunk01_64.png,.png,7182,9ee51c240770f001a333c0c7e3e79e5ce68b0e5964e7a1e7e1f8900aaa8becdf,64,64,1,RGBA,True,False,16384,3e1e1f6357cee348c5dbda798a0781a5a8a6172cba5c31946898940546fa73c8
base,game/modules/tome/data/gfx/shockbolt/npc/humanoid_human_townsfolk_squinteyed_rogue01_64.png,shockbolt/npc/humanoid_human_townsfolk_squinteyed_rogue01_64.png,shockbolt/npc,game,/data/gfx/shockbolt/npc/humanoid_human_townsfolk_squinteyed_rogue01_64.png,.png,7192,2a2d5a83c5127c6fd0831b9c663c670e1291cb6ce7e782f174c54e546f0d0ce8,64,64,1,RGBA,True,False,16384,8dbc95af2759fe99c2c2fed6bc5779a989f836543621e8e588dd6fe8f48b2e2f
base,game/modules/tome/data/gfx/shockbolt/npc/humanoid_human_townsfolk_village_idiot01_64.png,shockbolt/npc/humanoid_human_townsfolk_village_idiot01_64.png,shockbolt/npc,game,/data/gfx/shockbolt/npc/humanoid_human_townsfolk_village_idiot01_64.png,.png,5878,343504d74068f06cde26168e20e8bc589e9818f1f439d36aa6e5f8d6be6634be,64,64,1,RGBA,True,False,16384,2adf942439acbed1fcfbd1cfc29b31d23ea5d3c2f831a4f27313e55d3c533a56
base,game/modules/tome/data/gfx/shockbolt/npc/humanoid_human_trickster.png,shockbolt/npc/humanoid_human_trickster.png,shockbolt/npc,game,/data/gfx/shockbolt/npc/humanoid_human_trickster.png,.png,7660,e875f6910509907289c76710ea25b8b53aad35c02d10a51402978cb72a55bc2c,64,64,1,RGBA,True,False,16384,ad786ea7419a223e2ed20df712737a182d93c9a0058ad671f0bf11add920d940
base,game/modules/tome/data/gfx/shockbolt/npc/humanoid_human_urkis__the_high_tempest.png,shockbolt/npc/humanoid_human_urkis__the_high_tempest.png,shockbolt/npc,game,/data/gfx/shockbolt/npc/humanoid_human_urkis__the_high_tempest.png,.png,11248,1d4c7a8dfd2c923c0b09ff4a31955e48198aededc015d7ba3fc327a6fcd38ab0,64,128,1,RGBA,True,False,32768,eb0fdc5551c59be7d2ee22f24ec8e7f9504ff14ff9d448a58c3a490ef06bb912
base,game/modules/tome/data/gfx/shockbolt/npc/humanoid_human_valfred_loren.png,shockbolt/npc/humanoid_human_valfred_loren.png,shockbolt/npc,game,/data/gfx/shockbolt/npc/humanoid_human_valfred_loren.png,.png,9290,8ccf47b297c49d3b1fb0fc742f6094f2d17e44ac4fe07d6163a50ef32e2ac0ec,64,128,1,RGBA,True,False,32768,0334294e08e6bebb2cc2a961c84e78daafe805d5d87c3dbd952a7f37112631dd
base,game/modules/tome/data/gfx/shockbolt/npc/humanoid_human_ziguranth_wyrmic.png,shockbolt/npc/humanoid_human_ziguranth_wyrmic.png,shockbolt/npc,game,/data/gfx/shockbolt/npc/humanoid_human_ziguranth_wyrmic.png,.png,6189,f2eb6c0a83f9d0b0681d81de741b3099b6fe85a37255356c9a4ef41ffd20995a,64,64,1,RGBA,True,False,16384,de6bd4f53481ba032bc0cbfcc3b62f9887f2a6dc9c6615dbf2df367b9285239b
base,game/modules/tome/data/gfx/shockbolt/npc/humanoid_male_sluttymaid.png,shockbolt/npc/humanoid_male_sluttymaid.png,shockbolt/npc,game,/data/gfx/shockbolt/npc/humanoid_male_sluttymaid.png,.png,5698,fa1ccb7d85fe361e157985c2e9f65c3df7cefed93c25caef8c6afc251313595f,64,128,1,RGBA,True,False,32768,75e15ed8be287dd25326e6e28a8856c4e6a788c7e0540d39843561fcaefd9b1a
base,game/modules/tome/data/gfx/shockbolt/npc/humanoid_naga_lady_nashva_the_streambender.png,shockbolt/npc/humanoid_naga_lady_nashva_the_streambender.png,shockbolt/npc,game,/data/gfx/shockbolt/npc/humanoid_naga_lady_nashva_the_streambender.png,.png,16875,7af4eec778a73513b00217584b63ccf3d826fe11edf9ba85f4b4f0e47b86d3e9,64,128,1,RGBA,True,False,32768,33313106bade54526d26d82c29abdb9bc9f399af74697e8f77ecdcdb92e6d29d
base,game/modules/tome/data/gfx/shockbolt/npc/humanoid_naga_lady_zoisla_the_tidebringer.png,shockbolt/npc/humanoid_naga_lady_zoisla_the_tidebringer.png,shockbolt/npc,game,/data/gfx/shockbolt/npc/humanoid_naga_lady_zoisla_the_tidebringer.png,.png,13339,280e7ff79642e3cfaf7c581ac762f86b7a20175bc4b15d879c6bc362ac34c896,64,128,1,RGBA,True,False,32768,81e1bff1f32b2a8470087b9e7d3446d6eaba21ebce37bdeda9fb60b50f0bc583
base,game/modules/tome/data/gfx/shockbolt/npc/humanoid_naga_naga_nereid.png,shockbolt/npc/humanoid_naga_naga_nereid.png,shockbolt/npc,game,/data/gfx/shockbolt/npc/humanoid_naga_naga_nereid.png,.png,13565,d8c36be567590369983ed541749b3106dbf7f0bd060c5f126235b6294d556aaa,64,128,1,RGBA,True,False,32768,525624182dfe943187017f62750533b457b832e59dde98294e3ff3b0b380990f
base,game/modules/tome/data/gfx/shockbolt/npc/humanoid_naga_naga_tidecaller.png,shockbolt/npc/humanoid_naga_naga_tidecaller.png,shockbolt/npc,game,/data/gfx/shockbolt/npc/humanoid_naga_naga_tidecaller.png,.png,9878,737cbbf0eef00aa8ca0da2020ffd6446b3c1cccc8bdb2e069be0ac57db688040,64,128,1,RGBA,True,False,32768,c56c624dce2f3616c6eb68553623cb74cfab33db7803a2799a15d5e2ae2bbb1f
base,game/modules/tome/data/gfx/shockbolt/npc/humanoid_naga_naga_tidewarden.png,shockbolt/npc/humanoid_naga_naga_tidewarden.png,shockbolt/npc,game,/data/gfx/shockbolt/npc/humanoid_naga_naga_tidewarden.png,.png,10416,37f265dc3508f80490e2b43a6294a17f5f538eb9355a2b0197cffb501ac23872,64,128,1,RGBA,True,False,32768,b0f44953eaef8bd187f17562ebd8f1496514b479b6253c4edd28f15e7dad31db
base,game/modules/tome/data/gfx/shockbolt/npc/humanoid_naga_slasul.png,shockbolt/npc/humanoid_naga_slasul.png,shockbolt/npc,game,/data/gfx/shockbolt/npc/humanoid_naga_slasul.png,.png,12276,e227e646fae67eddc26824306d43ccd63ee156aa18accadb9a9be4b02e62947a,64,128,1,RGBA,True,False,32768,99f0bd858ea707d40c511d2c22bfd991436bca2dc3f4e71f51d035695ca003ca
base,game/modules/tome/data/gfx/shockbolt/npc/humanoid_orc_brotoq_the_reaver.png,shockbolt/npc/humanoid_orc_brotoq_the_reaver.png,shockbolt/npc,game,/data/gfx/shockbolt/npc/humanoid_orc_brotoq_the_reaver.png,.png,10182,4365cfa0662b614aef57910196bc931ef48b1c1965735d6d50ddca65683bfbe5,64,128,1,RGBA,True,False,32768,f44efeea02d61f07c8fe3275b14b9bb3cf050a536d881e0a734ffbe9412a335e
base,game/modules/tome/data/gfx/shockbolt/npc/humanoid_orc_fiery_orc_wyrmic.png,shockbolt/npc/humanoid_orc_fiery_orc_wyrmic.png,shockbolt/npc,game,/data/gfx/shockbolt/npc/humanoid_orc_fiery_orc_wyrmic.png,.png,8354,af76ae9795535cbb924cc15db1e823c0830c1d80b32b267804235091cdb46470,64,64,1,RGBA,True,False,16384,367217eee9a3e2a1564e4305f12c86a85b3fc5865cdcef60246f6526c8e6152d
base,game/modules/tome/data/gfx/shockbolt/npc/humanoid_orc_golbug_the_destroyer.png,shockbolt/npc/humanoid_orc_golbug_the_destroyer.png,shockbolt/npc,game,/data/gfx/shockbolt/npc/humanoid_orc_golbug_the_destroyer.png,.png,9849,4e66207605b6becd948399c8c079fb552ad621f9f2db16ecb505250e8ba5dc25,64,128,1,RGBA,True,False,32768,a5ae32e5cdfc5caa8cab1c438749431e1f180b5dff0a0f1679fe7b25a1976557
base,game/modules/tome/data/gfx/shockbolt/npc/humanoid_orc_gorbat__supreme_wyrmic_of_the_pride.png,shockbolt/npc/humanoid_orc_gorbat__supreme_wyrmic_of_the_pride.png,shockbolt/npc,game,/data/gfx/shockbolt/npc/humanoid_orc_gorbat__supreme_wyrmic_of_the_pride.png,.png,9728,4f88d71a29b6ee32180197ac2c5d8f2d1cf83cea6e80ab113c38f5c1f15961d1,64,128,1,RGBA,True,False,32768,f28474d5e5883c7d00f2e96e013280badf00f8d209783d88c53c1be29d9dd560
base,game/modules/tome/data/gfx/shockbolt/npc/humanoid_orc_grushnak__battlemaster_of_the_pride.png,shockbolt/npc/humanoid_orc_grushnak__battlemaster_of_the_pride.png,shockbolt/npc,game,/data/gfx/shockbolt/npc/humanoid_orc_grushnak__battlemaster_of_the_pride.png,.png,8473,c68da1c01d4374cc0be19230d59f01c8b4cc8646f086da25da33dc8a8ea908f0,64,64,1,RGBA,True,False,16384,7e2baeaa87bb9bb1bd6c08e4d712701d2972d4635538ca987fa8b83c816be929
base,game/modules/tome/data/gfx/shockbolt/npc/humanoid_orc_icy_orc_wyrmic.png,shockbolt/npc/humanoid_orc_icy_orc_wyrmic.png,shockbolt/npc,game,/data/gfx/shockbolt/npc/humanoid_orc_icy_orc_wyrmic.png,.png,8913,f623a762f55ec88a9f15b8663bdc43dd054c5a781b235f526f7a3897cf32b2a0,64,64,1,RGBA,True,False,16384,8e72325d299b75a4918a7f4e8ef4617cf6ffc8b7c7f6e6284ae7bccae9286dc9
base,game/modules/tome/data/gfx/shockbolt/npc/humanoid_orc_kra_tor_the_gluttonous.png,shockbolt/npc/humanoid_orc_kra_tor_the_gluttonous.png,shockbolt/npc,game,/data/gfx/shockbolt/npc/humanoid_orc_kra_tor_the_gluttonous.png,.png,10180,6bd60576a59eb10b2e052d6bff0a5d7da89fc4705293aa1edcb8d23808d89894,64,128,1,RGBA,True,False,32768,badfeba03095f69dd4f03b33a8a188ce689f0971aeb957f2bdabdb40eaa64c71
base,game/modules/tome/data/gfx/shockbolt/npc/humanoid_orc_krogar.png,shockbolt/npc/humanoid_orc_krogar.png,shockbolt/npc,game,/data/gfx/shockbolt/npc/humanoid_orc_krogar.png,.png,8601,29b3d55ab46b8d3e65d04f9cf376a8ac2d8f08b3f6f205d9fcec7be724968dde,64,128,1,RGBA,True,False,32768,f8213283b169fd6d63873580e64f51a988c22c3fbb76fdc3c98499a8480aba31
base,game/modules/tome/data/gfx/shockbolt/npc/humanoid_orc_massok_the_dragonslayer.png,shockbolt/npc/humanoid_orc_massok_the_dragonslayer.png,shockbolt/npc,game,/data/gfx/shockbolt/npc/humanoid_orc_massok_the_dragonslayer.png,.png,10125,1b21ad0427290b98625dc5f01759c510014fb0de41f29faafad16ad1c20d9fba,64,128,1,RGBA,True,False,32768,1e1502106a4c4a4233bee7f1e823a29c9baf316ec9c283cb410eb88e1a69c9b3
base,game/modules/tome/data/gfx/shockbolt/npc/humanoid_orc_orc_archer.png,shockbolt/npc/humanoid_orc_orc_archer.png,shockbolt/npc,game,/data/gfx/shockbolt/npc/humanoid_orc_orc_archer.png,.png,8045,9dad569d83595d6b4878f0e146ff369e38f0a80658195c3f2dae3b433e0e24a8,64,64,1,RGBA,True,False,16384,85500cde6b918be4d1bc54f0a41e8b677ce0915b323b59ba337ad633e65655b8
base,game/modules/tome/data/gfx/shockbolt/npc/humanoid_orc_orc_assassin.png,shockbolt/npc/humanoid_orc_orc_assassin.png,shockbolt/npc,game,/data/gfx/shockbolt/npc/humanoid_orc_orc_assassin.png,.png,6953,b4056cf814d2435b2f32f254e02b3507ed3258d110c8d2b8dab832fbd0d2dfa2,64,64,1,RGBA,True,False,16384,24cb0608028851ec51cf679889a3145ae91edee6e0e080223c23b5b86a4aa444
base,game/modules/tome/data/gfx/shockbolt/npc/humanoid_orc_orc_baby.png,shockbolt/npc/humanoid_orc_orc_baby.png,shockbolt/npc,game,/data/gfx/shockbolt/npc/humanoid_orc_orc_baby.png,.png,4355,8ae3fecdc1ab7cb96dcc205f9df1b8494bd67fa00b05f69a3ce912e9839875ee,64,64,1,RGBA,True,False,16384,d6f35b12b24c002ad80d511eeabd211353c5196bc6262053e2380d08dee7e547
base,game/modules/tome/data/gfx/shockbolt/npc/humanoid_orc_orc_berserker.png,shockbolt/npc/humanoid_orc_orc_berserker.png,shockbolt/npc,game,/data/gfx/shockbolt/npc/humanoid_orc_orc_berserker.png,.png,9240,906f81be370fcfc352de58c2525ba2bafdc66ca6e037ada24dbd228864358e96,64,64,1,RGBA,True,False,16384,39830a92966febd787aa4727a76365f549c856575c3980b8e773cc162d689961
base,game/modules/tome/data/gfx/shockbolt/npc/humanoid_orc_orc_blood_mage.png,shockbolt/npc/humanoid_orc_orc_blood_mage.png,shockbolt/npc,game,/data/gfx/shockbolt/npc/humanoid_orc_orc_blood_mage.png,.png,7922,4fe7ddb07f8319bd1c4f3a5034057143e37e46884391a21f7788f86f9451ce26,64,64,1,RGBA,True,False,16384,4bb947c3aab24d3fba33179cdd9196c3896a76a58eed3389076268ac7e7e2d69
base,game/modules/tome/data/gfx/shockbolt/npc/humanoid_orc_orc_child.png,shockbolt/npc/humanoid_orc_orc_child.png,shockbolt/npc,game,/data/gfx/shockbolt/npc/humanoid_orc_orc_child.png,.png,5405,f91946d20f2544e60c6dc8cf8517c761495092787cb1cbba09e0dff7586cd5e1,64,64,1,RGBA,True,False,16384,890200c64577b87bdaadbf1bf163a04bce68722f39f699cc62cb84b9c58b8fd7
base,game/modules/tome/data/gfx/shockbolt/npc/humanoid_orc_orc_corruptor.png,shockbolt/npc/humanoid_orc_orc_corruptor.png,shockbolt/npc,game,/data/gfx/shockbolt/npc/humanoid_orc_orc_corruptor.png,.png,7055,3a6b49c2f21d20b4b785b55114ca6f61119bbd37902085de8b5087a2b67dce69,64,64,1,RGBA,True,False,16384,16b81c79c4602faa2228dd18eb32d1a2e86c0ab9e8a7e4aee4ff85cb7f743010
base,game/modules/tome/data/gfx/shockbolt/npc/humanoid_orc_orc_cryomancer.png,shockbolt/npc/humanoid_orc_orc_cryomancer.png,shockbolt/npc,game,/data/gfx/shockbolt/npc/humanoid_orc_orc_cryomancer.png,.png,8875,9e43f6a167b960cf281739b9abf4ec84ce4d90fc2beb10b0c18eb6a90f50cc4f,64,64,1,RGBA,True,False,16384,2c1603f580cf078ca6019439a8cf0a07d7c92d22ae5840355c90bef144ed3c28
base,game/modules/tome/data/gfx/shockbolt/npc/humanoid_orc_orc_elite_berserker.png,shockbolt/npc/humanoid_orc_orc_elite_berserker.png,shockbolt/npc,game,/data/gfx/shockbolt/npc/humanoid_orc_orc_elite_berserker.png,.png,11300,3ca2cf5e4c083bc1b30f78486ee2f21856d9d4c059fe0f7b531b418315749ed8,64,64,1,RGBA,True,False,16384,0b9950d5672988bc7c8af68d4d17d1c7c7e3f7b9c2fe468aea19211ab82429c6
base,game/modules/tome/data/gfx/shockbolt/npc/humanoid_orc_orc_elite_fighter.png,shockbolt/npc/humanoid_orc_orc_elite_fighter.png,shockbolt/npc,game,/data/gfx/shockbolt/npc/humanoid_orc_orc_elite_fighter.png,.png,9269,38e59482b4fe72e85ab837278f4145cab847a6c78d00b40d66365ba1b07ad08a,64,64,1,RGBA,True,False,16384,07373a8d66f53585ff508e66ceec25240265543a99790d2e212e92eb1e0ac10a
base,game/modules/tome/data/gfx/shockbolt/npc/humanoid_orc_orc_fighter.png,shockbolt/npc/humanoid_orc_orc_fighter.png,shockbolt/npc,game,/data/gfx/shockbolt/npc/humanoid_orc_orc_fighter.png,.png,8933,79c48047f4788e3e492cf8a45b9f8b852862c2d1e81dd1b3075dc2ea611d0eba,64,64,1,RGBA,True,False,16384,7f65bcad65816a447f56be8aa02f7a588c9f7253fad877be64a97d2d3d396b18
base,game/modules/tome/data/gfx/shockbolt/npc/humanoid_orc_orc_grand_master_assassin.png,shockbolt/npc/humanoid_orc_orc_grand_master_assassin.png,shockbolt/npc,game,/data/gfx/shockbolt/npc/humanoid_orc_orc_grand_master_assassin.png,.png,9072,415fe8eeb061c6b784cf18f8ed89a3836786d9efdbda3b26773254669d75e9e7,64,64,1,RGBA,True,False,16384,d05c27ffd097a2342aaa43c89e96985d67dedb80fe10cace058ef7854855f490
base,game/modules/tome/data/gfx/shockbolt/npc/humanoid_orc_orc_grand_summoner.png,shockbolt/npc/humanoid_orc_orc_grand_summoner.png,shockbolt/npc,game,/data/gfx/shockbolt/npc/humanoid_orc_orc_grand_summoner.png,.png,10055,9fd4e2a6e57188605a62ab5ad3c19afded33ce564fc957eac36aabd438316d6f,64,64,1,RGBA,True,False,16384,84ab328a0d70760ce16cd3d1a6ea96d0150cc7cf52b38a6fa914e72e4d59e8c4
base,game/modules/tome/data/gfx/shockbolt/npc/humanoid_orc_orc_greatmother.png,shockbolt/npc/humanoid_orc_orc_greatmother.png,shockbolt/npc,game,/data/gfx/shockbolt/npc/humanoid_orc_orc_greatmother.png,.png,18260,fe6da2f9dcc169e1eb41f8beceee472da8cbfd26a9679625934e2aef1e0497c5,64,128,1,RGBA,True,False,32768,5a5f86208d6cab2933868c726bee939c1db2b75092e1de51d5bb236a76f184ed
base,game/modules/tome/data/gfx/shockbolt/npc/humanoid_orc_orc_high_cryomancer.png,shockbolt/npc/humanoid_orc_orc_high_cryomancer.png,shockbolt/npc,game,/data/gfx/shockbolt/npc/humanoid_orc_orc_high_cryomancer.png,.png,8982,b77d22f2ce6df621b635622c53484cd33d623256010c9229785cb42a638152ec,64,64,1,RGBA,True,False,16384,c8ce986546165fc95a959625358d63a1dd0e9e3f9df00d9a6b54278a9eda9815
base,game/modules/tome/data/gfx/shockbolt/npc/humanoid_orc_orc_high_pyromancer.png,shockbolt/npc/humanoid_orc_orc_high_pyromancer.png,shockbolt/npc,game,/data/gfx/shockbolt/npc/humanoid_orc_orc_high_pyromancer.png,.png,8468,241c1e02279eb097b9020632bee45a8d3e3987e3d36500bfce46cb42cad46ee2,64,64,1,RGBA,True,False,16384,c7aea50bb498f344bd3c1bc6bd5f8c776adfc71019947b20a8556a0889cea08e
base,game/modules/tome/data/gfx/shockbolt/npc/humanoid_orc_orc_mage_hunter.png,shockbolt/npc/humanoid_orc_orc_mage_hunter.png,shockbolt/npc,game,/data/gfx/shockbolt/npc/humanoid_orc_orc_mage_hunter.png,.png,9095,264a14df9b9ef6793121c9106dab321ab9103ca05a483f0266576322e654def9,64,64,1,RGBA,True,False,16384,b2fbc178f14527d5333cc5ac5dbbce54aef99a61e27c7fd60b9e480d17a75d38
base,game/modules/tome/data/gfx/shockbolt/npc/humanoid_orc_orc_master_assassin.png,shockbolt/npc/humanoid_orc_orc_master_assassin.png,shockbolt/npc,game,/data/gfx/shockbolt/npc/humanoid_orc_orc_master_assassin.png,.png,7813,385968aad55d1896659e59e5684c219221c46684c60627e87c009770d9f2d624,64,64,1,RGBA,True,False,16384,b13620853151cd6de0c232ac9a158613b09797a2321084e27b97c01351302053
base,game/modules/tome/data/gfx/shockbolt/npc/humanoid_orc_orc_master_wyrmic.png,shockbolt/npc/humanoid_orc_orc_master_wyrmic.png,shockbolt/npc,game,/data/gfx/shockbolt/npc/humanoid_orc_orc_master_wyrmic.png,.png,9799,e9934f160567060406268a6eadd293d94256ffb9d78cb433ae8ef6ab04c58c86,64,64,1,RGBA,True,False,16384,afe02ebf901c3a2e4f28a0fb5e758704635366bd7211187e8ebd3038c66c7efb
base,game/modules/tome/data/gfx/shockbolt/npc/humanoid_orc_orc_mother.png,shockbolt/npc/humanoid_orc_orc_mother.png,shockbolt/npc,game,/data/gfx/shockbolt/npc/humanoid_orc_orc_mother.png,.png,9056,d49ff4c745b13caf3a3f81d699c217c49478ecdccf7b6edf99803243f150c86a,64,128,1,RGBA,True,False,32768,d5ec886cb6a858bffd13e89ed2d8e5962aef6087d4827e273f5cc0508857e4ef
base,game/modules/tome/data/gfx/shockbolt/npc/humanoid_orc_orc_necromancer.png,shockbolt/npc/humanoid_orc_orc_necromancer.png,shockbolt/npc,game,/data/gfx/shockbolt/npc/humanoid_orc_orc_necromancer.png,.png,7672,d43acda4730342dce93871f80d0e7fbfd4b72b3e910426da30b319522adf6eae,64,64,1,RGBA,True,False,16384,d224a690679a9f4e00b4c4979e4ad5fe067c6646a6b040926337b892021d99e2
base,game/modules/tome/data/gfx/shockbolt/npc/humanoid_orc_orc_pyromancer.png,shockbolt/npc/humanoid_orc_orc_pyromancer.png,shockbolt/npc,game,/data/gfx/shockbolt/npc/humanoid_orc_orc_pyromancer.png,.png,8732,6c8d1625e5a9094f770c7e4209671ce1224a2c86e0dfbcade1fd9d919c457236,64,64,1,RGBA,True,False,16384,2311d853709a7f1e8a99ddca20199b4490c8f3b2eb85bb10912a8011b1e80986
base,game/modules/tome/data/gfx/shockbolt/npc/humanoid_orc_orc_soldier.png,shockbolt/npc/humanoid_orc_orc_soldier.png,shockbolt/npc,game,/data/gfx/shockbolt/npc/humanoid_orc_orc_soldier.png,.png,9053,604e444c8f259f7b06ba3de8f91bcee325b076cbb733d40f282acaf6ccc49835,64,64,1,RGBA,True,False,16384,5bc33e9ee0d2f9b92d7f947f79d8eae0993540d25abe6531dfafb57acf3cd64d
base,game/modules/tome/data/gfx/shockbolt/npc/humanoid_orc_orc_summoner.png,shockbolt/npc/humanoid_orc_orc_summoner.png,shockbolt/npc,game,/data/gfx/shockbolt/npc/humanoid_orc_orc_summoner.png,.png,9428,06f42983355d940db1bbe593c2ce7dbb6d8ecfe4e205cd90dbe8edbd893e2b45,64,64,1,RGBA,True,False,16384,60e506643c93e4a00b8626a0e7fa5c4c7a824f3fb189d225527d6e42a3199d8b
base,game/modules/tome/data/gfx/shockbolt/npc/humanoid_orc_orc_warrior.png,shockbolt/npc/humanoid_orc_orc_warrior.png,shockbolt/npc,game,/data/gfx/shockbolt/npc/humanoid_orc_orc_warrior.png,.png,8140,6fcfa18c5d62c8cb3624a1815238684aeeeb25b63b1cdd6f27c717d36e572fff,64,64,1,RGBA,True,False,16384,6dbd29a6af43f47af3ba47e5982ae7a02a3bf194ee77c45e80edcab0b0d982d0
base,game/modules/tome/data/gfx/shockbolt/npc/humanoid_orc_rak_shor__grand_necromancer_of_the_pride.png,shockbolt/npc/humanoid_orc_rak_shor__grand_necromancer_of_the_pride.png,shockbolt/npc,game,/data/gfx/shockbolt/npc/humanoid_orc_rak_shor__grand_necromancer_of_the_pride.png,.png,8152,0c7eff0d61019e3ade83aea3323306d7105ea7b5d9c2787a1398655c4536b5b1,64,64,1,RGBA,True,False,16384,0922c59ded5c401d84a0b939ed14e8f1c59801476059680b069a3d3747cc7a44
base,game/modules/tome/data/gfx/shockbolt/npc/humanoid_orc_rak_shor_cultist.png,shockbolt/npc/humanoid_orc_rak_shor_cultist.png,shockbolt/npc,game,/data/gfx/shockbolt/npc/humanoid_orc_rak_shor_cultist.png,.png,7864,c64585c158a294e11770fc73488acde077d7f9fb111c7b0179da54036d95c1f6,64,64,1,RGBA,True,False,16384,c7e587c38919126f7489f7d9272bd560c2f188abfa2d1a2dd82b092e557f0f65
base,game/modules/tome/data/gfx/shockbolt/npc/humanoid_orc_ukruk_the_fierce.png,shockbolt/npc/humanoid_orc_ukruk_the_fierce.png,shockbolt/npc,game,/data/gfx/shockbolt/npc/humanoid_orc_ukruk_the_fierce.png,.png,9677,17f6317a450806261679840927548875ae1e576bc97014736a6eee705cb32155,64,64,1,RGBA,True,False,16384,316b5ea1a87523cad9e80ea23b4e9efd2c7c8e079c65e4a83f705905996a9507
base,game/modules/tome/data/gfx/shockbolt/npc/humanoid_orc_vor__grand_geomancer_of_the_pride.png,shockbolt/npc/humanoid_orc_vor__grand_geomancer_of_the_pride.png,shockbolt/npc,game,/data/gfx/shockbolt/npc/humanoid_orc_vor__grand_geomancer_of_the_pride.png,.png,10938,d04c5d85013d23f0b289dea03a460009ac7ebd18011c008f082d1280c1fb3f30,64,64,1,RGBA,True,False,16384,83a9b9410a91d56b845d9fa89415b020032b28cc4ddd0391fd55868faf8ab993
base,game/modules/tome/data/gfx/shockbolt/npc/humanoid_orc_warmaster_gnarg.png,shockbolt/npc/humanoid_orc_warmaster_gnarg.png,shockbolt/npc,game,/data/gfx/shockbolt/npc/humanoid_orc_warmaster_gnarg.png,.png,9522,7a164572f859bcae6c7014c862a4d553b2d70129686dda821bef97e36ee9a0bc,64,64,1,RGBA,True,False,16384,4378198c0d58361da25dbb998ebd933d9539ec68696da48536478ab02f51d883
base,game/modules/tome/data/gfx/shockbolt/npc/humanoid_orc_young_orc.png,shockbolt/npc/humanoid_orc_young_orc.png,shockbolt/npc,game,/data/gfx/shockbolt/npc/humanoid_orc_young_orc.png,.png,6877,25473cc5c80fce2bc189264329bd5d271551d7f7fa8c4f1ce92d9f40ded446f9,64,64,1,RGBA,True,False,16384,604656bec3412647f1574d52e0f829baec5b529a53e28ca96ddb8f3808225a93
base,game/modules/tome/data/gfx/shockbolt/npc/humanoid_player_default.png,shockbolt/npc/humanoid_player_default.png,shockbolt/npc,game,/data/gfx/shockbolt/npc/humanoid_player_default.png,.png,5137,23f0204755f24ca72d7cfca6b2f41fcee5c2c88bf2e11476ab65b9aa1d733542,64,64,1,RGBA,True,False,16384,1b6728c82e8d89f07d75f2965e6b2f5bfd2cd8fa01493389abed8618615a419d
base,game/modules/tome/data/gfx/shockbolt/npc/humanoid_shalore_archmage_tarelion.png,shockbolt/npc/humanoid_shalore_archmage_tarelion.png,shockbolt/npc,game,/data/gfx/shockbolt/npc/humanoid_shalore_archmage_tarelion.png,.png,12613,ffca6781b66b5327d600c322b09a900d94002e70358ac238180e9f1a1b093bc8,64,128,1,RGBA,True,False,32768,65e5f60ecd8d0a90191a725e2a0aba62fbc687ae1406fcbafdcac6108d180f93
base,game/modules/tome/data/gfx/shockbolt/npc/humanoid_shalore_elandar.png,shockbolt/npc/humanoid_shalore_elandar.png,shockbolt/npc,game,/data/gfx/shockbolt/npc/humanoid_shalore_elandar.png,.png,11564,563b422a49a4964d7ac5f2ea98b6393b841de02ceb992108e23d8e97a7b7523a,64,128,1,RGBA,True,False,32768,4a0b97581ba747a30fd2b9478d1620e6eeb081f518cf372c5c4659f642ced56b
base,game/modules/tome/data/gfx/shockbolt/npc/humanoid_shalore_elvala_guard.png,shockbolt/npc/humanoid_shalore_elvala_guard.png,shockbolt/npc,game,/data/gfx/shockbolt/npc/humanoid_shalore_elvala_guard.png,.png,6544,5627331a908981972f740afbc79188fefa45d96413d1b261340da373df373392,64,64,1,RGBA,True,False,16384,4826e4793f8149a07fdabdd0a2acbfaf5a72b2e6793f0c3c9fa3d30288e6fab7
base,game/modules/tome/data/gfx/shockbolt/npc/humanoid_shalore_elven_blood_mage.png,shockbolt/npc/humanoid_shalore_elven_blood_mage.png,shockbolt/npc,game,/data/gfx/shockbolt/npc/humanoid_shalore_elven_blood_mage.png,.png,6416,1688fe6ae4d295bccd692118226876cf83f193110a9ef85c052459c35f71ecb8,64,64,1,RGBA,True,False,16384,32c567dbadc98c0f41f7f2b3295a3600ac6f04e5ab10b6c0cdb108df5d81b48e
base,game/modules/tome/data/gfx/shockbolt/npc/humanoid_shalore_elven_corruptor.png,shockbolt/npc/humanoid_shalore_elven_corruptor.png,shockbolt/npc,game,/data/gfx/shockbolt/npc/humanoid_shalore_elven_corruptor.png,.png,5714,cc147ada2ea82016b782c555dd02e60ce514dcbf71232e9e8d3be82581439577,64,64,1,RGBA,True,False,16384,272a12f614bf007350b26045e29dd08bfa12acf5db186c72d814b40ea708af61
base,game/modules/tome/data/gfx/shockbolt/npc/humanoid_shalore_elven_cultist.png,shockbolt/npc/humanoid_shalore_elven_cultist.png,shockbolt/npc,game,/data/gfx/shockbolt/npc/humanoid_shalore_elven_cultist.png,.png,7381,7abf0e041a74a035ec9453ff4a97114bf7e971536410a0ed91036ef08a5a823f,64,64,1,RGBA,True,False,16384,a8c0ae641da15cd7a1e0dc0a9e96d782d639fa9c2cee8ce400493577082b7106
base,game/modules/tome/data/gfx/shockbolt/npc/humanoid_shalore_elven_elite_warrior.png,shockbolt/npc/humanoid_shalore_elven_elite_warrior.png,shockbolt/npc,game,/data/gfx/shockbolt/npc/humanoid_shalore_elven_elite_warrior.png,.png,6837,3307a010484ebac44548217ea40c721a05b5a2c93f8d33d9922b8062d7eac607,64,64,1,RGBA,True,False,16384,d3c889f0409f7e7a8e3f88f8aa665f7a03615fbad7027242bc6c36b00448f377
base,game/modules/tome/data/gfx/shockbolt/npc/humanoid_shalore_elven_guard.png,shockbolt/npc/humanoid_shalore_elven_guard.png,shockbolt/npc,game,/data/gfx/shockbolt/npc/humanoid_shalore_elven_guard.png,.png,7086,6d4586fc3c72afc03cef4b3e772ea76b34b448391111ffb3b2b69e72b50caca3,64,64,1,RGBA,True,False,16384,93f5671332f4045c643b691ee6d16b7063b4ee63b024a252b7aef915eddd0dd1
base,game/modules/tome/data/gfx/shockbolt/npc/humanoid_shalore_elven_mage.png,shockbolt/npc/humanoid_shalore_elven_mage.png,shockbolt/npc,game,/data/gfx/shockbolt/npc/humanoid_shalore_elven_mage.png,.png,5825,fce7013727d8ed4ff6c3d4c4e7012f8c760aa8022dafb3e2ac80049135a8bb61,64,64,1,RGBA,True,False,16384,95e8906e30b1f8c0c36423356049763729561338243db39a286f8ccd2b175f3f
base,game/modules/tome/data/gfx/shockbolt/npc/humanoid_shalore_elven_tempest.png,shockbolt/npc/humanoid_shalore_elven_tempest.png,shockbolt/npc,game,/data/gfx/shockbolt/npc/humanoid_shalore_elven_tempest.png,.png,7531,e051f1ec64685366559d453709cec31cdfa61796fedad507ae4a2406fd694d9a,64,64,1,RGBA,True,False,16384,a35a3fe48e78339f3bb7be3451e36da6b85a4755e1e41466bf8e1d86511260c5
base,game/modules/tome/data/gfx/shockbolt/npc/humanoid_shalore_elven_warrior.png,shockbolt/npc/humanoid_shalore_elven_warrior.png,shockbolt/npc,game,/data/gfx/shockbolt/npc/humanoid_shalore_elven_warrior.png,.png,6980,318ac0cf64a929bbc3906045e73f3f2551e05bc6a6548b6729394d0d5bacd89e,64,64,1,RGBA,True,False,16384,26eee0b9d000177e3c5f15d6dfa2e4681951d7fcd52d61763f2db22b84e1bb42
base,game/modules/tome/data/gfx/shockbolt/npc/humanoid_shalore_grand_corruptor.png,shockbolt/npc/humanoid_shalore_grand_corruptor.png,shockbolt/npc,game,/data/gfx/shockbolt/npc/humanoid_shalore_grand_corruptor.png,.png,6387,5cc0c60ac024d8d184dc3b6ae448391036974aaa2b5d7d9513bea38af7cfface,64,64,1,RGBA,True,False,16384,e8d7924e3bf22116aa3083262b81cdc316641b272d589609425526c547df72c6
base,game/modules/tome/data/gfx/shockbolt/npc/humanoid_shalore_mean_looking_elven_guard.png,shockbolt/npc/humanoid_shalore_mean_looking_elven_guard.png,shockbolt/npc,game,/data/gfx/shockbolt/npc/humanoid_shalore_mean_looking_elven_guard.png,.png,6828,fb89bbf35e0e23d4e483d518f02a86a9873f7f7305dd062ddcfa3b1acfcab88f,64,64,1,RGBA,True,False,16384,b8fe36450bea1683b0516e2eb284b24733722e0486e8d814d9321a7d3db804fb
base,game/modules/tome/data/gfx/shockbolt/npc/humanoid_shalore_rhaloren_inquisitor.png,shockbolt/npc/humanoid_shalore_rhaloren_inquisitor.png,shockbolt/npc,game,/data/gfx/shockbolt/npc/humanoid_shalore_rhaloren_inquisitor.png,.png,9337,8208c9adfd671c3c07edbc04e0244f0408fdae72ac1ad3da611f4831b608c1c5,64,64,1,RGBA,True,False,16384,3e22e7e2e988438a281397ed276646d98fae6dbea9e05ab6e087fe6bb6e60a84
base,game/modules/tome/data/gfx/shockbolt/npc/humanoid_shalore_shalore_rune_master.png,shockbolt/npc/humanoid_shalore_shalore_rune_master.png,shockbolt/npc,game,/data/gfx/shockbolt/npc/humanoid_shalore_shalore_rune_master.png,.png,6532,b23841af6abafb7cba0366e4cb2b606b438be87863fa772d6fed847cd2142e97,64,64,1,RGBA,True,False,16384,e9904807150bd3bd7f801dce2d36f3d641760938d7bc18e4190f58ca76e8c7d4
base,game/modules/tome/data/gfx/shockbolt/npc/humanoid_thalore_berethh.png,shockbolt/npc/humanoid_thalore_berethh.png,shockbolt/npc,game,/data/gfx/shockbolt/npc/humanoid_thalore_berethh.png,.png,10581,f647533761b966c7f26ebda18dc49091865f64efaeb4415dfc7fc04b36c1488c,64,64,1,RGBA,True,False,16384,f676fa4c45f144e1cc1690063354d43bd59ad746feea1fd269cae085d5c08153
base,game/modules/tome/data/gfx/shockbolt/npc/humanoid_thalore_mindworm.png,shockbolt/npc/humanoid_thalore_mindworm.png,shockbolt/npc,game,/data/gfx/shockbolt/npc/humanoid_thalore_mindworm.png,.png,4788,1fd0509c90267ad433e1b5bd15799a60ab2281c6765682e96c5fe8c02e18f3e1,64,64,1,RGBA,True,False,16384,e7e45f9a8ec3d082e36d7a44944e63efd60bf0f1666e566a32662ea50a3f8e52
base,game/modules/tome/data/gfx/shockbolt/npc/humanoid_thalore_thalore_hunter.png,shockbolt/npc/humanoid_thalore_thalore_hunter.png,shockbolt/npc,game,/data/gfx/shockbolt/npc/humanoid_thalore_thalore_hunter.png,.png,6690,d5bbf17191285344750f6adcb52209ffe9aea2b82b924e6764078d9aace25313,64,64,1,RGBA,True,False,16384,f7e07df08918a4acf925398f2d74160844b0a5d344512ce3f0be4c26b5316708
base,game/modules/tome/data/gfx/shockbolt/npc/humanoid_thalore_thalore_wilder.png,shockbolt/npc/humanoid_thalore_thalore_wilder.png,shockbolt/npc,game,/data/gfx/shockbolt/npc/humanoid_thalore_thalore_wilder.png,.png,6814,1f3e00c5ddb0a86cff92910e3003469d07f4e1fc0cc149b18239a9eeb273ea16,64,128,1,RGBA,True,False,32768,ad6f2b3f50174bf0a9b1aef8672af96041e0d604bcd488827c12c8533aa68749
base,game/modules/tome/data/gfx/shockbolt/npc/humanoid_thalore_ziguranth_summoner.png,shockbolt/npc/humanoid_thalore_ziguranth_summoner.png,shockbolt/npc,game,/data/gfx/shockbolt/npc/humanoid_thalore_ziguranth_summoner.png,.png,6794,dfacc6a6a4768bd5e86953d101b073750280844bd7edd1af7e9fdafbe90b181e,64,64,1,RGBA,True,False,16384,2c1ecde71db2fa1ad16c600f8e0b1349cb8cdee811d73b2f841c842fd7b10423
base,game/modules/tome/data/gfx/shockbolt/npc/humanoid_yaech_blood_master.png,shockbolt/npc/humanoid_yaech_blood_master.png,shockbolt/npc,game,/data/gfx/shockbolt/npc/humanoid_yaech_blood_master.png,.png,7656,c933a815324ff0c46506edcacc93c18526679b6dddb153d2da92db3475827736,64,64,1,RGBA,True,False,16384,ebdc108a96ebe72f0d1384697ca45d9a428dc6d16899a4f7ee1359ee6924d5ea
base,game/modules/tome/data/gfx/shockbolt/npc/humanoid_yaech_murgol__the_yaech_lord.png,shockbolt/npc/humanoid_yaech_murgol__the_yaech_lord.png,shockbolt/npc,game,/data/gfx/shockbolt/npc/humanoid_yaech_murgol__the_yaech_lord.png,.png,10242,04d3cd269a62afe4e2d45f6e3b384a68206278f35f852a98523644c9582a9938,64,64,1,RGBA,True,False,16384,00fbc8b2cb53d2d72509b71b7ca8bac39ec6844a9dfb18b1ed3a3b091b8b0080
base,game/modules/tome/data/gfx/shockbolt/npc/humanoid_yaech_slaver.png,shockbolt/npc/humanoid_yaech_slaver.png,shockbolt/npc,game,/data/gfx/shockbolt/npc/humanoid_yaech_slaver.png,.png,8305,0050f61e36ebde733bc856452c2fb471bc2713544a6489a54e64cdf8c85b7ac4,64,64,1,RGBA,True,False,16384,140182b4560871278515b23299e07708c8c579261887173734871763aa28a8c2
base,game/modules/tome/data/gfx/shockbolt/npc/humanoid_yaech_yaech_diver.png,shockbolt/npc/humanoid_yaech_yaech_diver.png,shockbolt/npc,game,/data/gfx/shockbolt/npc/humanoid_yaech_yaech_diver.png,.png,9147,6cf94928d367055ccb2d0b00fc475d542dc8f1d3169502879792340595d9dca3,64,64,1,RGBA,True,False,16384,d2ea15c22ff924bbc0d8c6b7976319918e010d8c9d9828fedf1e4b20f78af748
base,game/modules/tome/data/gfx/shockbolt/npc/humanoid_yaech_yaech_hunter.png,shockbolt/npc/humanoid_yaech_yaech_hunter.png,shockbolt/npc,game,/data/gfx/shockbolt/npc/humanoid_yaech_yaech_hunter.png,.png,9578,d593e8fecc57db07817bd53a9ee9f6650a21c0b55023f566c9aa181d1f5dbb25,64,64,1,RGBA,True,False,16384,b2142a7cabc8924e851ec93c040fdc12aa53427e3c1ac724a3d9c79db5473e1f
base,game/modules/tome/data/gfx/shockbolt/npc/humanoid_yaech_yaech_mindslayer.png,shockbolt/npc/humanoid_yaech_yaech_mindslayer.png,shockbolt/npc,game,/data/gfx/shockbolt/npc/humanoid_yaech_yaech_mindslayer.png,.png,9674,8d14e8129f10bc2fdaac3ec74a1886b2b110a474a8badbe7fb40fca64359490c,64,64,1,RGBA,True,False,16384,73519bd9dd14227d5e2eaca5cb15f75c37a68872b40fb98397718435baab953d
base,game/modules/tome/data/gfx/shockbolt/npc/humanoid_yaech_yaech_psion.png,shockbolt/npc/humanoid_yaech_yaech_psion.png,shockbolt/npc,game,/data/gfx/shockbolt/npc/humanoid_yaech_yaech_psion.png,.png,9242,b472940ef43d587de5557b157b86ac94eeb0c552ccf1091cac6e6ff316a36aa1,64,64,1,RGBA,True,False,16384,14494b77f57a3c9c4d9d6fdb229daecf3ceca6571c754170cbad99449c5dae73
base,game/modules/tome/data/gfx/shockbolt/npc/humanoid_yeek_yeek_commoner_01.png,shockbolt/npc/humanoid_yeek_yeek_commoner_01.png,shockbolt/npc,game,/data/gfx/shockbolt/npc/humanoid_yeek_yeek_commoner_01.png,.png,7316,fc9959c606488fada5b25ebc753f4a1a1ad809298bf3980b1df00b9b7bfd1093,64,64,1,RGBA,True,False,16384,9d2c1ef60418acaabe43b4e228b9f38f5a1c9b7b23322163a624e199a4054e98
base,game/modules/tome/data/gfx/shockbolt/npc/humanoid_yeek_yeek_commoner_02.png,shockbolt/npc/humanoid_yeek_yeek_commoner_02.png,shockbolt/npc,game,/data/gfx/shockbolt/npc/humanoid_yeek_yeek_commoner_02.png,.png,6331,bd4a90a8675e1745af79802848127a38b9954a04a0fd14f56fc450b7a34cd8d3,64,64,1,RGBA,True,False,16384,407355abaf2e69016c14835cb090cf4d99bc62b8546f89fae5b6dc8fc04a6ba5
base,game/modules/tome/data/gfx/shockbolt/npc/humanoid_yeek_yeek_commoner_03.png,shockbolt/npc/humanoid_yeek_yeek_commoner_03.png,shockbolt/npc,game,/data/gfx/shockbolt/npc/humanoid_yeek_yeek_commoner_03.png,.png,6867,6a9a64d5902c2634586f0ecb58fab2cd2b2f5cbafe405ca4ddca368ca7f3bb83,64,64,1,RGBA,True,False,16384,ffaaedd89bfdc8c8bddc9e99cc7daaab301ecb6ac5ad2cf32bffa801dce89815
base,game/modules/tome/data/gfx/shockbolt/npc/humanoid_yeek_yeek_commoner_04.png,shockbolt/npc/humanoid_yeek_yeek_commoner_04.png,shockbolt/npc,game,/data/gfx/shockbolt/npc/humanoid_yeek_yeek_commoner_04.png,.png,7325,eb3ca267c08f610cc142268ed8068a4c1db71095e67be6420083ace6694097fa,64,64,1,RGBA,True,False,16384,3ad2750643103cc44ee31ab5410a87283fccce442832d0370900485a8fbe8855
base,game/modules/tome/data/gfx/shockbolt/npc/humanoid_yeek_yeek_commoner_05.png,shockbolt/npc/humanoid_yeek_yeek_commoner_05.png,shockbolt/npc,game,/data/gfx/shockbolt/npc/humanoid_yeek_yeek_commoner_05.png,.png,7126,9543d736cf0f39f32d2b7239f55ea6f84463ca17aa0fb1099b55ba80d89b6be1,64,64,1,RGBA,True,False,16384,af516f2cdbdc95c68be85c8621664a56c502ba911b8056448c31073e8244c784
base,game/modules/tome/data/gfx/shockbolt/npc/humanoid_yeek_yeek_commoner_06.png,shockbolt/npc/humanoid_yeek_yeek_commoner_06.png,shockbolt/npc,game,/data/gfx/shockbolt/npc/humanoid_yeek_yeek_commoner_06.png,.png,7786,5f22b663d4cad051a574e62fdd847359f50ec5cfd0e8ef9df689fcddbf7e89f8,64,64,1,RGBA,True,False,16384,f344e854da460675affe370524c99cfa2d8b4e44d046d8f7f4a7ec3402b188e3
base,game/modules/tome/data/gfx/shockbolt/npc/humanoid_yeek_yeek_commoner_07.png,shockbolt/npc/humanoid_yeek_yeek_commoner_07.png,shockbolt/npc,game,/data/gfx/shockbolt/npc/humanoid_yeek_yeek_commoner_07.png,.png,7466,f929a933655b35e442e6330c74d5762b1bf09416c22a3e3944247e01b47364c4,64,64,1,RGBA,True,False,16384,004991b49f819074a300f5246ad8e45e8b3069b7a40408144a941b5587175cdc
base,game/modules/tome/data/gfx/shockbolt/npc/humanoid_yeek_yeek_commoner_08.png,shockbolt/npc/humanoid_yeek_yeek_commoner_08.png,shockbolt/npc,game,/data/gfx/shockbolt/npc/humanoid_yeek_yeek_commoner_08.png,.png,7441,0e54e28a8a5e12ef26660b05f0e28764e86f321c6ca1a28720c91d714d161f52,64,64,1,RGBA,True,False,16384,dcfcd6572cd4963c12db4305a6f036041ed01dee990c96e3f6ff6df9bc9d8050
base,game/modules/tome/data/gfx/shockbolt/npc/humanoid_yeek_yeek_mindslayer.png,shockbolt/npc/humanoid_yeek_yeek_mindslayer.png,shockbolt/npc,game,/data/gfx/shockbolt/npc/humanoid_yeek_yeek_mindslayer.png,.png,9546,f825e65af01aeb8e18d1c0c3067c52ff556021c7473f83cfb567b2ad5dbad1a7,64,128,1,RGBA,True,False,32768,b44ec76d9ab8e99a142f41690c49ca904da011afcec0e20384032e533a114c55
base,game/modules/tome/data/gfx/shockbolt/npc/humanoid_yeek_yeek_psionic.png,shockbolt/npc/humanoid_yeek_yeek_psionic.png,shockbolt/npc,game,/data/gfx/shockbolt/npc/humanoid_yeek_yeek_psionic.png,.png,6477,403b0475ea698a8f5398b945376302f02733e4d573b6c789088c232acd3dfa9d,64,64,1,RGBA,True,False,16384,5705bbcba7e0e6a82b82721a573b1fe9d2f6262aea0dc7179618bfb09ec627d9
base,game/modules/tome/data/gfx/shockbolt/npc/humanoid_yeek_yeek_summoner.png,shockbolt/npc/humanoid_yeek_yeek_summoner.png,shockbolt/npc,game,/data/gfx/shockbolt/npc/humanoid_yeek_yeek_summoner.png,.png,7418,416f1c4b18480f1695121f7de4b187b27a9de08e6139b6fe8906e599614bebc1,64,64,1,RGBA,True,False,16384,a93367da212affbb36dc05952f10d59ad5b525210caed2d4bfe590f29a4714aa
base,game/modules/tome/data/gfx/shockbolt/npc/humanoid_yeek_yeek_wayist.png,shockbolt/npc/humanoid_yeek_yeek_wayist.png,shockbolt/npc,game,/data/gfx/shockbolt/npc/humanoid_yeek_yeek_wayist.png,.png,8109,708dac62a13daac98b5eb84d8e335fe25d31275333af074ae9ecc264575b0902,64,64,1,RGBA,True,False,16384,13ac6c2d8bab92eafb260e3bef3715f1b0048f042f4f4a23a34492c7921c3de1
base,game/modules/tome/data/gfx/shockbolt/npc/hummerhorn.png,shockbolt/npc/hummerhorn.png,shockbolt/npc,game,/data/gfx/shockbolt/npc/hummerhorn.png,.png,9298,c55d4c833778c0dc897989970db51dfde561558d304f180f55ebb0aa3774ab18,64,64,1,RGBA,True,False,16384,7c2bf8d7e383a76864ee6c0bf03d3e777f9c18d8fca0a6788c1aea0b83df588b
base,game/modules/tome/data/gfx/shockbolt/npc/ice_ant.png,shockbolt/npc/ice_ant.png,shockbolt/npc,game,/data/gfx/shockbolt/npc/ice_ant.png,.png,8509,1e58075dad4b931013f45dd652f5fdb3e5ac6d96a7d08945a08a910dddeb0065,64,64,1,RGBA,True,False,16384,1def1ec4dcffbd2aec5eb8f7d4ef351983ee90837f1e15a4efb3c5000cbc8a1e
base,game/modules/tome/data/gfx/shockbolt/npc/iceblock.png,shockbolt/npc/iceblock.png,shockbolt/npc,game,/data/gfx/shockbolt/npc/iceblock.png,.png,13198,a0267d18152ae2c2a9c3e57aef30d8b1f991465ae362276f6a83e17e2a705500,64,64,1,RGBA,True,False,16384,78debeb4fc39f198238491ee3084264129ff865615588aa649ee754afc5645df
base,game/modules/tome/data/gfx/shockbolt/npc/immovable_crystal_golden_crystal.png,shockbolt/npc/immovable_crystal_golden_crystal.png,shockbolt/npc,game,/data/gfx/shockbolt/npc/immovable_crystal_golden_crystal.png,.png,7412,cc664dda8b82717fa1e3aec083d38982d11576402ea9b7883f199cf4b18c36b2,64,64,1,RGBA,True,False,16384,24d1eb17284b31e5feb4333212982d16c4d76c912cf023b28176d2bdc89fa12f
base,game/modules/tome/data/gfx/shockbolt/npc/immovable_jelly_malevolent_dimensional_jelly.png,shockbolt/npc/immovable_jelly_malevolent_dimensional_jelly.png,shockbolt/npc,game,/data/gfx/shockbolt/npc/immovable_jelly_malevolent_dimensional_jelly.png,.png,10137,391c4dcd351243e3df141ce201c938b82d98ff06a4d76e0d866c453fb6ecf2d1,64,64,1,RGBA,True,False,16384,d1d66227bf6660590031619396b7232406e9e203bedc3ff738b2ce754d317cae
base,game/modules/tome/data/gfx/shockbolt/npc/immovable_molds_brown_mold.png,shockbolt/npc/immovable_molds_brown_mold.png,shockbolt/npc,game,/data/gfx/shockbolt/npc/immovable_molds_brown_mold.png,.png,4597,4f5c418e378f21045f0c77ac8b808dd5aefafc175acdd461feb8c0663a2f7eac,64,64,1,RGBA,True,False,16384,1500c7583b650c9f8564523e25b4728fa254900af123bd981ce8b966cb9b50b8
base,game/modules/tome/data/gfx/shockbolt/npc/immovable_molds_green_mold.png,shockbolt/npc/immovable_molds_green_mold.png,shockbolt/npc,game,/data/gfx/shockbolt/npc/immovable_molds_green_mold.png,.png,4526,ac8f4f023ded04256bfb43f2d49c1e764cc6e245f142f16d568ae13a94c1934e,64,64,1,RGBA,True,False,16384,ae46aedcaf324891d0fe68e1cedad59134dbd65e87dd00ebeaebe1857d3f4218
base,game/modules/tome/data/gfx/shockbolt/npc/immovable_molds_grey_mold.png,shockbolt/npc/immovable_molds_grey_mold.png,shockbolt/npc,game,/data/gfx/shockbolt/npc/immovable_molds_grey_mold.png,.png,4711,cf251c1a45da55f6997120383e0d549d911e008a365a90e2053d082e6e4c3902,64,64,1,RGBA,True,False,16384,a2c2776d440b83a1ae8fc80dc3c3acf09e7a09c4c7ca5429e3d264a4bb5b8031
base,game/modules/tome/data/gfx/shockbolt/npc/immovable_molds_shining_mold.png,shockbolt/npc/immovable_molds_shining_mold.png,shockbolt/npc,game,/data/gfx/shockbolt/npc/immovable_molds_shining_mold.png,.png,5964,12e9c30c61019d43b4e84aac8e588aac74f9e83c9b649a0512cb1e322cf46823,64,64,1,RGBA,True,False,16384,8a6322eef796f3a85352f662c3857cd6b91f234656d97c3b70d6961851727a92
base,game/modules/tome/data/gfx/shockbolt/npc/immovable_molds_skeletal_mold.png,shockbolt/npc/immovable_molds_skeletal_mold.png,shockbolt/npc,game,/data/gfx/shockbolt/npc/immovable_molds_skeletal_mold.png,.png,6204,e36b47b98b626ea65f67b6bb20522c72e31b5c408bfc54172ace50140c96632f,64,64,1,RGBA,True,False,16384,761d72a5d1f665abe09d9eba6ccf67cc7ae67b29014124de0d9100e1bee891d7
base,game/modules/tome/data/gfx/shockbolt/npc/immovable_plants_giant_venus_flytrap.png,shockbolt/npc/immovable_plants_giant_venus_flytrap.png,shockbolt/npc,game,/data/gfx/shockbolt/npc/immovable_plants_giant_venus_flytrap.png,.png,7680,494a43658c7df6bb6cb67065fec6e31450af98a3cf77f5654bffaeac1779e07b,64,64,1,RGBA,True,False,16384,ffee4d10d376336699729781e0364aa927b1d644942fef390e9919d1910f18fd
base,game/modules/tome/data/gfx/shockbolt/npc/immovable_plants_honey_tree.png,shockbolt/npc/immovable_plants_honey_tree.png,shockbolt/npc,game,/data/gfx/shockbolt/npc/immovable_plants_honey_tree.png,.png,8236,951feb96045afa328434eff8299a1a8e2a40f1908c9b8dbee34d7259fd1e6e0e,64,64,1,RGBA,True,False,16384,c91874cfa246bddc6a8fa2b986822bbadf673820737fa79032c9dd647256590e
base,game/modules/tome/data/gfx/shockbolt/npc/immovable_plants_poison_ivy.png,shockbolt/npc/immovable_plants_poison_ivy.png,shockbolt/npc,game,/data/gfx/shockbolt/npc/immovable_plants_poison_ivy.png,.png,7428,225fcf2ec62bbfd7ef7977fd110cd4c7629d8786279953fd1860aa58f20261f4,64,64,1,RGBA,True,False,16384,46bb290f6383f5bbe95e3b57c4d06bb2197e30a80f8ad36aaf8f36ce69037210
base,game/modules/tome/data/gfx/shockbolt/npc/immovable_plants_rimebark.png,shockbolt/npc/immovable_plants_rimebark.png,shockbolt/npc,game,/data/gfx/shockbolt/npc/immovable_plants_rimebark.png,.png,20309,a4064679a960dbd4fd02d23eb2fd69ff6b62921cceb4b4e9b61b413ab331c264,64,128,1,RGBA,True,False,32768,a645731b660c0bde79187ccf240b71b754d3b33303a5498fe744e791c235db74
base,game/modules/tome/data/gfx/shockbolt/npc/immovable_plants_treant.png,shockbolt/npc/immovable_plants_treant.png,shockbolt/npc,game,/data/gfx/shockbolt/npc/immovable_plants_treant.png,.png,12506,ee5df984ebeee3c4fe05fdee6333f367218ce4a313d5d3a6abcb88f48db04086,64,128,1,RGBA,True,False,32768,d43d418f0d19c9b047cef31b7d54072cfcebd59e8c2ef164129017ce89dfe994
base,game/modules/tome/data/gfx/shockbolt/npc/insect_ant_queen_ant.png,shockbolt/npc/insect_ant_queen_ant.png,shockbolt/npc,game,/data/gfx/shockbolt/npc/insect_ant_queen_ant.png,.png,12190,78c23ae5d7f79cc38bd6bfec2ed393c0b293752fba4ef334d796aabed04b7dcb,64,128,1,RGBA,True,False,32768,0e8131b3ce128a978b9aa047faa66a34100ed113a0c0bcc3a536a98f2530d2ac
base,game/modules/tome/data/gfx/shockbolt/npc/insect_ritch_chitinous_ritch.png,shockbolt/npc/insect_ritch_chitinous_ritch.png,shockbolt/npc,game,/data/gfx/shockbolt/npc/insect_ritch_chitinous_ritch.png,.png,11465,7685bad4b2e71e09d196a975a4c35d973e18914960fb6f544c21489fc87efddf,64,64,1,RGBA,True,False,16384,51622d370095fae3b5edba9321c54901ecda900bc81345d9b443d27220abf0b8
base,game/modules/tome/data/gfx/shockbolt/npc/insect_ritch_ritch_flamespitter.png,shockbolt/npc/insect_ritch_ritch_flamespitter.png,shockbolt/npc,game,/data/gfx/shockbolt/npc/insect_ritch_ritch_flamespitter.png,.png,8651,63d4a8bc7bef34cf4e32b73a6b8e0292a2bd5e632f60f46b3082eb946e42ace8,64,64,1,RGBA,True,False,16384,d824bfa070c2b24ce0cb1c500348e0d042e5d9f9a918d89fb0c3c20abb207b5d
base,game/modules/tome/data/gfx/shockbolt/npc/insect_ritch_ritch_hive_mother.png,shockbolt/npc/insect_ritch_ritch_hive_mother.png,shockbolt/npc,game,/data/gfx/shockbolt/npc/insect_ritch_ritch_hive_mother.png,.png,10483,12b2eedb39728b7afc6cf97cf8ff2cd7392a4415d3df7b8751b100d147306826,64,64,1,RGBA,True,False,16384,b695878f9dbc564ed839c00b8435d11411d54f24511e36ab163e6545bd0df40a
base,game/modules/tome/data/gfx/shockbolt/npc/insect_ritch_ritch_hive_mother2.png,shockbolt/npc/insect_ritch_ritch_hive_mother2.png,shockbolt/npc,game,/data/gfx/shockbolt/npc/insect_ritch_ritch_hive_mother2.png,.png,10825,f1e74ce128bfb520cebaf1deb1c0b7524b13ab762546829d10509e5137055f2d,64,64,1,RGBA,True,False,16384,ce0a1b3313fcb13e0f67d18950ecb506c2af639e106993f00b2b3897adb9728e
base,game/modules/tome/data/gfx/shockbolt/npc/insect_ritch_ritch_hunter.png,shockbolt/npc/insect_ritch_ritch_hunter.png,shockbolt/npc,game,/data/gfx/shockbolt/npc/insect_ritch_ritch_hunter.png,.png,6890,5587964f95d00ff5f489598fe17db9dad8ff530cb4b108df9f344160484b5d6b,64,64,1,RGBA,True,False,16384,e2d74127d3c6515d9ac6bcbe18d9b9307051915913f1e9557ab97dd613d5b689
base,game/modules/tome/data/gfx/shockbolt/npc/insect_ritch_ritch_impaler.png,shockbolt/npc/insect_ritch_ritch_impaler.png,shockbolt/npc,game,/data/gfx/shockbolt/npc/insect_ritch_ritch_impaler.png,.png,7498,46cfe3e9d2e9e0569f4b97887de91d27df039963e2f257d72df2506724fe8833,64,64,1,RGBA,True,False,16384,3c76ca208e83dbf1759b9ecef4be37d952c4b6cc38fc78cb0207a6cbf2da8789
base,game/modules/tome/data/gfx/shockbolt/npc/insect_ritch_ritch_larva.png,shockbolt/npc/insect_ritch_ritch_larva.png,shockbolt/npc,game,/data/gfx/shockbolt/npc/insect_ritch_ritch_larva.png,.png,4882,854d8fff1da70f36c328f248289369d0586bb6be343917eb0df736803b97cb95,64,64,1,RGBA,True,False,16384,dccfa0848da1a6c2ac6b06b808047df3d5cfa56f72e552bd4326d6b12c2f8754
base,game/modules/tome/data/gfx/shockbolt/npc/jawa_01.png,shockbolt/npc/jawa_01.png,shockbolt/npc,game,/data/gfx/shockbolt/npc/jawa_01.png,.png,6815,baba9c21e07746ed95a3c4fd8899c22fe0e1b516147770d1507b265335178b8c,64,64,1,RGBA,True,False,16384,fa5fb7be56d1e73f771d534978af66a7398d12622959b43d83eb828909dd5948
base,game/modules/tome/data/gfx/shockbolt/npc/jelly-blue.png,shockbolt/npc/jelly-blue.png,shockbolt/npc,game,/data/gfx/shockbolt/npc/jelly-blue.png,.png,7823,0f6548d0611c1aa6ab5d7bc34c8dec87875c02d9988f431c131284f3c7eb494c,64,64,1,RGBA,True,False,16384,9c945c790e0a5908952ce046c5a4baa654364eaa2182ed9154ce9c1bf97ee97d
base,game/modules/tome/data/gfx/shockbolt/npc/jelly-darkgrey.png,shockbolt/npc/jelly-darkgrey.png,shockbolt/npc,game,/data/gfx/shockbolt/npc/jelly-darkgrey.png,.png,4770,3068dd03b5ff202249a0d511a17f609ef22344720288d3c5ec847ddb47fb278b,64,64,1,RGBA,True,False,16384,242bd9fb96fc70022df5d1c1bd18c4931960cb3e66870de27d53a687b95f5dee
base,game/modules/tome/data/gfx/shockbolt/npc/jelly-green.png,shockbolt/npc/jelly-green.png,shockbolt/npc,game,/data/gfx/shockbolt/npc/jelly-green.png,.png,7782,0e6f02993bdc5fa9765939ad278fd6f02eac6074125ff44db1a99368d96ab1a5,64,64,1,RGBA,True,False,16384,032239c1922f03990ec102dfc01bdb0352e8fdf6eb077e77891e5c29d35dfe90
base,game/modules/tome/data/gfx/shockbolt/npc/jelly-red.png,shockbolt/npc/jelly-red.png,shockbolt/npc,game,/data/gfx/shockbolt/npc/jelly-red.png,.png,8026,e4a365480fbec1157ea59e2ae5081a03df7696202155c05f95a20b69a8cf9f07,64,64,1,RGBA,True,False,16384,e217959b5bbe470a09c411148fbad29af1f39aae20554cecf65cea8a1f0311f2
base,game/modules/tome/data/gfx/shockbolt/npc/jelly-white.png,shockbolt/npc/jelly-white.png,shockbolt/npc,game,/data/gfx/shockbolt/npc/jelly-white.png,.png,5992,7de8a14c6f28b3eef039e5702051ed724a1411c5a02ae95f8f312f9a38278c7e,64,64,1,RGBA,True,False,16384,c85d04f4ef42d7dc82d0d853189b9cbdf66927cce5fe1920586a6b2893d7a5f4
base,game/modules/tome/data/gfx/shockbolt/npc/jelly-yellow.png,shockbolt/npc/jelly-yellow.png,shockbolt/npc,game,/data/gfx/shockbolt/npc/jelly-yellow.png,.png,7917,4303883dce23363ace1aa8746967a756ea940128791736b885fde9097f9d6fbd,64,64,1,RGBA,True,False,16384,86b1fba6d5be44ce873b5e21a34edb98d81b8c81634567ef3e1cf42c420e0ade
base,game/modules/tome/data/gfx/shockbolt/npc/lesser_vampire.png,shockbolt/npc/lesser_vampire.png,shockbolt/npc,game,/data/gfx/shockbolt/npc/lesser_vampire.png,.png,7298,9e2746239c9e09624e83ad30739941aa16821bc115fd2b3b2b77aac096f1abb8,64,64,1,RGBA,True,False,16384,b0f43472c0ad4b5cd05a9efaf067897b94660bb61e2ca3691d7743d72a34d072
base,game/modules/tome/data/gfx/shockbolt/npc/lich_s_shadow.png,shockbolt/npc/lich_s_shadow.png,shockbolt/npc,game,/data/gfx/shockbolt/npc/lich_s_shadow.png,.png,11516,9f2bff8020c297c7a30fd6dc69c6a2511a008924f9e9908301ea04ecf79cfa74,64,64,1,RGBA,True,False,16384,f1635316141694bc7fcccff0162c610421ef07e351ca78a50ac790bb67014adf
base,game/modules/tome/data/gfx/shockbolt/npc/lightning_ant.png,shockbolt/npc/lightning_ant.png,shockbolt/npc,game,/data/gfx/shockbolt/npc/lightning_ant.png,.png,9715,bada2ab1c06a2aa1ef6307a85eb6e2df0bc226c49de457d0cefe110993b10fc4,64,64,1,RGBA,True,False,16384,5c8e97272029f1592d083a6a6d37c6eb22eed69b6f1d6197b8bb98c179d96245
base,game/modules/tome/data/gfx/shockbolt/npc/lord_of_skulls_archer.png,shockbolt/npc/lord_of_skulls_archer.png,shockbolt/npc,game,/data/gfx/shockbolt/npc/lord_of_skulls_archer.png,.png,13134,51ca10eabdcd549ee40a0c32226cd00006583184aa51deb1be587e3c2b131d1f,64,128,1,RGBA,True,False,32768,3584dc8c592671f0028523e3f737685bb011fee17686e45f888c471c75e5a72c
base,game/modules/tome/data/gfx/shockbolt/npc/lord_of_skulls_bone_giant.png,shockbolt/npc/lord_of_skulls_bone_giant.png,shockbolt/npc,game,/data/gfx/shockbolt/npc/lord_of_skulls_bone_giant.png,.png,28419,5cee0decd87c9f756b94d5be0285ef000b887737349bda44b47898fcf9e3407f,64,128,1,RGBA,True,False,32768,3b46902e384621f75b8392a27fdc670a9119b9f3835bfaaa9dbc8387df795759
base,game/modules/tome/data/gfx/shockbolt/npc/lord_of_skulls_eternal_bone_giant.png,shockbolt/npc/lord_of_skulls_eternal_bone_giant.png,shockbolt/npc,game,/data/gfx/shockbolt/npc/lord_of_skulls_eternal_bone_giant.png,.png,35568,f8d94ca5ec6a111185da9b11ddf3c0b067c7d7154c53d09f1f40f9baea74af26,64,128,1,RGBA,True,False,32768,96cd24755eab511e759f010d6ac442c9105439614efd3b9d423e81c666e83419
base,game/modules/tome/data/gfx/shockbolt/npc/lord_of_skulls_heavy_bone_giant.png,shockbolt/npc/lord_of_skulls_heavy_bone_giant.png,shockbolt/npc,game,/data/gfx/shockbolt/npc/lord_of_skulls_heavy_bone_giant.png,.png,41619,d2ef1a69fb3ca726d7026cfc90d300cbe9df93a6ee47f80cbbe287d2be4151a4,64,128,1,RGBA,True,False,32768,482cdf79f7d9196365214fe99d137bd3aa04d8d69285ad4c652dffcf09e609b1
base,game/modules/tome/data/gfx/shockbolt/npc/lord_of_skulls_magus.png,shockbolt/npc/lord_of_skulls_magus.png,shockbolt/npc,game,/data/gfx/shockbolt/npc/lord_of_skulls_magus.png,.png,20871,540c6f51c530bfa2cc3a543b023bdcf4357bd229b2f11603032afe172cb273e4,64,128,1,RGBA,True,False,32768,f9074db416c8df6625bfcdac3dc0a1c7b6ba4139f51f781f9c9b4303d3c5feaa
base,game/modules/tome/data/gfx/shockbolt/npc/lord_of_skulls_warrior.png,shockbolt/npc/lord_of_skulls_warrior.png,shockbolt/npc,game,/data/gfx/shockbolt/npc/lord_of_skulls_warrior.png,.png,15802,84ccb1a0e5134bb8773cb01dddcf02df78519bc4cb26bff5e96fbca523f330d8,64,128,1,RGBA,True,False,32768,70227f9b93d232ad6bcca5854e8b8b4ce33087fdce9da70d747468a876d0fd7e
base,game/modules/tome/data/gfx/shockbolt/npc/lure.png,shockbolt/npc/lure.png,shockbolt/npc,game,/data/gfx/shockbolt/npc/lure.png,.png,5636,cd2bd71a35d69d76b521cffba0c33d9e0da01bc9cc54f6e78c7b9841700f1a9f,64,64,1,RGBA,True,False,16384,a4ad1373225ff06fe5a65ac842fd1c1628771db0688cdac2c185b991331ed144
base,game/modules/tome/data/gfx/shockbolt/npc/master_skeleton_archer.png,shockbolt/npc/master_skeleton_archer.png,shockbolt/npc,game,/data/gfx/shockbolt/npc/master_skeleton_archer.png,.png,6577,5e824e9b0019c2f28eda1b49b6d7597ce18ba16e64b4450bfae26fcbbef89077,64,64,1,RGBA,True,False,16384,2bef590f350ab9444061bbf3aeaf7196c786162e8ce12caf71a54d3e247a5973
base,game/modules/tome/data/gfx/shockbolt/npc/master_skeleton_warrior.png,shockbolt/npc/master_skeleton_warrior.png,shockbolt/npc,game,/data/gfx/shockbolt/npc/master_skeleton_warrior.png,.png,8341,3519846595282664bdac71870b4ec55e102d82417ecfac10da31edd23045370d,64,64,1,RGBA,True,False,16384,1e80939476290943d5b92e426bec39e3fc57a9b1e451027646cba4ed06fb5dc9
base,game/modules/tome/data/gfx/shockbolt/npc/master_vampire.png,shockbolt/npc/master_vampire.png,shockbolt/npc,game,/data/gfx/shockbolt/npc/master_vampire.png,.png,8186,cd8a5ccc46477e24a9f96168d8487d7453862f798f51baad74e1c1fe6980cae3,64,128,1,RGBA,True,False,32768,565faf965e509ae1692bea604002dad4854609646b386d69c817c45e484ec126
base,game/modules/tome/data/gfx/shockbolt/npc/midge_swarm.png,shockbolt/npc/midge_swarm.png,shockbolt/npc,game,/data/gfx/shockbolt/npc/midge_swarm.png,.png,2268,7d8a540a778aee859819f840b07067b1d153aa7b4a53631e021081b7945944fd,64,64,1,RGBA,True,False,16384,f35106f125605555837c4b9e3e93126b5d5a59e4132f9de75a54ee2a6ac1ac55
base,game/modules/tome/data/gfx/shockbolt/npc/naga_myrmidon.png,shockbolt/npc/naga_myrmidon.png,shockbolt/npc,game,/data/gfx/shockbolt/npc/naga_myrmidon.png,.png,11244,74f468369f262c7b464fb18fb0ef40abadf66b47f874e3af47af794893a6d2de,64,64,1,RGBA,True,False,16384,85cf6a33bd4de275ca3d92b2584c34d0ae766ff52e4fbd628ab5d17b9e78a5eb
base,game/modules/tome/data/gfx/shockbolt/npc/naga_myrmidon_2.png,shockbolt/npc/naga_myrmidon_2.png,shockbolt/npc,game,/data/gfx/shockbolt/npc/naga_myrmidon_2.png,.png,11451,100e80c76227c6b3b44fbd2159716eb54e97f4da940dd4e680ad97832c14be50,64,64,1,RGBA,True,False,16384,8da7dc00774f717b4399e17b85d6d1e4523031753d193b812f833a76d4cac67a
base,game/modules/tome/data/gfx/shockbolt/npc/naga_myrmidon_no_armor.png,shockbolt/npc/naga_myrmidon_no_armor.png,shockbolt/npc,game,/data/gfx/shockbolt/npc/naga_myrmidon_no_armor.png,.png,11190,5bcd1e0b3ee5e3a49a9ccbac030ba5d5c9fd10b3b11c1c4a9b8d2e700c9be59b,64,64,1,RGBA,True,False,16384,058f575e5742623cd678bcb0569908f5659e30d85f6f72fe18aad3bb2fa1ae4b
base,game/modules/tome/data/gfx/shockbolt/npc/naga_psyren.png,shockbolt/npc/naga_psyren.png,shockbolt/npc,game,/data/gfx/shockbolt/npc/naga_psyren.png,.png,10229,e48bb861a8d784a4dfefdb406d74592136f2d9cc888645b02956091b54829638,64,64,1,RGBA,True,False,16384,e87dfcda228ef5ac912ee355f28304b80634631ad92ca3737082d7591eedc047
base,game/modules/tome/data/gfx/shockbolt/npc/naga_psyren2.png,shockbolt/npc/naga_psyren2.png,shockbolt/npc,game,/data/gfx/shockbolt/npc/naga_psyren2.png,.png,10318,c9341894f9f270abb47439428936ec7009124d95acc7e97cf24fb0d49885fabc,64,64,1,RGBA,True,False,16384,3a56f70ac4d4d0e54ec772cb43adb1c14550a7037661869d380395edf881e468
base,game/modules/tome/data/gfx/shockbolt/npc/naga_psyren2_2.png,shockbolt/npc/naga_psyren2_2.png,shockbolt/npc,game,/data/gfx/shockbolt/npc/naga_psyren2_2.png,.png,10318,c9341894f9f270abb47439428936ec7009124d95acc7e97cf24fb0d49885fabc,64,64,1,RGBA,True,False,16384,3a56f70ac4d4d0e54ec772cb43adb1c14550a7037661869d380395edf881e468
base,game/modules/tome/data/gfx/shockbolt/npc/naga_psyren_2.png,shockbolt/npc/naga_psyren_2.png,shockbolt/npc,game,/data/gfx/shockbolt/npc/naga_psyren_2.png,.png,10277,dfb08ae765fc45aa2ba1c81978d937de52d92f7c4c1e0cbfa6782054c6e615df,64,64,1,RGBA,True,False,16384,8489e3e896f35b3eab1ee9d59f42e41a7a1a5852258fb888a0a16b5d320011de
base,game/modules/tome/data/gfx/shockbolt/npc/naga_tide_huntress.png,shockbolt/npc/naga_tide_huntress.png,shockbolt/npc,game,/data/gfx/shockbolt/npc/naga_tide_huntress.png,.png,11228,c222150a2b063c134afcd4895ae999f5c457dea35abc02d2044a4e87643ff125,64,64,1,RGBA,True,False,16384,563f230325ad95ded5dbf679f5d9620ea83fa37116429b5d75fac37d96aaddd9
base,game/modules/tome/data/gfx/shockbolt/npc/naga_tide_huntress_2.png,shockbolt/npc/naga_tide_huntress_2.png,shockbolt/npc,game,/data/gfx/shockbolt/npc/naga_tide_huntress_2.png,.png,11710,d5eba8b78dd43d5e44f937e2bcb701605981e0bf28791e941884cc8c8e5a8a24,64,64,1,RGBA,True,False,16384,95f0a75e755a011221ce14ca82c059249ff6bb3046283ab8d8f694b77ff23279
base,game/modules/tome/data/gfx/shockbolt/npc/patrol_allied_kingdoms_allied_kingdoms_halfling_patrol.png,shockbolt/npc/patrol_allied_kingdoms_allied_kingdoms_halfling_patrol.png,shockbolt/npc,game,/data/gfx/shockbolt/npc/patrol_allied_kingdoms_allied_kingdoms_halfling_patrol.png,.png,9263,21def331660d0d523905f0aaea3391b5b6499225fbcd3f75b0bc053a966d0523,64,64,1,RGBA,True,False,16384,03fca885909e89a0eab4d9abcca5e83b63bfa1434afe9bdc8a1b515d89f0ce8e
base,game/modules/tome/data/gfx/shockbolt/npc/patrol_allied_kingdoms_allied_kingdoms_human_patrol.png,shockbolt/npc/patrol_allied_kingdoms_allied_kingdoms_human_patrol.png,shockbolt/npc,game,/data/gfx/shockbolt/npc/patrol_allied_kingdoms_allied_kingdoms_human_patrol.png,.png,9324,851077036745be40530deb045cff48ad35aae4c454d5991cde70a63fcf55b768,64,64,1,RGBA,True,False,16384,6c8c65e69507272af77ba0075df7cbfef9aa0db83ebfa507cd05e01f77ec25c6
base,game/modules/tome/data/gfx/shockbolt/npc/patrol_orc_pride_orcs_patrol.png,shockbolt/npc/patrol_orc_pride_orcs_patrol.png,shockbolt/npc,game,/data/gfx/shockbolt/npc/patrol_orc_pride_orcs_patrol.png,.png,9384,1aea21f4b2776996fda2d2a5519eb9efb6c5d423770e736eb365a4fb8b9f5556,64,64,1,RGBA,True,False,16384,22ac480b55901b16ed30bc798538f8f0912454c9ee73648d6d418541fbbb1dfc
base,game/modules/tome/data/gfx/shockbolt/npc/patrol_sunwall_anorithil_patrol.png,shockbolt/npc/patrol_sunwall_anorithil_patrol.png,shockbolt/npc,game,/data/gfx/shockbolt/npc/patrol_sunwall_anorithil_patrol.png,.png,9425,5bf20b9fcd7a73b85de630566d434d6cd665b70841ab8082e5a62bd7c10f9972,64,64,1,RGBA,True,False,16384,a8cf434c7371f595f89b1754d9bf0dd1ce6168a0acd6439da53a16dc8b9fd94a
base,game/modules/tome/data/gfx/shockbolt/npc/patrol_sunwall_sun_paladins_patrol.png,shockbolt/npc/patrol_sunwall_sun_paladins_patrol.png,shockbolt/npc,game,/data/gfx/shockbolt/npc/patrol_sunwall_sun_paladins_patrol.png,.png,10033,e45ea5a0099c1a54ce3046b03f76b7e1d29f86c0e07dbdb5917cb35c29fdbf1f,64,64,1,RGBA,True,False,16384,d6698c50603ffa35f0b48582463f420b7af8b8065432e3e0842d367389e99747
base,game/modules/tome/data/gfx/shockbolt/npc/polar_bear.png,shockbolt/npc/polar_bear.png,shockbolt/npc,game,/data/gfx/shockbolt/npc/polar_bear.png,.png,9759,3becc54518c63c89f50456a4677bda2d04ca4d7e16f0189de680c1bc96d78cbb,64,64,1,RGBA,True,False,16384,ed11dd71ff0316e10a6ef10b281403b5d2984e2df3c3f255e62fd7e310c73137
base,game/modules/tome/data/gfx/shockbolt/npc/red_ant.png,shockbolt/npc/red_ant.png,shockbolt/npc,game,/data/gfx/shockbolt/npc/red_ant.png,.png,8582,9d5eed4abee6129def3277c8ff43a74bad8d13cae949a5dce6416f5503386eb0,64,64,1,RGBA,True,False,16384,0436ca38c23ea8679bea69cda4650506b8f2c9df0a4b9f840a812250b6868f3b
base,game/modules/tome/data/gfx/shockbolt/npc/sage_kitty.png,shockbolt/npc/sage_kitty.png,shockbolt/npc,game,/data/gfx/shockbolt/npc/sage_kitty.png,.png,7983,8b405d0e1d998811ff47ea5202ecd8d5befa5c35b95ae5d2802759f23bfe9849,64,64,1,RGBA,True,False,16384,d3d6ea5b76415647c8662dea242d94344a4e0c6e7fb24cb663b89455ebe2b1f8
base,game/modules/tome/data/gfx/shockbolt/npc/salmon-snake.png,shockbolt/npc/salmon-snake.png,shockbolt/npc,game,/data/gfx/shockbolt/npc/salmon-snake.png,.png,6747,ca0ad07b3875339609a877c5fa1a94134ae8b175908d23c9d778008d02f3b68d,64,64,1,RGBA,True,False,16384,1c7085b274fa6b0f7be6a021995ed6dd0f3414c3b413f20c964b64e18c349145
base,game/modules/tome/data/gfx/shockbolt/npc/seed_of_dreams.png,shockbolt/npc/seed_of_dreams.png,shockbolt/npc,game,/data/gfx/shockbolt/npc/seed_of_dreams.png,.png,6450,014b076209ad12e45f2cbb7b867404e708bf2fbcbd42b3a36c1efa90d6992303,64,64,1,RGBA,True,False,16384,b1d60017ab0523eaf63605f9d51df28a75df71d2d66275afbbaee48c5158b147
base,game/modules/tome/data/gfx/shockbolt/npc/shadow-caster.png,shockbolt/npc/shadow-caster.png,shockbolt/npc,game,/data/gfx/shockbolt/npc/shadow-caster.png,.png,5314,c05af8f5b95c6d133eb025a00195fc34571d5e10ea459ca47031a4d528b27efb,64,64,1,RGBA,True,False,16384,2f1948d7761653212f6245557012ec3bf02f9652e4fcc782967537ab174355c7
base,game/modules/tome/data/gfx/shockbolt/npc/shadow-claw.png,shockbolt/npc/shadow-claw.png,shockbolt/npc,game,/data/gfx/shockbolt/npc/shadow-claw.png,.png,3107,a4fc102eb564c6bb05a3d0284376ce57141810ffccaddeeb06e89accc9b21384,64,64,1,RGBA,True,False,16384,6a6bb38479237303997cefe200b8ab75482f9b807cd957f7aad4919729623551
base,game/modules/tome/data/gfx/shockbolt/npc/shadow-stalker.png,shockbolt/npc/shadow-stalker.png,shockbolt/npc,game,/data/gfx/shockbolt/npc/shadow-stalker.png,.png,2311,0c66bd0c07996a072251841140b707f086807234c53d1aee54b198d2350f22a2,64,64,1,RGBA,True,False,16384,fced779a22b1a8cc11c4147ab9b284c6d942be86b2ca480849d202272d1b37fe
base,game/modules/tome/data/gfx/shockbolt/npc/skeleton_archer.png,shockbolt/npc/skeleton_archer.png,shockbolt/npc,game,/data/gfx/shockbolt/npc/skeleton_archer.png,.png,7321,0f097b6d1ef0b167bb13c9137efe158ed7462c7db1bb435d34a7c846043c0080,64,64,1,RGBA,True,False,16384,fb0889753716ea45dd7b0b2f5fe4d1b93708ac4e80cfc072d295729bc63995fa
base,game/modules/tome/data/gfx/shockbolt/npc/skeleton_mage.png,shockbolt/npc/skeleton_mage.png,shockbolt/npc,game,/data/gfx/shockbolt/npc/skeleton_mage.png,.png,9430,1bc8bd9a608aec11f618fd249dea74bb809d26702452803e6e0aeb81cf1032fe,64,64,1,RGBA,True,False,16384,73b02d987f80c7c04335b85ed9e74b5baca7bba2a20c1c561b3ed3f46bb8db24
base,game/modules/tome/data/gfx/shockbolt/npc/skeleton_warrior.png,shockbolt/npc/skeleton_warrior.png,shockbolt/npc,game,/data/gfx/shockbolt/npc/skeleton_warrior.png,.png,7650,e4f371de5e731cb079c867775924fde69e31b86f19dc67f5c8bb78ef0c8d6dba,64,64,1,RGBA,True,False,16384,2ff8862338515d91be1aa6c372927174ea57ce1c65fa76866ad64a70d44a7820
base,game/modules/tome/data/gfx/shockbolt/npc/snaproot_pimp.png,shockbolt/npc/snaproot_pimp.png,shockbolt/npc,game,/data/gfx/shockbolt/npc/snaproot_pimp.png,.png,9120,89d5d9d60cea0e2d07364d531e00484866b9e297e78f7c10758c407c7ed98c35,64,64,1,RGBA,True,False,16384,41204c2f2ebb86fac7ebfcc2ba36212687cd0b1f015c2bb28888b38bb7b48a01
base,game/modules/tome/data/gfx/shockbolt/npc/snowman01.png,shockbolt/npc/snowman01.png,shockbolt/npc,game,/data/gfx/shockbolt/npc/snowman01.png,.png,2485,ec64b3dd2942ca955f29516f9e4108c004a1979686065c68663b30e8ab28ff64,64,64,1,RGBA,True,False,16384,8b0b672ea80ab63b0c3d52cc6000ac87121f831c6596c37713bccf9c6d369cf2
base,game/modules/tome/data/gfx/shockbolt/npc/spellblaze_crystal.png,shockbolt/npc/spellblaze_crystal.png,shockbolt/npc,game,/data/gfx/shockbolt/npc/spellblaze_crystal.png,.png,8875,af53c90c3f0ec3bd954f879c017452205e93c7d71040439fc9162189cf9907e5,64,64,1,RGBA,True,False,16384,40f0013ae18b153dc52014a0125f3d876a14651eca1217351684f91f7250b535
base,game/modules/tome/data/gfx/shockbolt/npc/spellblaze_simulacrum.png,shockbolt/npc/spellblaze_simulacrum.png,shockbolt/npc,game,/data/gfx/shockbolt/npc/spellblaze_simulacrum.png,.png,11115,39b7c740f8efe9321571f4061467234499499b4f2fc075df73804859f8bc71a7,64,128,1,RGBA,True,False,32768,8c3be5de1f46bf901d8cd2d70c51500e8a61bb7bbea9c409cd28e58e6cfadc2e
base,game/modules/tome/data/gfx/shockbolt/npc/spiderkin_shiaak_shiaak_venomblade.png,shockbolt/npc/spiderkin_shiaak_shiaak_venomblade.png,shockbolt/npc,game,/data/gfx/shockbolt/npc/spiderkin_shiaak_shiaak_venomblade.png,.png,11543,467256137ba8bd8b58dad3794a16e60652111d8b7ca82e2a8720373e79f897a2,64,128,1,RGBA,True,False,32768,a92685c8324ab0b46b32c6e96aa0a04b3c5fb55871e4ae105fa1c0f4f71d4fdd
base,game/modules/tome/data/gfx/shockbolt/npc/spiderkin_spider_chitinous_spider.png,shockbolt/npc/spiderkin_spider_chitinous_spider.png,shockbolt/npc,game,/data/gfx/shockbolt/npc/spiderkin_spider_chitinous_spider.png,.png,8807,416c32b2724c0dfd57a05e625cda8b7d00a00d0abb1dcd1673fba7239dabcb4f,64,64,1,RGBA,True,False,16384,18dd5995bbbcb2785ff9329019c37a0f97dff793cc18baac3ba5d173d20071b8
base,game/modules/tome/data/gfx/shockbolt/npc/spiderkin_spider_faerlhing.png,shockbolt/npc/spiderkin_spider_faerlhing.png,shockbolt/npc,game,/data/gfx/shockbolt/npc/spiderkin_spider_faerlhing.png,.png,9038,c76b45b8a2d6ab6777f5493cae41bde07880c18f85998582badb0019759bfdce,64,64,1,RGBA,True,False,16384,60330c35503fd443416d95bfb2208852896c06dc4902c2d3ec7f67d1cb94a283
base,game/modules/tome/data/gfx/shockbolt/npc/spiderkin_spider_fate_spinner.png,shockbolt/npc/spiderkin_spider_fate_spinner.png,shockbolt/npc,game,/data/gfx/shockbolt/npc/spiderkin_spider_fate_spinner.png,.png,9839,bbca7ab60f5d80fe9f2461f725442126545b5f55f519f2a0c36f458a75aa3530,64,64,1,RGBA,True,False,16384,1faa2a9fa76c5c1240c2cbd3537716fd388d28b302d075e1b6e8fe00ea4c559e
base,game/modules/tome/data/gfx/shockbolt/npc/spiderkin_spider_fate_weaver.png,shockbolt/npc/spiderkin_spider_fate_weaver.png,shockbolt/npc,game,/data/gfx/shockbolt/npc/spiderkin_spider_fate_weaver.png,.png,9276,b2fcfc40149cf8d306520dbe3587d4a2cca1811f72bc21f44c8f1718394acb9f,64,64,1,RGBA,True,False,16384,df10d70cba9cecb0dfe86009b9d4feeb6445bdd20e7b54d85c5ac88b447926f3
base,game/modules/tome/data/gfx/shockbolt/npc/spiderkin_spider_gaeramarth.png,shockbolt/npc/spiderkin_spider_gaeramarth.png,shockbolt/npc,game,/data/gfx/shockbolt/npc/spiderkin_spider_gaeramarth.png,.png,8160,fed44fee932d4f82cc54350431619f75f100cc13896510c91b5df4cf0ae6988a,64,64,1,RGBA,True,False,16384,33c4e45f09e4669ee109f491c05172ea08caaff98372caf05157a72a37b281f3
base,game/modules/tome/data/gfx/shockbolt/npc/spiderkin_spider_giant_spider.png,shockbolt/npc/spiderkin_spider_giant_spider.png,shockbolt/npc,game,/data/gfx/shockbolt/npc/spiderkin_spider_giant_spider.png,.png,7866,cf331d22ed1db2b6aa6941293c6af377ec0f19e86705e5f24f683e00579bb36d,64,64,1,RGBA,True,False,16384,551577cc9d27e47d8438794b4d64d774c03ab3a76ce577c2829f1035675d7116
base,game/modules/tome/data/gfx/shockbolt/npc/spiderkin_spider_losselhing.png,shockbolt/npc/spiderkin_spider_losselhing.png,shockbolt/npc,game,/data/gfx/shockbolt/npc/spiderkin_spider_losselhing.png,.png,8737,fe7401277929f698e86b69888ae24b63e5e7d347208b34fc75e63223a16a3bcb,64,64,1,RGBA,True,False,16384,15e303770cd52a30b4af15de1698af2e331eb4879846bbb48a8f3a7780d34027
base,game/modules/tome/data/gfx/shockbolt/npc/spiderkin_spider_nimisil.png,shockbolt/npc/spiderkin_spider_nimisil.png,shockbolt/npc,game,/data/gfx/shockbolt/npc/spiderkin_spider_nimisil.png,.png,12341,d0c8652b7df43e04d4e08098a79e35d8dba1a9eccc028d86f91bccc854598930,64,64,1,RGBA,True,False,16384,d5cfc9dcf07d27c6e54f9b9f575075b9f97326846c4a554878f12665124cd5ad
base,game/modules/tome/data/gfx/shockbolt/npc/spiderkin_spider_ninandra_the_great_weaver.png,shockbolt/npc/spiderkin_spider_ninandra_the_great_weaver.png,shockbolt/npc,game,/data/gfx/shockbolt/npc/spiderkin_spider_ninandra_the_great_weaver.png,.png,15231,cc7e9441efea0c62d455f790468d20cc1269f67a49e5f5870530fca838906703,64,128,1,RGBA,True,False,32768,dcb49d17d07df7abe407cde77baee1b731d03b3fc756d9c42a393b07851fb967
base,game/modules/tome/data/gfx/shockbolt/npc/spiderkin_spider_ninurlhing.png,shockbolt/npc/spiderkin_spider_ninurlhing.png,shockbolt/npc,game,/data/gfx/shockbolt/npc/spiderkin_spider_ninurlhing.png,.png,8602,ff6281a7b11f4736856a5388916df1dbb0fa180c9a344bf760598264375f44c3,64,64,1,RGBA,True,False,16384,3b54518bf7190a05d1fd0309980b53acd249f761ce12de7b1e75f128316e8bcf
base,game/modules/tome/data/gfx/shockbolt/npc/spiderkin_spider_orb_spinner.png,shockbolt/npc/spiderkin_spider_orb_spinner.png,shockbolt/npc,game,/data/gfx/shockbolt/npc/spiderkin_spider_orb_spinner.png,.png,8959,5b69b9c668f5175f530622f324a81e268e1328ebd479ee846bd57425daf710b1,64,64,1,RGBA,True,False,16384,7be638f9676fd36f5ba049769c40db46330dee4b1d22966bf359f81ed23a4337
base,game/modules/tome/data/gfx/shockbolt/npc/spiderkin_spider_orb_weaver.png,shockbolt/npc/spiderkin_spider_orb_weaver.png,shockbolt/npc,game,/data/gfx/shockbolt/npc/spiderkin_spider_orb_weaver.png,.png,11368,91ef610a1b50b3460e49fe4ccc9efaef0722a72a3b7d1dbc62815769e174fc83,64,64,1,RGBA,True,False,16384,66083e2d8beb9f5a00c5f7db29a9895d1b6c93e67cfc8209908e448793eea7d0
base,game/modules/tome/data/gfx/shockbolt/npc/spiderkin_spider_spitting_spider.png,shockbolt/npc/spiderkin_spider_spitting_spider.png,shockbolt/npc,game,/data/gfx/shockbolt/npc/spiderkin_spider_spitting_spider.png,.png,8468,45abd4535a0a21c97a3d4f2ad01128ffadb2598e28a749813f9fd44f95e4d6ed,64,64,1,RGBA,True,False,16384,f8ac02663708259ee6337d57b0c91424d586dce153c8e7edf93b54f3c28ff8f6
base,game/modules/tome/data/gfx/shockbolt/npc/spiderkin_spider_ungole.png,shockbolt/npc/spiderkin_spider_ungole.png,shockbolt/npc,game,/data/gfx/shockbolt/npc/spiderkin_spider_ungole.png,.png,10667,4327e9a05a90f997409b0ecd040445b2317e6800dbc5244808c56797e16a74fb,64,128,1,RGBA,True,False,32768,3ed4acda3b89c33142bdabdfdbfff38f4327142298f7355302fb084139c6331e
base,game/modules/tome/data/gfx/shockbolt/npc/spiderkin_spider_ungolmor.png,shockbolt/npc/spiderkin_spider_ungolmor.png,shockbolt/npc,game,/data/gfx/shockbolt/npc/spiderkin_spider_ungolmor.png,.png,8044,024249df91d9ecd5bea158f9991091ac1e47f08963a4580a4ed2a3fe830fe543,64,64,1,RGBA,True,False,16384,3dd78e1c3bb4afa6cbc37fb92ef4cda36f9f0f7ed661e9d7713e62a2340b8d92
base,game/modules/tome/data/gfx/shockbolt/npc/spiderkin_spider_weaver_matriarch.png,shockbolt/npc/spiderkin_spider_weaver_matriarch.png,shockbolt/npc,game,/data/gfx/shockbolt/npc/spiderkin_spider_weaver_matriarch.png,.png,11931,0359276abb3184fe86584a789bb177b9dd7688342bee75b24fd676dc71c20c8b,64,128,1,RGBA,True,False,32768,88b644f2f2cb4ef8d26eda442467f8c386bafa398867e2f51beed06c56faa73e
base,game/modules/tome/data/gfx/shockbolt/npc/spiderkin_spider_weaver_patriarch.png,shockbolt/npc/spiderkin_spider_weaver_patriarch.png,shockbolt/npc,game,/data/gfx/shockbolt/npc/spiderkin_spider_weaver_patriarch.png,.png,10339,7fee3e19c7b9b18a2dd92ea811095b5e329500695881c4d7bc343d19ef931897,64,64,1,RGBA,True,False,16384,92c6d5ab52bf6a5449e251c3cbf4ebc53d7f138131490ffc39341bfa0c1b218f
base,game/modules/tome/data/gfx/shockbolt/npc/spiderkin_spider_weaver_queen.png,shockbolt/npc/spiderkin_spider_weaver_queen.png,shockbolt/npc,game,/data/gfx/shockbolt/npc/spiderkin_spider_weaver_queen.png,.png,17939,ff3544de3ce2a17d4946392a430c91519deeb2c061dd6ccf6b59841f5ab49453,64,128,1,RGBA,True,False,32768,175b34bce5351fae960f51230066243530bf09377d0b135cb0dc5473c480e87f
base,game/modules/tome/data/gfx/shockbolt/npc/spiderkin_spider_weaver_young.png,shockbolt/npc/spiderkin_spider_weaver_young.png,shockbolt/npc,game,/data/gfx/shockbolt/npc/spiderkin_spider_weaver_young.png,.png,7246,607ad607b59a0aac23d41f3160a7eae80149f668c4f8d6a69c994a9323ddbba2,64,64,1,RGBA,True,False,16384,fe6cfc6c494930ca0379f34ded0d480a91700b7a7a0883587feb1db68e4188d1
base,game/modules/tome/data/gfx/shockbolt/npc/spiderkin_xhaiak_xhaiak_arachnomancer.png,shockbolt/npc/spiderkin_xhaiak_xhaiak_arachnomancer.png,shockbolt/npc,game,/data/gfx/shockbolt/npc/spiderkin_xhaiak_xhaiak_arachnomancer.png,.png,15319,d6e87c9f11f162bf65808098d68542ac4560f84149103a790a877b75da4a084c,64,128,1,RGBA,True,False,32768,f06e2ecd9b3c6e35b6069bddbac700a9190973c9f7add9b38029e2a21aace4e3
base,game/modules/tome/data/gfx/shockbolt/npc/stone_shader.png,shockbolt/npc/stone_shader.png,shockbolt/npc,game,/data/gfx/shockbolt/npc/stone_shader.png,.png,8841,12e61b70805468791e0e1ecc065a954f2fe61029e7b5b077d7f725daabfaa589,64,64,1,RGB,False,False,16384,6373f5fe6e8e5e3874980aee75ae6b642377d3d12c8eb3abfd917b1281bcdef4
base,game/modules/tome/data/gfx/shockbolt/npc/summoner_golem.png,shockbolt/npc/summoner_golem.png,shockbolt/npc,game,/data/gfx/shockbolt/npc/summoner_golem.png,.png,9362,61d6304bea7ba33d9011dfa2c455d04f27a0f3c2f8784d5df5777a70fe1e8392,64,64,1,RGBA,True,False,16384,c624f351f2cd0d8787a50ed1d79a2006a8e1e2e64fc0319a8332e32355aadc34
base,game/modules/tome/data/gfx/shockbolt/npc/summoner_hydra.png,shockbolt/npc/summoner_hydra.png,shockbolt/npc,game,/data/gfx/shockbolt/npc/summoner_hydra.png,.png,11640,019df6542a2c2e76102b31e4e432ba62b8ce36641cd0d15e7931653789bc8a57,64,64,1,RGBA,True,False,16384,72007b6584e546804db795034d55912827262bdfa47fb4cd426076abd9ad8f16
base,game/modules/tome/data/gfx/shockbolt/npc/summoner_ritch.png,shockbolt/npc/summoner_ritch.png,shockbolt/npc,game,/data/gfx/shockbolt/npc/summoner_ritch.png,.png,10089,586b024790e712cfa0bf900c41ef89b649e40188972a205386f1210a6ce01af3,64,64,1,RGBA,True,False,16384,1df673c9c237d4a5447cfaf43606e103b650ca2776f13737452d415809a96acb
base,game/modules/tome/data/gfx/shockbolt/npc/summoner_turtle.png,shockbolt/npc/summoner_turtle.png,shockbolt/npc,game,/data/gfx/shockbolt/npc/summoner_turtle.png,.png,7639,58c2f2ac1ffef78a7329ac7e8c1f187ee92f55330249cbaa33a4e73207c5b922,64,64,1,RGBA,True,False,16384,e9f2dfb422819a3889447397bf53cc4885ae6ee895f63ea1961f4a5d6bee2192
base,game/modules/tome/data/gfx/shockbolt/npc/summoner_wardog.png,shockbolt/npc/summoner_wardog.png,shockbolt/npc,game,/data/gfx/shockbolt/npc/summoner_wardog.png,.png,9484,2dd1db5862c6cc465abc224d59d0a592db8000eb0bbfea08bb1426229dbae1b4,64,64,1,RGBA,True,False,16384,983ea2d8fcf28cf27db054feda0fa9f8cb38c611448df286f57c81d4d6e98952
base,game/modules/tome/data/gfx/shockbolt/npc/temp_hound_01.png,shockbolt/npc/temp_hound_01.png,shockbolt/npc,game,/data/gfx/shockbolt/npc/temp_hound_01.png,.png,4790,6196701bf1b80288951efa2fc889d3b456934c922ae22ae960b64408b8652d26,64,64,1,RGBA,True,False,16384,c931345f69c261d01a2562c6d136a4a082d4b3e1019999f456d7f89136432a1b
base,game/modules/tome/data/gfx/shockbolt/npc/temp_hound_010.png,shockbolt/npc/temp_hound_010.png,shockbolt/npc,game,/data/gfx/shockbolt/npc/temp_hound_010.png,.png,6992,7656e8c160e0307083ca7ca7353f2c61b24f3ac52e1c0269afd4af57e4b8b75c,64,64,1,RGBA,True,False,16384,a01d55f0c06a42fcfec5337938c41731fe093223db410f0b12845dd367b620ff
base,game/modules/tome/data/gfx/shockbolt/npc/temp_hound_011.png,shockbolt/npc/temp_hound_011.png,shockbolt/npc,game,/data/gfx/shockbolt/npc/temp_hound_011.png,.png,7377,f84960ee89195228fac89130898d0ae0358b59736dc299be407067935691a6db,64,64,1,RGBA,True,False,16384,9d4d0cab77bb15dd7be5ee4076766c5142dfb71826e4ea429f799c89c86ae944
base,game/modules/tome/data/gfx/shockbolt/npc/temp_hound_012.png,shockbolt/npc/temp_hound_012.png,shockbolt/npc,game,/data/gfx/shockbolt/npc/temp_hound_012.png,.png,7051,e76c4114702f90bf39a11937e2f34300108b70e9bf4b39abd8fc1171675ebf01,64,64,1,RGBA,True,False,16384,6e7088f8e26d929661d6f4ffe00c15f986e33a3abfc0da20cdd9c3bb8a037fc3
base,game/modules/tome/data/gfx/shockbolt/npc/temp_hound_02.png,shockbolt/npc/temp_hound_02.png,shockbolt/npc,game,/data/gfx/shockbolt/npc/temp_hound_02.png,.png,6436,40f3abfa6004d84d00f5d92aca3f3b9574232101232256235d056bdf5c7674b4,64,64,1,RGBA,True,False,16384,d3ccfb58f8b817c6a43ba2d22c5d3977852bb1aec077f1ed0744c6a92206e0d5
base,game/modules/tome/data/gfx/shockbolt/npc/temp_hound_03.png,shockbolt/npc/temp_hound_03.png,shockbolt/npc,game,/data/gfx/shockbolt/npc/temp_hound_03.png,.png,7189,7e5374bab32c10e7667f2fb4d61b82bf7584584b67a6a4607d29aa22550bcd9d,64,64,1,RGBA,True,False,16384,5b1be6bc8119cc9aaa66470b733b24b7ca0e2e1e1c895eaf0012cabaa67b760d
base,game/modules/tome/data/gfx/shockbolt/npc/temp_hound_04.png,shockbolt/npc/temp_hound_04.png,shockbolt/npc,game,/data/gfx/shockbolt/npc/temp_hound_04.png,.png,7493,9fc7c3c5e02f214ac39d15bdbef9ad557824742e0d45c817562c0618e3289ebe,64,64,1,RGBA,True,False,16384,955f7e0caa4d99458f9255fc891136b7aeda0163dafa23dbedf5ecb3b8dde0f0
base,game/modules/tome/data/gfx/shockbolt/npc/temp_hound_05.png,shockbolt/npc/temp_hound_05.png,shockbolt/npc,game,/data/gfx/shockbolt/npc/temp_hound_05.png,.png,7754,deec4a8f284909510758531babd8b742d12f14e3f9c81fd330ddefd733ef1c1c,64,64,1,RGBA,True,False,16384,db6dda0add2ff2ad098e79dfd554620686fc1be7c89610aa28a6fc966c0748af
base,game/modules/tome/data/gfx/shockbolt/npc/temp_hound_06.png,shockbolt/npc/temp_hound_06.png,shockbolt/npc,game,/data/gfx/shockbolt/npc/temp_hound_06.png,.png,7567,9633584a32cb4a7f0b4e28a1ff23fe8d9e2b0933ed5d1ab1440b4cfac511a44e,64,64,1,RGBA,True,False,16384,f2776908c78453155440ff832157316188cb8a3867e11f3cb9b2bef68a95138a
base,game/modules/tome/data/gfx/shockbolt/npc/temp_hound_07.png,shockbolt/npc/temp_hound_07.png,shockbolt/npc,game,/data/gfx/shockbolt/npc/temp_hound_07.png,.png,6247,c88684b8596ef3d0e92c059639d6238a58fcbf47e60eb129b99d8cce91be2a53,64,64,1,RGBA,True,False,16384,5193fee2981ccc5ebf82d48d733dc269f6ebc244da2a67dd1cecdc12f2f13512
base,game/modules/tome/data/gfx/shockbolt/npc/temp_hound_08.png,shockbolt/npc/temp_hound_08.png,shockbolt/npc,game,/data/gfx/shockbolt/npc/temp_hound_08.png,.png,7704,2c6bdc0eeae31f8b2f4debbf78d5c69ffd698b78fd87911883760026f6b6ab36,64,64,1,RGBA,True,False,16384,ab0402d6f7217a36c5b5230f3a987a93e875a18457c12fe22e81bb60fb5eaed7
base,game/modules/tome/data/gfx/shockbolt/npc/temp_hound_09.png,shockbolt/npc/temp_hound_09.png,shockbolt/npc,game,/data/gfx/shockbolt/npc/temp_hound_09.png,.png,7359,03c852bae44cde65664a4c60333c2bc9611029642d3d8b4aa686bd178a575edd,64,64,1,RGBA,True,False,16384,8a81cb4b14566e64d126045d0f54afd9424d1c6f9a97aa0933eae25a50f62629
base,game/modules/tome/data/gfx/shockbolt/npc/the_master.png,shockbolt/npc/the_master.png,shockbolt/npc,game,/data/gfx/shockbolt/npc/the_master.png,.png,8063,cada39649bc0a1928463d173a97e216166d48ff22b8b1532b1ad0f509b81ac32,64,64,1,RGBA,True,False,16384,0576f8946bae73b7858c5cd8f725244dc5a3d097cc16bf3578c0f7de3f51039d
base,game/modules/tome/data/gfx/shockbolt/npc/trap_bladestorm_swish_01.png,shockbolt/npc/trap_bladestorm_swish_01.png,shockbolt/npc,game,/data/gfx/shockbolt/npc/trap_bladestorm_swish_01.png,.png,7681,cc62539c7829dfc3c8c6050ea91333ff31ed115dba2053b536f611e016c769e1,64,64,1,RGBA,True,False,16384,e77528914ec25224ceeabb0e35b6acc9886e39df33793a5d3f622f0e9688d9a3
base,game/modules/tome/data/gfx/shockbolt/npc/trap_bladestorm_swish_02.png,shockbolt/npc/trap_bladestorm_swish_02.png,shockbolt/npc,game,/data/gfx/shockbolt/npc/trap_bladestorm_swish_02.png,.png,7208,e16b37c870bf416cac9e5ee18c79a224fac0a497afed6b2428103aff08dc8566,64,64,1,RGBA,True,False,16384,7c32d3a6f70047802e8470ae1cece30f03e650e758095cbae4249410ff9a6b54
base,game/modules/tome/data/gfx/shockbolt/npc/troll_bill.png,shockbolt/npc/troll_bill.png,shockbolt/npc,game,/data/gfx/shockbolt/npc/troll_bill.png,.png,11782,bb9c171e7980680df6bfb6ca6c50a9d61f5256df70ba7e882931b4b754c9ea1f,64,128,1,RGBA,True,False,32768,8d1708252ff946ca37144efda536e852681eabc1d506a2270a1974bd806b0bc1
base,game/modules/tome/data/gfx/shockbolt/npc/troll_c.png,shockbolt/npc/troll_c.png,shockbolt/npc,game,/data/gfx/shockbolt/npc/troll_c.png,.png,8798,ee046be5a746cc9667c106b383dbff0444d066e01190086590e52d1f0484d17a,64,64,1,RGBA,True,False,16384,2271e5363c1db20df0cabad2edfa16309f3e3bc3304885522a6e538cd378c3fd
base,game/modules/tome/data/gfx/shockbolt/npc/troll_c_02.png,shockbolt/npc/troll_c_02.png,shockbolt/npc,game,/data/gfx/shockbolt/npc/troll_c_02.png,.png,9124,d583a461f3b1181f121571c536c7f123445511c79a3d352ad36819a6c7cf042e,64,64,1,RGBA,True,False,16384,d3212657392a8cf2c7bc9dbf61402a1ea6c4b20e60b47f96a71be5726e354d9f
base,game/modules/tome/data/gfx/shockbolt/npc/troll_f.png,shockbolt/npc/troll_f.png,shockbolt/npc,game,/data/gfx/shockbolt/npc/troll_f.png,.png,8649,4c3ea3f189c3bfd3750d8cec84b77975fbbb7a2777457f6df6dd7473122c4cb8,64,64,1,RGBA,True,False,16384,6ddd389d6860af12aab4cefb1a0a22aa1d850740d78486552d80ce4b5706a2f9
base,game/modules/tome/data/gfx/shockbolt/npc/troll_m.png,shockbolt/npc/troll_m.png,shockbolt/npc,game,/data/gfx/shockbolt/npc/troll_m.png,.png,9009,0b3394e981cca66492baff3b891f46d90db1b121fb1d9fc85015f291b4d965ca,64,64,1,RGBA,True,False,16384,95800af358bf47836c88b25b52d5f82e9240249ad29aae7cbcc6b577a5282911
base,game/modules/tome/data/gfx/shockbolt/npc/troll_mt.png,shockbolt/npc/troll_mt.png,shockbolt/npc,game,/data/gfx/shockbolt/npc/troll_mt.png,.png,9157,3961079766042ce890676ec12b01868898fc4c7b0eb45f026d723e4ff4261f63,64,64,1,RGBA,True,False,16384,aadc027a62bc36946669c49d678ad543cabef96fb4f797f953736a7712309260
base,game/modules/tome/data/gfx/shockbolt/npc/troll_s.png,shockbolt/npc/troll_s.png,shockbolt/npc,game,/data/gfx/shockbolt/npc/troll_s.png,.png,8928,66c46de0f5a2eaffe7e9752b6083d3c90552d0e98b57151b16c3f5a7abb12b7f,64,64,1,RGBA,True,False,16384,17933649a6e627220702838e67e30bdbdff968fa148b5db8758f40fd8b2e120e
base,game/modules/tome/data/gfx/shockbolt/npc/troll_s_02.png,shockbolt/npc/troll_s_02.png,shockbolt/npc,game,/data/gfx/shockbolt/npc/troll_s_02.png,.png,9147,81b4c54cfc87bfdf943ba91003a1edebc24e0903e71583042849891f7841b8dc,64,64,1,RGBA,True,False,16384,98182b2b2a298de302d689d04b767e010bb2aed657ec8be1dae49d088e186aa0
base,game/modules/tome/data/gfx/shockbolt/npc/troll_s_03.png,shockbolt/npc/troll_s_03.png,shockbolt/npc,game,/data/gfx/shockbolt/npc/troll_s_03.png,.png,9364,7d122778ada2a65174aa6dee39cdf809215cc8e6bcd70cd074afa0b392fee25b,64,64,1,RGBA,True,False,16384,b95b952aa62308601969ffc93bc208ba31d578c7be6356a2b29350b14823cea6
base,game/modules/tome/data/gfx/shockbolt/npc/tutorial.png,shockbolt/npc/tutorial.png,shockbolt/npc,game,/data/gfx/shockbolt/npc/tutorial.png,.png,27058,03bf2ed96cdff6e98776bbeedb34701c26901627f17640c6664160b7c088f059,128,192,1,RGBA,True,False,98304,cce47ced619dfa0cb5a59db99842bdc1ab283cad651f7ab076fa737e045a6b0e
base,game/modules/tome/data/gfx/shockbolt/npc/umber-snake.png,shockbolt/npc/umber-snake.png,shockbolt/npc,game,/data/gfx/shockbolt/npc/umber-snake.png,.png,6707,ae0bca0d606c580e31570a0541821137647ea75e289a73babcf8c6ac1d1c9fd3,64,64,1,RGBA,True,False,16384,25b53826ecfcc4b1efdad466548dfe80c40572a5bdb1b3684f625f6980b086b1
base,game/modules/tome/data/gfx/shockbolt/npc/undead_ghost_aletta_soultorn.png,shockbolt/npc/undead_ghost_aletta_soultorn.png,shockbolt/npc,game,/data/gfx/shockbolt/npc/undead_ghost_aletta_soultorn.png,.png,9334,f64139cb953c1c38e980e05cb93eb058ea8bc98693c9500c9ba7d3a080be71a9,64,64,1,RGBA,True,False,16384,dd10e3d3a910bc947ba9670bc1f736cdbcc709fa61284356985feb07e38b175b
base,game/modules/tome/data/gfx/shockbolt/npc/undead_ghost_glacial_legion.png,shockbolt/npc/undead_ghost_glacial_legion.png,shockbolt/npc,game,/data/gfx/shockbolt/npc/undead_ghost_glacial_legion.png,.png,14760,8d51e1384956ccbd4d18ecdab31d2426e72fd7f9ed984910556b38b06c8ff2c9,64,128,1,RGBA,True,False,32768,d085d4db298ce8bc18e4186ccac7d8c7892170e0a5a5f59f5329d275eaab9a68
base,game/modules/tome/data/gfx/shockbolt/npc/undead_ghost_kor_s_fury.png,shockbolt/npc/undead_ghost_kor_s_fury.png,shockbolt/npc,game,/data/gfx/shockbolt/npc/undead_ghost_kor_s_fury.png,.png,7254,aa9accbf4bdbd1298d7f3b5a3322fa009d7a9b0dfe8534c495d4e7ca44339759,64,64,1,RGBA,True,False,16384,5aebb0408ebf5c6ae37df87f8ef87a0b86a75ea74461ff19c148fd96d7506113
base,game/modules/tome/data/gfx/shockbolt/npc/undead_ghost_ruin_banshee.png,shockbolt/npc/undead_ghost_ruin_banshee.png,shockbolt/npc,game,/data/gfx/shockbolt/npc/undead_ghost_ruin_banshee.png,.png,8309,64ab1be9763f9ba28212005fe184a9ace9c43645d9c1053211bbe9b2915b27fc,64,64,1,RGBA,True,False,16384,2a86ff64fe77af10200c56e7476023f63a2ed56bfe35aa54f5293d33856d1aa6
base,game/modules/tome/data/gfx/shockbolt/npc/undead_ghost_the_shade_of_telos.png,shockbolt/npc/undead_ghost_the_shade_of_telos.png,shockbolt/npc,game,/data/gfx/shockbolt/npc/undead_ghost_the_shade_of_telos.png,.png,7415,9ec8d1f9f24e87c35e25cccdd474da79709cccdb95ecc12fa25f68fd00de8b92,64,64,1,RGBA,True,False,16384,a0bfebf0894fd321944d0be9f191eaf4f994b688ebf4369bc349921b1d6fa951
base,game/modules/tome/data/gfx/shockbolt/npc/undead_ghost_will_o__the_wisp.png,shockbolt/npc/undead_ghost_will_o__the_wisp.png,shockbolt/npc,game,/data/gfx/shockbolt/npc/undead_ghost_will_o__the_wisp.png,.png,5694,736ee2a1642313163f849374a537c53b1c64fffa5026383f6737cfcc0f7abe93,64,64,1,RGBA,True,False,16384,fb429b3dc522d18a556debfb0205c26850c6715daf1e762a3b29e0297e20c830
base,game/modules/tome/data/gfx/shockbolt/npc/undead_ghoul_borfast_the_broken.png,shockbolt/npc/undead_ghoul_borfast_the_broken.png,shockbolt/npc,game,/data/gfx/shockbolt/npc/undead_ghoul_borfast_the_broken.png,.png,9881,425372b414ed314063253846a2a0cd89bdff5a4b18d22c9ce6937c3fff4c9efc,64,64,1,RGBA,True,False,16384,a67db7c1f5177a09f45125a2f1b59df04816274a6f9283bceb77d3e8b867fc0c
base,game/modules/tome/data/gfx/shockbolt/npc/undead_ghoul_ghast.png,shockbolt/npc/undead_ghoul_ghast.png,shockbolt/npc,game,/data/gfx/shockbolt/npc/undead_ghoul_ghast.png,.png,9612,04b4ef3f2734a8fe66ec4b69dcee1b10e539b89adca7f303144b99be10b5f922,64,64,1,RGBA,True,False,16384,b8ed945baa8491acfabee5c01fb07a941decec0b92335aa240b8375dc30aa692
base,game/modules/tome/data/gfx/shockbolt/npc/undead_ghoul_ghoul.png,shockbolt/npc/undead_ghoul_ghoul.png,shockbolt/npc,game,/data/gfx/shockbolt/npc/undead_ghoul_ghoul.png,.png,7291,9f0a8e16304e32bce4b6d21fc4b025cd0dae0fd9240187c3ab93521e9d6f7a20,64,64,1,RGBA,True,False,16384,479e241e27d7790152030c2cf303b09ef035de4c1a2725ac4e345d24682e50d2
base,game/modules/tome/data/gfx/shockbolt/npc/undead_ghoul_ghoulking.png,shockbolt/npc/undead_ghoul_ghoulking.png,shockbolt/npc,game,/data/gfx/shockbolt/npc/undead_ghoul_ghoulking.png,.png,7485,7f6daa3285b9e2718f89a0d16521c5ff13339732b9aaa3e742b2cd7beed26be2,64,64,1,RGBA,True,False,16384,be3a81cf5b7eb3c395f272c02e197cda0077ea1b5ead84363ac06eb9c201c07b
base,game/modules/tome/data/gfx/shockbolt/npc/undead_ghoul_rotting_titan.png,shockbolt/npc/undead_ghoul_rotting_titan.png,shockbolt/npc,game,/data/gfx/shockbolt/npc/undead_ghoul_rotting_titan.png,.png,12586,d625c602cd1ddc63e082f71439acdedda6708462214a7c3cf4fe5868c1c62020,64,128,1,RGBA,True,False,32768,30c3124b46f7ac9de7680d9cc1b29d7784d6f15622e700c8078b1137e600f3ce
base,game/modules/tome/data/gfx/shockbolt/npc/undead_giant_bone_giant.png,shockbolt/npc/undead_giant_bone_giant.png,shockbolt/npc,game,/data/gfx/shockbolt/npc/undead_giant_bone_giant.png,.png,10044,f617abd61d90a34b9bc275c04cbc21ac7c698e39b4219c5c43c2007db27625c1,64,128,1,RGBA,True,False,32768,08269975264d45227020b21f652bb873bada8eb2ec94cabf30a88be7ed4a5f97
base,game/modules/tome/data/gfx/shockbolt/npc/undead_giant_eternal_bone_giant.png,shockbolt/npc/undead_giant_eternal_bone_giant.png,shockbolt/npc,game,/data/gfx/shockbolt/npc/undead_giant_eternal_bone_giant.png,.png,13983,15c7f16dd09d83b8eac30febd091844eb2965a8bb1be33d16e8ece28df032986,64,128,1,RGBA,True,False,32768,71815af2ef109d769e1dff69acc8d1fc15105489c5c268f496b65881de3007d6
base,game/modules/tome/data/gfx/shockbolt/npc/undead_giant_half_finished_bone_giant.png,shockbolt/npc/undead_giant_half_finished_bone_giant.png,shockbolt/npc,game,/data/gfx/shockbolt/npc/undead_giant_half_finished_bone_giant.png,.png,15076,5311494351da078b36738f942d4f165f543564ddbbcaf830c2dbdf5627aa8c9c,64,128,1,RGBA,True,False,32768,86011c12faecbb0d55ed2bbbeed88fd39b9a8ee6a556860ab23c3f147f89a40b
base,game/modules/tome/data/gfx/shockbolt/npc/undead_giant_heavy_bone_giant.png,shockbolt/npc/undead_giant_heavy_bone_giant.png,shockbolt/npc,game,/data/gfx/shockbolt/npc/undead_giant_heavy_bone_giant.png,.png,21581,54cf4ac5c97fdcfcd06c337f1451599f1f55f4eba4875592993a448be1cacf2c,64,128,1,RGBA,True,False,32768,e692348b9f3b541ddd204aff226dbb8c4f42f8ce2da477557ac4652c6981a0f6
base,game/modules/tome/data/gfx/shockbolt/npc/undead_giant_heavy_sentinel.png,shockbolt/npc/undead_giant_heavy_sentinel.png,shockbolt/npc,game,/data/gfx/shockbolt/npc/undead_giant_heavy_sentinel.png,.png,17220,3f71fd1e56d927a546bb72d4821b68e1aee4321b4cbe3269b4c937d1bc0818a0,64,128,1,RGBA,True,False,32768,81e4fb1fa6e867abf2980f890e3eff60e4e866f1af5b39575e1407374fb5e343
base,game/modules/tome/data/gfx/shockbolt/npc/undead_giant_runed_bone_giant.png,shockbolt/npc/undead_giant_runed_bone_giant.png,shockbolt/npc,game,/data/gfx/shockbolt/npc/undead_giant_runed_bone_giant.png,.png,25614,c17376f3dd43aae746302b2b4bdcbbf88bca26e6a7dbee35b8c62a7b04620d29,64,128,1,RGBA,True,False,32768,406d87cfcbebec24eee80b906ede1b9cc358488dfaa4fec9beb9539e205a3c15
base,game/modules/tome/data/gfx/shockbolt/npc/undead_giant_ryal.png,shockbolt/npc/undead_giant_ryal.png,shockbolt/npc,game,/data/gfx/shockbolt/npc/undead_giant_ryal.png,.png,13285,1211a8721cfb18d8509be0701888951684d17c3cbaf957f2bff85d30105fa2ca,64,128,1,RGBA,True,False,32768,936356306a8fd319d831a3eee20f2f2f01925a6701350b17dd000f914dbdced9
base,game/modules/tome/data/gfx/shockbolt/npc/undead_horror_animated_blood.png,shockbolt/npc/undead_horror_animated_blood.png,shockbolt/npc,game,/data/gfx/shockbolt/npc/undead_horror_animated_blood.png,.png,7378,241e599e386ad4088c15785016c6dab793a5a28263efcbda36c0cb010ae95c32,64,128,1,RGBA,True,False,32768,5d0cc5cf5d12669bb375629a184340ddeff5303f31233d1c3a6be415dc055781
base,game/modules/tome/data/gfx/shockbolt/npc/undead_horror_bone_horror.png,shockbolt/npc/undead_horror_bone_horror.png,shockbolt/npc,game,/data/gfx/shockbolt/npc/undead_horror_bone_horror.png,.png,12227,107cf5a8b70876454ec74a31c7e9407e902b83789b56a9ffc6602fa93b0c2603,64,128,1,RGBA,True,False,32768,55a73a7f2eabe4c643b29d10ee044ad79a9e71c08db8171e3177cd023e48da10
base,game/modules/tome/data/gfx/shockbolt/npc/undead_horror_boney_experiment.png,shockbolt/npc/undead_horror_boney_experiment.png,shockbolt/npc,game,/data/gfx/shockbolt/npc/undead_horror_boney_experiment.png,.png,7803,0a37a915d312fc37fb084be1691a50f6cffe4abd5ae2f040485cfc243893a504,64,64,1,RGBA,True,False,16384,9cb81ed4e06176c8b26e55e592a6318f84dc8a5cd6d84562acb94587d5ff5dd0
base,game/modules/tome/data/gfx/shockbolt/npc/undead_horror_fleshy_experiment.png,shockbolt/npc/undead_horror_fleshy_experiment.png,shockbolt/npc,game,/data/gfx/shockbolt/npc/undead_horror_fleshy_experiment.png,.png,8251,f24bfd527028444efeb8afacecd3dc2c7695f7ccaa48ffdfa7d14b55bd104d16,64,64,1,RGBA,True,False,16384,9704b42b02c7636df2aaf25723608adee1cd4c3b6da8a488da9d0556cdb6879d
base,game/modules/tome/data/gfx/shockbolt/npc/undead_horror_necrotic_abomination.png,shockbolt/npc/undead_horror_necrotic_abomination.png,shockbolt/npc,game,/data/gfx/shockbolt/npc/undead_horror_necrotic_abomination.png,.png,10872,23103054aa9418437d39fe15eec4a2f65beaddbbc335dc791fc4ecb90cd2aa4d,64,128,1,RGBA,True,False,32768,e7504d1b9b6921089bff6df16165ab95b4982078a5ac04f6c80510612a0f23ad
base,game/modules/tome/data/gfx/shockbolt/npc/undead_horror_necrotic_mass.png,shockbolt/npc/undead_horror_necrotic_mass.png,shockbolt/npc,game,/data/gfx/shockbolt/npc/undead_horror_necrotic_mass.png,.png,6700,9bf87ea9d4da5afa4148d00995d052d264d8fbd6747a15d5c3b2cb1f12890ed1,64,128,1,RGBA,True,False,32768,a0c80f811a1e9e3c65e0d2a8a0dafdca3607687553a399b07b330f882369a9b2
base,game/modules/tome/data/gfx/shockbolt/npc/undead_horror_sanguine_experiment.png,shockbolt/npc/undead_horror_sanguine_experiment.png,shockbolt/npc,game,/data/gfx/shockbolt/npc/undead_horror_sanguine_experiment.png,.png,7226,4179cfd433e57ce4c6c1b2c2ed89e8ec49de8b72c49b59c080ddb83bff3fa92e,64,64,1,RGBA,True,False,16384,122a49db9dd60552375cbb562123688df8e776eb9a00f12fccab9046fbb7f62c
base,game/modules/tome/data/gfx/shockbolt/npc/undead_horror_sanguine_horror.png,shockbolt/npc/undead_horror_sanguine_horror.png,shockbolt/npc,game,/data/gfx/shockbolt/npc/undead_horror_sanguine_horror.png,.png,6647,73d42cd8a2efaaecbec7c0fd14b499893598220cd1b1e002cac3cbe5f6dba865,64,128,1,RGBA,True,False,32768,f3ffad2a20d47bbdf10725e5d43ebbff61f632fbd618ed1203e9a3d051ef981f
base,game/modules/tome/data/gfx/shockbolt/npc/undead_lich_ancient_lich.png,shockbolt/npc/undead_lich_ancient_lich.png,shockbolt/npc,game,/data/gfx/shockbolt/npc/undead_lich_ancient_lich.png,.png,9553,468434af1ee03b509a43e57e7986cadd8355639582755edc9b8a1b392d540f3d,64,128,1,RGBA,True,False,32768,3b3582b01563d5892ba89a9fc453bdcdc3fd6258ed7195eea397e491d738b7d0
base,game/modules/tome/data/gfx/shockbolt/npc/undead_lich_archlich.png,shockbolt/npc/undead_lich_archlich.png,shockbolt/npc,game,/data/gfx/shockbolt/npc/undead_lich_archlich.png,.png,15185,38870ad08a37dbe31f3b97474efff9aba30870c645785eb0cf50a5edff1b69e3,64,128,1,RGBA,True,False,32768,f654be3c866ed3ed9510c17677c90d938b88a1af898cee779260e99e6d639f60
base,game/modules/tome/data/gfx/shockbolt/npc/undead_lich_blood_lich.png,shockbolt/npc/undead_lich_blood_lich.png,shockbolt/npc,game,/data/gfx/shockbolt/npc/undead_lich_blood_lich.png,.png,6225,d8476e476f1237ae44454d670ca7056a9235fb8b8cd869ef1aac112c81d645c9,64,64,1,RGBA,True,False,16384,e1bbaa683e87d39e29d5254fb4b4cdd80c2801e9398352b40e7751cce41ff2aa
base,game/modules/tome/data/gfx/shockbolt/npc/undead_lich_lich.png,shockbolt/npc/undead_lich_lich.png,shockbolt/npc,game,/data/gfx/shockbolt/npc/undead_lich_lich.png,.png,8985,3461fccee7c290c1a30c2bd2f93da879155a5713664ab6d0da2cc6079af83b50,64,128,1,RGBA,True,False,32768,18d553e0904c9a5743bf97811129b640c48be3b42017c40b28e11e6f1f94dff2
base,game/modules/tome/data/gfx/shockbolt/npc/undead_mummy_ancient_elven_mummy.png,shockbolt/npc/undead_mummy_ancient_elven_mummy.png,shockbolt/npc,game,/data/gfx/shockbolt/npc/undead_mummy_ancient_elven_mummy.png,.png,8082,621fe0c9c911d1e0b97e3e0a646d720999d51482dfbc9b8c3f9d02c7577abf44,64,64,1,RGBA,True,False,16384,8261a1cfbf912033819d7bc0f69b6eedffe3f0ac3aae2c4e9b2c992c8964ec68
base,game/modules/tome/data/gfx/shockbolt/npc/undead_mummy_animated_mummy_wrappings.png,shockbolt/npc/undead_mummy_animated_mummy_wrappings.png,shockbolt/npc,game,/data/gfx/shockbolt/npc/undead_mummy_animated_mummy_wrappings.png,.png,8923,c09d40d5c20f53dd2e5f83b312f189f6272142824b2c3dbbed80e2ec65cdbd8d,64,64,1,RGBA,True,False,16384,b12007d234db21afc6845876e8e104c350da8d2887bfe51309daccef7dd1d0ec
base,game/modules/tome/data/gfx/shockbolt/npc/undead_mummy_greater_mummy.png,shockbolt/npc/undead_mummy_greater_mummy.png,shockbolt/npc,game,/data/gfx/shockbolt/npc/undead_mummy_greater_mummy.png,.png,10067,8944d879adff528b211edf4b75278ba8fe49f66455dc0c3db2e1272261b87ab0,64,64,1,RGBA,True,False,16384,10066f301cf1f0c47c40598ade269e90ab1f84280b18d3ac638ca7cdb67b8283
base,game/modules/tome/data/gfx/shockbolt/npc/undead_mummy_greater_mummy_lord.png,shockbolt/npc/undead_mummy_greater_mummy_lord.png,shockbolt/npc,game,/data/gfx/shockbolt/npc/undead_mummy_greater_mummy_lord.png,.png,9453,2f2b5e473d49b2820c6d4862c25d667b51defbac9d0fb4bf09c50cedfdbc4c5b,64,64,1,RGBA,True,False,16384,4fbf86387937cc5a570f018a087ba7ec17f2a2f07d265b7a4e820729c6e21b2f
base,game/modules/tome/data/gfx/shockbolt/npc/undead_mummy_rotting_mummy.png,shockbolt/npc/undead_mummy_rotting_mummy.png,shockbolt/npc,game,/data/gfx/shockbolt/npc/undead_mummy_rotting_mummy.png,.png,7760,d552d523a293587b232059fe0a0d3e7aefd0fe56a7d8fe1d3dd545ec749bd061,64,64,1,RGBA,True,False,16384,452a436d717d047efa79c85f8c29e6bb69ce590e2e779ac98c0a045aeba00d9d
base,game/modules/tome/data/gfx/shockbolt/npc/undead_rodent_ghoulish_rat.png,shockbolt/npc/undead_rodent_ghoulish_rat.png,shockbolt/npc,game,/data/gfx/shockbolt/npc/undead_rodent_ghoulish_rat.png,.png,8573,7f456aef8ea19909a9a1eefeada0f7af9db77c0cafa1d99440cae33f4d332921,64,64,1,RGBA,True,False,16384,8ca8c992c5f401818e8b0e8c83f18a1073c6a96b190262dd17ab482f8c30d2b2
base,game/modules/tome/data/gfx/shockbolt/npc/undead_rodent_gigantic_bone_rat.png,shockbolt/npc/undead_rodent_gigantic_bone_rat.png,shockbolt/npc,game,/data/gfx/shockbolt/npc/undead_rodent_gigantic_bone_rat.png,.png,12222,b763d8da2a4e65c06033aeb1258c85ab288027a6ac24b3ff3d873b5b1fecc6cf,64,128,1,RGBA,True,False,32768,59942948b7c2dc50ffd344f89a539aa8c8259f19ca6e8132207a71550c3775e9
base,game/modules/tome/data/gfx/shockbolt/npc/undead_rodent_rat_lich.png,shockbolt/npc/undead_rodent_rat_lich.png,shockbolt/npc,game,/data/gfx/shockbolt/npc/undead_rodent_rat_lich.png,.png,9364,85523f4e6e1f91355ede05c716c72b88bd5ec34ba353a9da7faa401ed717a1f6,64,64,1,RGBA,True,False,16384,d822d7ada5a5e3c613038339750eef1c24537a44977858bb0a0ce2fe400192bc
base,game/modules/tome/data/gfx/shockbolt/npc/undead_rodent_skeletal_rat.png,shockbolt/npc/undead_rodent_skeletal_rat.png,shockbolt/npc,game,/data/gfx/shockbolt/npc/undead_rodent_skeletal_rat.png,.png,7058,a013cf88cd5981d6b0e92a872b68967e1acce918a575c86f57160b9e007e1641,64,64,1,RGBA,True,False,16384,e3a20d01aa5dc0c8256e2bc7646802f2119eb732f59d77e35608cc21be569747
base,game/modules/tome/data/gfx/shockbolt/npc/undead_rodent_spectral_rat.png,shockbolt/npc/undead_rodent_spectral_rat.png,shockbolt/npc,game,/data/gfx/shockbolt/npc/undead_rodent_spectral_rat.png,.png,10829,5f22dd6f863d0f8ea86e8d08fdd8bdd2cf9086f410010f22ee4a98c97a24ba72,64,64,1,RGBA,True,False,16384,4b18636efb703842750f2d1af24c253a9da4a0796571761787160f430d36e86a
base,game/modules/tome/data/gfx/shockbolt/npc/undead_rodent_vampire_rat.png,shockbolt/npc/undead_rodent_vampire_rat.png,shockbolt/npc,game,/data/gfx/shockbolt/npc/undead_rodent_vampire_rat.png,.png,8218,f6cf8ceb94c06657c6a52bdff8402d95babad988499b68e57c8118c0bf49596c,64,64,1,RGBA,True,False,16384,3970a5079e57688d2ecb3e693ee0e7410048e7048ceec9bfd9ad66d6d1b4a50c
base,game/modules/tome/data/gfx/shockbolt/npc/undead_shadow_shadow.png,shockbolt/npc/undead_shadow_shadow.png,shockbolt/npc,game,/data/gfx/shockbolt/npc/undead_shadow_shadow.png,.png,2717,e3d04bd5cbbb32e222b3bdc7b72f606be4e436c2e5da78ddbfa4fac2a986be04,64,64,1,RGBA,True,False,16384,5843a4a17764df6fa84d438af3f2d6ba62ab3c1d632d850e04bce49d1e6d297b
base,game/modules/tome/data/gfx/shockbolt/npc/undead_skeleton_cowboy.png,shockbolt/npc/undead_skeleton_cowboy.png,shockbolt/npc,game,/data/gfx/shockbolt/npc/undead_skeleton_cowboy.png,.png,8010,e2667cba764bf9483506fa32174de17b51ca3eb0dfe167db27b01b127f485185,64,64,1,RGBA,True,False,16384,60eb0f97818ea7cbff3e5f6cda6f21d629bea58c296baf75761c15d7a3179ef5
base,game/modules/tome/data/gfx/shockbolt/npc/undead_skeleton_degenerated_skeleton_archer.png,shockbolt/npc/undead_skeleton_degenerated_skeleton_archer.png,shockbolt/npc,game,/data/gfx/shockbolt/npc/undead_skeleton_degenerated_skeleton_archer.png,.png,6399,9bda38139ab51883cc04baa4c57220de46bff6a874b64be8c2e9a8e638012144,64,64,1,RGBA,True,False,16384,a4991e0ae2e65becf5963ecede6fa605a2f7e832e0a2f5bcb91d1f9099491955
base,game/modules/tome/data/gfx/shockbolt/npc/undead_skeleton_director_hompalan.png,shockbolt/npc/undead_skeleton_director_hompalan.png,shockbolt/npc,game,/data/gfx/shockbolt/npc/undead_skeleton_director_hompalan.png,.png,5132,2bb1af3fdd84baeab8f9dd4f0e5014a3bc7ae2eaed689e1247c144e719f003ea,64,64,1,RGBA,True,False,16384,ccf6b47ac4d4f24d8dff680276813b1166c68178af2298d0178fc73db66aed5c
base,game/modules/tome/data/gfx/shockbolt/npc/undead_skeleton_filio_flightfond.png,shockbolt/npc/undead_skeleton_filio_flightfond.png,shockbolt/npc,game,/data/gfx/shockbolt/npc/undead_skeleton_filio_flightfond.png,.png,7366,2bcb7c5098c22a50ab757c3c32428bd251e5f2699eb10e2a2435a7ab455048a4,64,64,1,RGBA,True,False,16384,d83a26eb05a3788f18bd0648965d1a5f043735c8f7157402c1dd2afffaee87c3
base,game/modules/tome/data/gfx/shockbolt/npc/undead_skeleton_pale_drake.png,shockbolt/npc/undead_skeleton_pale_drake.png,shockbolt/npc,game,/data/gfx/shockbolt/npc/undead_skeleton_pale_drake.png,.png,14563,8be6ffbb3ff2fd322cc5ed353ca6e743f24319900e1d53bd3dcf471e481f6b29,64,128,1,RGBA,True,False,32768,2808f980614322945ea134161c55cc5e690fc6ab7970a8b505c971774d487534
base,game/modules/tome/data/gfx/shockbolt/npc/undead_skeleton_skeleton_assassin.png,shockbolt/npc/undead_skeleton_skeleton_assassin.png,shockbolt/npc,game,/data/gfx/shockbolt/npc/undead_skeleton_skeleton_assassin.png,.png,6854,58ec90b23816e879ecce3c403b61a74cdd08a1e2354ff51a0d6eb26ee9dff208,64,64,1,RGBA,True,False,16384,668705a8cf9036b09c919164d71eebbebf0c5c6a878a372ef9793e4ea5203e49
base,game/modules/tome/data/gfx/shockbolt/npc/undead_skeleton_skeleton_mage.png,shockbolt/npc/undead_skeleton_skeleton_mage.png,shockbolt/npc,game,/data/gfx/shockbolt/npc/undead_skeleton_skeleton_mage.png,.png,7995,f7b98ca8818cb0dd1a5d69832848192f88e15a5f9c14da9f85db9b69ec91aca3,64,64,1,RGBA,True,False,16384,b8235aeaee56e0e2739de282b66149a7446322ef2effde5b916967f0f982c9d9
base,game/modules/tome/data/gfx/shockbolt/npc/undead_skeleton_skeleton_magus.png,shockbolt/npc/undead_skeleton_skeleton_magus.png,shockbolt/npc,game,/data/gfx/shockbolt/npc/undead_skeleton_skeleton_magus.png,.png,10896,412ea06ec6011ac229ce07ee84f3822975b0066881ca8402cec884a08556bb3d,64,64,1,RGBA,True,False,16384,7443b635b5cea676dbb1a47cba778e8cc8e4f6865bcceff5f0049f852a4e5e56
base,game/modules/tome/data/gfx/shockbolt/npc/undead_skeleton_the_shade.png,shockbolt/npc/undead_skeleton_the_shade.png,shockbolt/npc,game,/data/gfx/shockbolt/npc/undead_skeleton_the_shade.png,.png,8566,6662516c9ab2175e13ac7afea0d13d510bbdadee5b428976bd6d213681040b44,64,64,1,RGBA,True,False,16384,f8743bdbeee90fce0c6914e879600c76f9306322f086528a9bd24962f1a517d7
base,game/modules/tome/data/gfx/shockbolt/npc/undead_skull_flying_skull.png,shockbolt/npc/undead_skull_flying_skull.png,shockbolt/npc,game,/data/gfx/shockbolt/npc/undead_skull_flying_skull.png,.png,6468,8d781c93a9abe7c27fc72e5624bd2253147647d9cc65a1f74643f2ce4e3e511a,64,64,1,RGBA,True,False,16384,5c76340a0c5d95421f63ca62b077b4d21fcb332ddac888307f86d6c8674c6df0
base,game/modules/tome/data/gfx/shockbolt/npc/undead_vampire_arch_zephyr.png,shockbolt/npc/undead_vampire_arch_zephyr.png,shockbolt/npc,game,/data/gfx/shockbolt/npc/undead_vampire_arch_zephyr.png,.png,15457,3388a4c070f19e5210b411d1886b60ab5291c8c261348877d5a02caaf7d793a8,64,128,1,RGBA,True,False,32768,53623d474900b98d7fe685826835412eab425c062ca52746ade17c644e64c7f5
base,game/modules/tome/data/gfx/shockbolt/npc/undead_wight_void_spectre.png,shockbolt/npc/undead_wight_void_spectre.png,shockbolt/npc,game,/data/gfx/shockbolt/npc/undead_wight_void_spectre.png,.png,5822,5bfa0b1a1e7bf0258271ab9dbc5c1f2e391a695826287b482b6f5137b3ecc0c8,64,128,1,RGBA,True,False,32768,dbe0835bb5d657c057e6066e97f476c919b855ea54eb20bebe1b7c41fe3b2d28
base,game/modules/tome/data/gfx/shockbolt/npc/unknown_unknown_the_eidolon.png,shockbolt/npc/unknown_unknown_the_eidolon.png,shockbolt/npc,game,/data/gfx/shockbolt/npc/unknown_unknown_the_eidolon.png,.png,8160,e2166d43e2679560311723aeb38e8b16adc2adf4230a07f0a600a50805cc1bc9,64,128,1,RGBA,True,False,32768,6b9a9fce6c6bbd25e167db048f8e327d9bce82aca520c2779c270a754f9cdacc
base,game/modules/tome/data/gfx/shockbolt/npc/vampire.png,shockbolt/npc/vampire.png,shockbolt/npc,game,/data/gfx/shockbolt/npc/vampire.png,.png,6589,8ba4c880d767b84a332fd26272a7b6eb332799ab293f787a371ee6c87725ded7,64,64,1,RGBA,True,False,16384,908d2e5c2fb1e85b82e25f4c9371cad5e9df460acd903d3abfa2ce0d10f21f91
base,game/modules/tome/data/gfx/shockbolt/npc/vampire_lord.png,shockbolt/npc/vampire_lord.png,shockbolt/npc,game,/data/gfx/shockbolt/npc/vampire_lord.png,.png,8464,d2b7eab812f9ffa8026adb685c31d6a63f26fd67941f227c7269e64e169748e9,64,64,1,RGBA,True,False,16384,cf875b83dc318bec012e5b46bff2bab665d157fc21780e231d68c1bf46452be8
base,game/modules/tome/data/gfx/shockbolt/npc/vampire_lord_02.png,shockbolt/npc/vampire_lord_02.png,shockbolt/npc,game,/data/gfx/shockbolt/npc/vampire_lord_02.png,.png,8790,bb8e65d4320ef367c3ffaa776d94a163e0560bdfd26842c37a245dbe802d48a8,64,64,1,RGBA,True,False,16384,4cb7473734a112770927c8f3936a2579384668769a8d001f23da1b3c2c923b78
base,game/modules/tome/data/gfx/shockbolt/npc/vermin_oozes_black_ooze.png,shockbolt/npc/vermin_oozes_black_ooze.png,shockbolt/npc,game,/data/gfx/shockbolt/npc/vermin_oozes_black_ooze.png,.png,4521,55fa4a31be50fe8173f74bcb812db0a62227c1760872d7f51fd216c4c389241e,64,64,1,RGBA,True,False,16384,c118719e04bf3c465b615b3b5b19764df365661b85706de948b9708edf739975
base,game/modules/tome/data/gfx/shockbolt/npc/vermin_oozes_bloated_ooze.png,shockbolt/npc/vermin_oozes_bloated_ooze.png,shockbolt/npc,game,/data/gfx/shockbolt/npc/vermin_oozes_bloated_ooze.png,.png,7287,ecd7632716a0046af5b228ac444d7f21a357621b0afb997391032742c00ccec7,64,64,1,RGBA,True,False,16384,c3f916ebf305c1b6b45b4e6464d719179851485515cc6fc3dc837d532c46d275
base,game/modules/tome/data/gfx/shockbolt/npc/vermin_oozes_blue_ooze.png,shockbolt/npc/vermin_oozes_blue_ooze.png,shockbolt/npc,game,/data/gfx/shockbolt/npc/vermin_oozes_blue_ooze.png,.png,5141,ced4be635ef45cbf64a5518c3010bbf89c6cf0814fb4237f451ab3d20dbf4430,64,64,1,RGBA,True,False,16384,2c868ba722176c2243982ed11d75ef94c2b5d3618e3f35a3855e456411a88b2a
base,game/modules/tome/data/gfx/shockbolt/npc/vermin_oozes_brittle_clear_ooze.png,shockbolt/npc/vermin_oozes_brittle_clear_ooze.png,shockbolt/npc,game,/data/gfx/shockbolt/npc/vermin_oozes_brittle_clear_ooze.png,.png,3232,97f41b77b75568e06853c9024b4b687134d9cad97857cabe8197292dd78d2d4f,64,64,1,LA,True,False,16384,35c8272790c52017e18dc31567d8e08f7ddca5445a6b1b2811d23d831e9c7e33
base,game/modules/tome/data/gfx/shockbolt/npc/vermin_oozes_crimson_ooze.png,shockbolt/npc/vermin_oozes_crimson_ooze.png,shockbolt/npc,game,/data/gfx/shockbolt/npc/vermin_oozes_crimson_ooze.png,.png,4576,9399facbaec6fa0f4c5f7af35a36b69324916ca141ba0deaa5f0b8ef9d00ca09,64,64,1,RGBA,True,False,16384,ed6f0679a9319774b556da7755f5d29a7cea7ac8b33be92abac6ce881e35b954
base,game/modules/tome/data/gfx/shockbolt/npc/vermin_oozes_gelatinous_cube.png,shockbolt/npc/vermin_oozes_gelatinous_cube.png,shockbolt/npc,game,/data/gfx/shockbolt/npc/vermin_oozes_gelatinous_cube.png,.png,9612,84254e4766d017612df54daa8d14326639361fc34a3df1eaca328e65afaf4422,64,64,1,RGBA,True,False,16384,306316761eab8ab93fa80d9aff3ee8abdb2f296b8ed69c08ca6d67f7c9f36ed7
base,game/modules/tome/data/gfx/shockbolt/npc/vermin_oozes_green_ooze.png,shockbolt/npc/vermin_oozes_green_ooze.png,shockbolt/npc,game,/data/gfx/shockbolt/npc/vermin_oozes_green_ooze.png,.png,5551,f0ee5bd45d5674e0b8596951aebcb012e6bc2a94def1ebc5d58e1fe6f95e0ac1,64,64,1,RGBA,True,False,16384,3a10fc6c022e072486f7aa25457dd94002a731d3cf46f456a04723c7bfd3df15
base,game/modules/tome/data/gfx/shockbolt/npc/vermin_oozes_morphic_ooze.png,shockbolt/npc/vermin_oozes_morphic_ooze.png,shockbolt/npc,game,/data/gfx/shockbolt/npc/vermin_oozes_morphic_ooze.png,.png,7499,3b115c19a91ce95296942f912ff0acd738f86016b95707c41572bd10d290d5c7,64,64,1,RGBA,True,False,16384,b61083f166877462da92ced37aa41a78d4543339ae513a6bb2dd8769817783a7
base,game/modules/tome/data/gfx/shockbolt/npc/vermin_oozes_poison_ooze.png,shockbolt/npc/vermin_oozes_poison_ooze.png,shockbolt/npc,game,/data/gfx/shockbolt/npc/vermin_oozes_poison_ooze.png,.png,4617,ae2be716acf47ad12828fa4e79a6398a5f2d24bec67cd3e924b0ea4ce410aed0,64,64,1,RGBA,True,False,16384,03f01a3734618661b75ae52b9d90c0767760e4e3b505f34dac8769d73f54d090
base,game/modules/tome/data/gfx/shockbolt/npc/vermin_oozes_red_ooze.png,shockbolt/npc/vermin_oozes_red_ooze.png,shockbolt/npc,game,/data/gfx/shockbolt/npc/vermin_oozes_red_ooze.png,.png,5420,479c328073c9e383730e9998b59f92dd46fdbc13e5fc42de0743817ba119f573,64,64,1,RGBA,True,False,16384,1fd4c3ad1ec3a48792bb522b4237d4ac0fbad6e5c20ff19cc4a2ad42f5021a56
base,game/modules/tome/data/gfx/shockbolt/npc/vermin_oozes_slimy_ooze.png,shockbolt/npc/vermin_oozes_slimy_ooze.png,shockbolt/npc,game,/data/gfx/shockbolt/npc/vermin_oozes_slimy_ooze.png,.png,6281,eceb5c919d06b239873ba52357e37e6490d4013934aa5b8ea8e91c9752cfa0e1,64,64,1,RGBA,True,False,16384,e6a3febdb2aa8760df2cace4ab965c5304c9d2dd79473e3ff30138966750bae7
base,game/modules/tome/data/gfx/shockbolt/npc/vermin_oozes_white_ooze.png,shockbolt/npc/vermin_oozes_white_ooze.png,shockbolt/npc,game,/data/gfx/shockbolt/npc/vermin_oozes_white_ooze.png,.png,3091,b6a705c4711506cb50cff0e311992d0b2a75873e2b29f1394801b2d818fb1d94,64,64,1,LA,True,False,16384,5bee33de7f7132157401893bf5f44208b1e1f05040512b881a72293b44a16ec4
base,game/modules/tome/data/gfx/shockbolt/npc/vermin_oozes_yellow_ooze.png,shockbolt/npc/vermin_oozes_yellow_ooze.png,shockbolt/npc,game,/data/gfx/shockbolt/npc/vermin_oozes_yellow_ooze.png,.png,5650,7f9a613b844d7d5cf1c0b3f25ee0022f650ee138db83699ed84d45f106047274,64,64,1,RGBA,True,False,16384,ce907888095d4dc86048f67f466af9b381ca757af11468ac31a78c25b4ceabbf
base,game/modules/tome/data/gfx/shockbolt/npc/vermin_rodent_cute_little_bunny.png,shockbolt/npc/vermin_rodent_cute_little_bunny.png,shockbolt/npc,game,/data/gfx/shockbolt/npc/vermin_rodent_cute_little_bunny.png,.png,6396,a51474d13155653e719d4b7020fccb8b55f3b49cf37b26f1b6db3efc7947a49f,64,64,1,RGBA,True,False,16384,c2e2a162eeef49f31cf44ff0e71ea303c15ed16f7a94c8071fe34903cd8888a8
base,game/modules/tome/data/gfx/shockbolt/npc/vermin_rodent_giant_brown_mouse.png,shockbolt/npc/vermin_rodent_giant_brown_mouse.png,shockbolt/npc,game,/data/gfx/shockbolt/npc/vermin_rodent_giant_brown_mouse.png,.png,7916,356511e9696e2aee8fe9908744753b49ba6dcc87e699d0675ece0f58c9a8f509,64,64,1,RGBA,True,False,16384,870cf79dff8a81b33415003dd95a03144353814743fb7809f7e4ceddcf0c8f8c
base,game/modules/tome/data/gfx/shockbolt/npc/vermin_rodent_giant_brown_rat.png,shockbolt/npc/vermin_rodent_giant_brown_rat.png,shockbolt/npc,game,/data/gfx/shockbolt/npc/vermin_rodent_giant_brown_rat.png,.png,9633,a69eacb59d206ad1cfeb2e9d2a7cac414a5178bea0f298bab85bf56f974e5a7b,64,64,1,RGBA,True,False,16384,83e4c88f827f539e2154a594b1dcc77d8940be23d012f9534afc44c0753d3dc6
base,game/modules/tome/data/gfx/shockbolt/npc/vermin_rodent_giant_crystal_rat.png,shockbolt/npc/vermin_rodent_giant_crystal_rat.png,shockbolt/npc,game,/data/gfx/shockbolt/npc/vermin_rodent_giant_crystal_rat.png,.png,10476,52005e302a22c4d5ca0fb392a31ca34fda93fa5997ca885f27d89400de147231,64,64,1,RGBA,True,False,16384,aa7d3beb4b274bd48bd964ddc1b60efbaea9e3290c305bc2686662f565280266
base,game/modules/tome/data/gfx/shockbolt/npc/vermin_rodent_giant_grey_mouse.png,shockbolt/npc/vermin_rodent_giant_grey_mouse.png,shockbolt/npc,game,/data/gfx/shockbolt/npc/vermin_rodent_giant_grey_mouse.png,.png,7668,e9330775ee35310b7db8ea570b1654c138952c451113b55cb636ab76f485c867,64,64,1,RGBA,True,False,16384,6b8c8411f9dc3bd5c5f2ce5af27ecb6adf485c012aa634aa46b4fec0ee2e65c0
base,game/modules/tome/data/gfx/shockbolt/npc/vermin_rodent_giant_grey_rat.png,shockbolt/npc/vermin_rodent_giant_grey_rat.png,shockbolt/npc,game,/data/gfx/shockbolt/npc/vermin_rodent_giant_grey_rat.png,.png,10242,60fde8efbd35224502f5168b3c641c0b0461f17131745eb736f3c99dd4bb0fe6,64,64,1,RGBA,True,False,16384,6232175f66c23b786ef0da163fbd3034768241002346bc60e6446484c82d6024
base,game/modules/tome/data/gfx/shockbolt/npc/vermin_rodent_giant_rabbit.png,shockbolt/npc/vermin_rodent_giant_rabbit.png,shockbolt/npc,game,/data/gfx/shockbolt/npc/vermin_rodent_giant_rabbit.png,.png,6338,3009df5094ec669621a1219b0a732ea8d41b1be00579e3f3c84e8862e813bbb7,64,64,1,RGBA,True,False,16384,3e22dc52871471e641635e885e0dc8e6de52c0e452b0286b76585794b73d1cdd
base,game/modules/tome/data/gfx/shockbolt/npc/vermin_rodent_giant_white_mouse.png,shockbolt/npc/vermin_rodent_giant_white_mouse.png,shockbolt/npc,game,/data/gfx/shockbolt/npc/vermin_rodent_giant_white_mouse.png,.png,6804,5a71eddc8bd913fee06aebd3a0ff87b5a4fce31fa8137d969675ddf44d56eae5,64,64,1,RGBA,True,False,16384,5a51034c32b933d7278a810bca5a91988b66cca6a3152feb867c86e717e0e04d
base,game/modules/tome/data/gfx/shockbolt/npc/vermin_rodent_giant_white_rat.png,shockbolt/npc/vermin_rodent_giant_white_rat.png,shockbolt/npc,game,/data/gfx/shockbolt/npc/vermin_rodent_giant_white_rat.png,.png,7859,250b99cf4660c731aaaa3cf978df751978a65e2c084534152563c9c02199ef1a,64,64,1,RGBA,True,False,16384,35b44dfb5a83d25d34da4218fbaffc3fb89ca2c8739a17fb9710c4e4fd136e3f
base,game/modules/tome/data/gfx/shockbolt/npc/vermin_sandworm_gigantic_corrosive_tunneler.png,shockbolt/npc/vermin_sandworm_gigantic_corrosive_tunneler.png,shockbolt/npc,game,/data/gfx/shockbolt/npc/vermin_sandworm_gigantic_corrosive_tunneler.png,.png,18331,86fe7a95a9abb44d7ee6832e621721fa8d8a66898eb9e44263fd403232db3dcd,64,128,1,RGBA,True,False,32768,2b421bd62b0ba791be628858cb1284c75763456bd7874e515be9995cf4d33f1c
base,game/modules/tome/data/gfx/shockbolt/npc/vermin_sandworm_gigantic_gravity_worm.png,shockbolt/npc/vermin_sandworm_gigantic_gravity_worm.png,shockbolt/npc,game,/data/gfx/shockbolt/npc/vermin_sandworm_gigantic_gravity_worm.png,.png,20776,ae312aa1a110dae5d165744d769a145860bc05f6ee37f9f8d94e608180a8a9be,64,128,1,RGBA,True,False,32768,1339925ba123e6e456f690126f5cdeb2c9e203ab369f67e22f8d324863bb4333
base,game/modules/tome/data/gfx/shockbolt/npc/vermin_sandworm_gigantic_sandworm_tunneler.png,shockbolt/npc/vermin_sandworm_gigantic_sandworm_tunneler.png,shockbolt/npc,game,/data/gfx/shockbolt/npc/vermin_sandworm_gigantic_sandworm_tunneler.png,.png,18650,6d4522eaebf54625b239bd70061ff4ffd833ea822d0d73221efebf396b37ea11,64,128,1,RGBA,True,False,32768,afa9940eabba49b74ea5ea13d8abe5f92fb4531fc30f10cb1293a1e040eadbc9
base,game/modules/tome/data/gfx/shockbolt/npc/vermin_sandworm_huge_sandworm_burrower.png,shockbolt/npc/vermin_sandworm_huge_sandworm_burrower.png,shockbolt/npc,game,/data/gfx/shockbolt/npc/vermin_sandworm_huge_sandworm_burrower.png,.png,27422,c4a1e7a332b5c720a90f7feb7264cb61e0d56b2e2b3145caf9047143f1a6921e,128,128,1,RGBA,True,False,65536,1be2dc08b0ed3864f011915837203228e88fc6c7fb243578eb34a41740e7a16e
base,game/modules/tome/data/gfx/shockbolt/npc/vermin_sandworm_sandworm.png,shockbolt/npc/vermin_sandworm_sandworm.png,shockbolt/npc,game,/data/gfx/shockbolt/npc/vermin_sandworm_sandworm.png,.png,8611,278e97e1f748313e9136b56fcee03954082d82c00c71462cfb1594ab7e05b949,64,64,1,RGBA,True,False,16384,1f7ecd3f9983a8522dd0cd4dcef6f07ee0f325744c91a01b5625557cd294e26a
base,game/modules/tome/data/gfx/shockbolt/npc/vermin_sandworm_sandworm_burrower.png,shockbolt/npc/vermin_sandworm_sandworm_burrower.png,shockbolt/npc,game,/data/gfx/shockbolt/npc/vermin_sandworm_sandworm_burrower.png,.png,8577,798943825d616f9700f76c17dbb1c9362787856eff4f5ead0308742ea2b6c447,64,64,1,RGBA,True,False,16384,6521d6fdcc81386f466030eb13964be8a5d2ef407226e4623ea43bc1bbf18fe1
base,game/modules/tome/data/gfx/shockbolt/npc/vermin_sandworm_sandworm_destroyer.png,shockbolt/npc/vermin_sandworm_sandworm_destroyer.png,shockbolt/npc,game,/data/gfx/shockbolt/npc/vermin_sandworm_sandworm_destroyer.png,.png,14367,d1e28ba64ea104190ee81c6e386bf1480cdc4fd105c4b6be70389964f623c1ca,64,64,1,RGBA,True,False,16384,4013bfee3c11287aa817b71d5f28fa27f94b39dae3b24e0f6c9645096ca09e50
base,game/modules/tome/data/gfx/shockbolt/npc/vermin_sandworm_sandworm_queen.png,shockbolt/npc/vermin_sandworm_sandworm_queen.png,shockbolt/npc,game,/data/gfx/shockbolt/npc/vermin_sandworm_sandworm_queen.png,.png,19706,97d5214e8bd0bb6ebb4fdddf6d2240932c3a50efcba92179a0058d30a768702d,64,128,1,RGBA,True,False,32768,b18da64817c051d2f701c3934e556ce077f6f9d0b171509a7c339c8977b03312
base,game/modules/tome/data/gfx/shockbolt/npc/vermin_worms_carrion_worm_mass.png,shockbolt/npc/vermin_worms_carrion_worm_mass.png,shockbolt/npc,game,/data/gfx/shockbolt/npc/vermin_worms_carrion_worm_mass.png,.png,9507,5c9964021620dde529384a80de753491aebedb913bde9b9c4d2a591e0ce091cf,64,64,1,RGBA,True,False,16384,3732dfff8ea482bc40471093e401538fda4867fab862f81ee6e3236c3ae5baad
base,game/modules/tome/data/gfx/shockbolt/npc/vermin_worms_green_worm_mass.png,shockbolt/npc/vermin_worms_green_worm_mass.png,shockbolt/npc,game,/data/gfx/shockbolt/npc/vermin_worms_green_worm_mass.png,.png,11211,193afd6822505257661eda5ce6c4a0ab97d61498c725a8e19999025c99db1214,64,64,1,RGBA,True,False,16384,24bcf37d948bc978464f78355f559223a60f3f292c4b6be7ec72ce986a41c785
base,game/modules/tome/data/gfx/shockbolt/npc/vermin_worms_white_worm_mass.png,shockbolt/npc/vermin_worms_white_worm_mass.png,shockbolt/npc,game,/data/gfx/shockbolt/npc/vermin_worms_white_worm_mass.png,.png,11188,5accc8538b49c435143714602db1b61bf46f0923bf69b2b8943ad39e07687345,64,64,1,RGBA,True,False,16384,e620459c58fd25a3cb6b3f9c0d03691e2a4597c5e152ee0bc022699ffd9eb0e1
base,game/modules/tome/data/gfx/shockbolt/npc/war_bear.png,shockbolt/npc/war_bear.png,shockbolt/npc,game,/data/gfx/shockbolt/npc/war_bear.png,.png,9256,5dfa46c6298f4d25a5c2b6187dbd083250b8d6d27885a02dd5ba01adc05355f2,64,64,1,RGBA,True,False,16384,05efcb01e73108837ddf67c94edacc4ee2ac7ea1baedaa4833d9cb68fb5b0505
base,game/modules/tome/data/gfx/shockbolt/npc/white-snake.png,shockbolt/npc/white-snake.png,shockbolt/npc,game,/data/gfx/shockbolt/npc/white-snake.png,.png,8413,6e4f8a2185ebd0f9a4b3ebf0dd67d1f241a24f7d7385ccd0e90da790e07c65b0,64,64,1,RGBA,True,False,16384,0ba8ad5cf0a4bf5d4e6fe2829a3507015431a88182b9adb01c814ffe45d6cc5a
base,game/modules/tome/data/gfx/shockbolt/npc/white_ant.png,shockbolt/npc/white_ant.png,shockbolt/npc,game,/data/gfx/shockbolt/npc/white_ant.png,.png,8840,b22cefc09a9721be1462b0145e33921c27d2e30cd312008d9e48e74315c89196,64,64,1,RGBA,True,False,16384,b211f3fde563215f8f8037deb13f18e79fde804aa1e64094a438fcc7329aeef0
base,game/modules/tome/data/gfx/shockbolt/npc/white_rat_01_64.png,shockbolt/npc/white_rat_01_64.png,shockbolt/npc,game,/data/gfx/shockbolt/npc/white_rat_01_64.png,.png,10615,34e053998ba5641591feb34c70cc0bc23de1e8d524b5fb055923dd9eb2ed199b,64,64,1,RGBA,True,False,16384,0f709bd34fa8f4dd15ebd052a6e6a9defde5e34ed56dd0955ca7f1049a744c63
base,game/modules/tome/data/gfx/shockbolt/npc/woman_redhair_naked.png,shockbolt/npc/woman_redhair_naked.png,shockbolt/npc,game,/data/gfx/shockbolt/npc/woman_redhair_naked.png,.png,5605,1f499bac5680f3000fac78af81e1544837f1a566b8ad067606d19567cf95c08e,64,64,1,RGBA,True,False,16384,444ec8debaf1d599b7f3db96b94591068b65a1ce9f43646e7bc910fafe7dd48c
base,game/modules/tome/data/gfx/shockbolt/npc/yellow-green-snake.png,shockbolt/npc/yellow-green-snake.png,shockbolt/npc,game,/data/gfx/shockbolt/npc/yellow-green-snake.png,.png,11217,34633ce2aabc5da57354d0a3b66480adf9fcf3abb863cdc01d8308e6577134b9,64,64,1,RGBA,True,False,16384,bb18c488cbde6fc601b2d5c37ac67532b3224e9f657571e165588907f14c4249
base,game/modules/tome/data/gfx/shockbolt/npc/yellow_ant.png,shockbolt/npc/yellow_ant.png,shockbolt/npc,game,/data/gfx/shockbolt/npc/yellow_ant.png,.png,8897,5bdafbe287ca40617572c28b37fa7336d39fbc62ff569e7d5120f88a11065cc2,64,64,1,RGBA,True,False,16384,b6df753d94ed43f4b47754166537e8da33e1ad27f04528de7d4a0e9d4daabf71
ashes-urhrok,game/dlcs/ashes-urhrok.teaac:tome-ashes-urhrok/overload/data/gfx/shockbolt/npc/demon_major_planar_controller.png,shockbolt/npc/demon_major_planar_controller.png,shockbolt/npc,game,/data/gfx/shockbolt/npc/demon_major_planar_controller.png,.png,21458,7ace3d2e8277328c4a7c2a7a900d3943b73cbca2d549c62de8f97093dd0e9bbb,64,128,1,RGBA,True,False,32768,68ccaf19197a0beb760ba22f6125b8fa238c079d5cd8b5a41248629e683ebade
ashes-urhrok,game/dlcs/ashes-urhrok.teaac:tome-ashes-urhrok/overload/data/gfx/shockbolt/npc/demon_major_rogroth__eater_of_souls.png,shockbolt/npc/demon_major_rogroth__eater_of_souls.png,shockbolt/npc,game,/data/gfx/shockbolt/npc/demon_major_rogroth__eater_of_souls.png,.png,33804,58c7ce3f011df1871a5297088afb816c492b1fe93332c362402ad3db504db612,64,128,1,RGBA,True,False,32768,152521ad95620ed1df9b0bff71a6faafedaaba07441e6bde9da268d989b6866c
ashes-urhrok,game/dlcs/ashes-urhrok.teaac:tome-ashes-urhrok/overload/data/gfx/shockbolt/npc/demon_major_wretch_titan.png,shockbolt/npc/demon_major_wretch_titan.png,shockbolt/npc,game,/data/gfx/shockbolt/npc/demon_major_wretch_titan.png,.png,21506,4eff92d2f835142f58cd3bedbd2c24e0765cb900337e36409502855ba53bd2b8,64,128,1,RGBA,True,False,32768,dffeb2b0dbd500f424478a4bba17798c060b1db92b4344a3c3a4d3ded30a0b58
ashes-urhrok,game/dlcs/ashes-urhrok.teaac:tome-ashes-urhrok/overload/data/gfx/shockbolt/npc/demon_minor_demonic_clerk.png,shockbolt/npc/demon_minor_demonic_clerk.png,shockbolt/npc,game,/data/gfx/shockbolt/npc/demon_minor_demonic_clerk.png,.png,22243,bf96773cdf4e34b7ffbf0de1198aa8890afc1337c7de5d8a57333729444b82d9,64,64,1,RGBA,True,False,16384,3ce9c6614f25dd0921a3d54a2e4685a8c7c78415f136d222a56b6317ebca8c15
ashes-urhrok,game/dlcs/ashes-urhrok.teaac:tome-ashes-urhrok/overload/data/gfx/shockbolt/npc/demon_minor_investigator.png,shockbolt/npc/demon_minor_investigator.png,shockbolt/npc,game,/data/gfx/shockbolt/npc/demon_minor_investigator.png,.png,14833,81daa6803f56336ce826eb9e477856059459cfc6c0dc593d05f1c40eabc670ab,64,128,1,RGBA,True,False,32768,6a2ad2b72c99963438bac82fde6718504584759d96a7924a1026c149ca1fc2b9
ashes-urhrok,game/dlcs/ashes-urhrok.teaac:tome-ashes-urhrok/overload/data/gfx/shockbolt/npc/demon_minor_mutilator.png,shockbolt/npc/demon_minor_mutilator.png,shockbolt/npc,game,/data/gfx/shockbolt/npc/demon_minor_mutilator.png,.png,16688,b7e550496d28419f9318fc6ffeae385b23500c19d1e87c1c944cd09c39c241d8,64,128,1,RGBA,True,False,32768,95b5b7cbd7d79c503b6d8d824d3311617c9d32203ca38d9a9991c977d81317d8
ashes-urhrok,game/dlcs/ashes-urhrok.teaac:tome-ashes-urhrok/overload/data/gfx/shockbolt/npc/demon_minor_quasit_squad_leader.png,shockbolt/npc/demon_minor_quasit_squad_leader.png,shockbolt/npc,game,/data/gfx/shockbolt/npc/demon_minor_quasit_squad_leader.png,.png,7827,c851dd388357d5097fc17358c85b8507aac4638de49271236d26ad7291040104,64,64,1,RGBA,True,False,16384,2d5a412fb1efdd1dff84f8b79fd721b0912645f46bec0ad5941dd3f40378f2ff
cults,game/dlcs/cults.teaac:tome-cults/overload/data/gfx/shockbolt/npc/ancient_shertul_berserker.png,shockbolt/npc/ancient_shertul_berserker.png,shockbolt/npc,game,/data/gfx/shockbolt/npc/ancient_shertul_berserker.png,.png,11895,3804b4e496c356be498974bd59a518029ed20bd86bb9a9258e9b937813c8a640,64,128,1,RGBA,True,False,32768,d382775a9f87eab0ebd5bc857bf2503bacebea5a9f46a350d7cac7a6429845e3
cults,game/dlcs/cults.teaac:tome-cults/overload/data/gfx/shockbolt/npc/ancient_shertul_bulwark.png,shockbolt/npc/ancient_shertul_bulwark.png,shockbolt/npc,game,/data/gfx/shockbolt/npc/ancient_shertul_bulwark.png,.png,12190,09ec402149ac1bb5a1e31b8c173cba2f0a416cee050df68a3ec2eea135ab5d6b,64,128,1,RGBA,True,False,32768,b802cda5a7279617122feaf7f645586e421f0495042f669847e3d9b780f01486
cults,game/dlcs/cults.teaac:tome-cults/overload/data/gfx/shockbolt/npc/ancient_shertul_mage.png,shockbolt/npc/ancient_shertul_mage.png,shockbolt/npc,game,/data/gfx/shockbolt/npc/ancient_shertul_mage.png,.png,18073,22a244e0197c79690cdb4fb0f7a3a1273535899335b78ade2a2b7e06d611ddb7,64,128,1,RGBA,True,False,32768,262f089d10356341ee8ac3b1f0fb5891c343294258278fecda1168050514fa5d
cults,game/dlcs/cults.teaac:tome-cults/overload/data/gfx/shockbolt/npc/ancient_shertul_psion.png,shockbolt/npc/ancient_shertul_psion.png,shockbolt/npc,game,/data/gfx/shockbolt/npc/ancient_shertul_psion.png,.png,17672,cc11b176e90527dcccde0ba8fa2e8187ae5ee2f945368430544d4485f76e7bf0,64,128,1,RGBA,True,False,32768,6cbfb27ccafe541945e190c462f8f7cf2907f298150f75ed4db2b30aab293a78
cults,game/dlcs/cults.teaac:tome-cults/overload/data/gfx/shockbolt/npc/black_monolith.png,shockbolt/npc/black_monolith.png,shockbolt/npc,game,/data/gfx/shockbolt/npc/black_monolith.png,.png,10953,553c09ef77f0f0483ac724dc8542cc291f3a82c1be6526bc619ab91487ad0ea2,64,128,1,RGBA,True,False,32768,cca616dd158764cac61cbd97010829a6aeafd563445b526e9d5a8944c763ef9d
cults,game/dlcs/cults.teaac:tome-cults/overload/data/gfx/shockbolt/npc/dragon_scourge_kroltar_the_horror.png,shockbolt/npc/dragon_scourge_kroltar_the_horror.png,shockbolt/npc,game,/data/gfx/shockbolt/npc/dragon_scourge_kroltar_the_horror.png,.png,22026,eb8036568eaf091f3e3ca1d6c9d1a2cc60e6946a0397867650e3cd9f537a8183,64,128,1,RGBA,True,False,32768,f304f1cf86b7fce95a4eff0a21d55e4baf05a4f5d750f91314aa9610b1fce374
cults,game/dlcs/cults.teaac:tome-cults/overload/data/gfx/shockbolt/npc/dragon_scourge_kroltar_the_scourge.png,shockbolt/npc/dragon_scourge_kroltar_the_scourge.png,shockbolt/npc,game,/data/gfx/shockbolt/npc/dragon_scourge_kroltar_the_scourge.png,.png,19353,9aee918136b04dfc503924d68cc1ed24ab92d70dc65ab492a8100ef555287d48,64,128,1,RGBA,True,False,32768,3d2899915a42977d18d16f05e0a1bbb41e559b470ee7d0109a8a7d146c5abcab
cults,game/dlcs/cults.teaac:tome-cults/overload/data/gfx/shockbolt/npc/dragon_scourge_scourge_drake.png,shockbolt/npc/dragon_scourge_scourge_drake.png,shockbolt/npc,game,/data/gfx/shockbolt/npc/dragon_scourge_scourge_drake.png,.png,13453,07ea37552ed77e79e05df2184701f20df8d07ebfe3b2c823022054778c4cd717,64,128,1,RGBA,True,False,32768,7aa71b15a051c48e4ea3b6280d95f613eae7025ffe8e78b960181a1d1156bc03
cults,game/dlcs/cults.teaac:tome-cults/overload/data/gfx/shockbolt/npc/dragon_scourge_scourge_drake_hatchling.png,shockbolt/npc/dragon_scourge_scourge_drake_hatchling.png,shockbolt/npc,game,/data/gfx/shockbolt/npc/dragon_scourge_scourge_drake_hatchling.png,.png,9357,851849865c637676b3520c1ad9252baeb0cb15397ff54d957f8511c07b069203,64,64,1,RGBA,True,False,16384,4c5073ac427c6dd91ab363ca4a818be0c29ee2c817cad78ae346b9d81742e542
cults,game/dlcs/cults.teaac:tome-cults/overload/data/gfx/shockbolt/npc/dragon_scourge_scourge_wyrm.png,shockbolt/npc/dragon_scourge_scourge_wyrm.png,shockbolt/npc,game,/data/gfx/shockbolt/npc/dragon_scourge_scourge_wyrm.png,.png,20363,d7c077ad7b309776717f23a4fd0202893346392861319c9ec45422ff194699d3,64,128,1,RGBA,True,False,32768,c5df4404e79da6776cc9c11fdf85371552c07938669a11730d14a8ef9a9a2c34
cults,game/dlcs/cults.teaac:tome-cults/overload/data/gfx/shockbolt/npc/entropic_fiend.png,shockbolt/npc/entropic_fiend.png,shockbolt/npc,game,/data/gfx/shockbolt/npc/entropic_fiend.png,.png,12578,a2575ae0233d4bb379f79b617dff16987d0323a5cded0104677aa9e7dfd02169,64,64,1,RGBA,True,False,16384,89e047d217b63dea283532279a4354fecd501448deb6603e14a8901af6c36039
cults,game/dlcs/cults.teaac:tome-cults/overload/data/gfx/shockbolt/npc/giant_krog_captive_krog.png,shockbolt/npc/giant_krog_captive_krog.png,shockbolt/npc,game,/data/gfx/shockbolt/npc/giant_krog_captive_krog.png,.png,15463,f71162296bec87ba74205908b48f831854bd911fa13e6aa353b40715b7a92e35,64,128,1,RGBA,True,False,32768,bcd66d5514da993ede2779dc26bce8113a50ae5aae928f8a651200104cd1b099
cults,game/dlcs/cults.teaac:tome-cults/overload/data/gfx/shockbolt/npc/giant_minotaur_minotaur_mindscrew.png,shockbolt/npc/giant_minotaur_minotaur_mindscrew.png,shockbolt/npc,game,/data/gfx/shockbolt/npc/giant_minotaur_minotaur_mindscrew.png,.png,12123,36c3822357c6a4f8df9e2059fdbe5ec9dc016f99baf17017d8bee10dcc729257,64,128,1,RGBA,True,False,32768,62fb4aa60b8bf72c4250b3ca07ca6fda3b69ab4e0f9d0cc28b806f0c4e941a5c
cults,game/dlcs/cults.teaac:tome-cults/overload/data/gfx/shockbolt/npc/horrific_display.png,shockbolt/npc/horrific_display.png,shockbolt/npc,game,/data/gfx/shockbolt/npc/horrific_display.png,.png,13341,35035cb5e2e5c3bd85bc0fcbd264903ee27df40ea40ffce77b07dec840879510,64,64,1,RGBA,True,False,16384,78e7e1012674035ca6d515103451b583bff7d8687313dcb926b6a86be41977fb
cults,game/dlcs/cults.teaac:tome-cults/overload/data/gfx/shockbolt/npc/horror_corrupted_half_formed_drem.png,shockbolt/npc/horror_corrupted_half_formed_drem.png,shockbolt/npc,game,/data/gfx/shockbolt/npc/horror_corrupted_half_formed_drem.png,.png,8078,67c6f99eb5890ce58c25dba5aec049c146466fd193c04ce8c0a7240220192332,64,128,1,RGBA,True,False,32768,a95bfb6f184b15886912388d960bde5a9bdb89e1b89cb2ffdea07f50ec8ab246
cults,game/dlcs/cults.teaac:tome-cults/overload/data/gfx/shockbolt/npc/horror_corrupted_the_amalgamation.png,shockbolt/npc/horror_corrupted_the_amalgamation.png,shockbolt/npc,game,/data/gfx/shockbolt/npc/horror_corrupted_the_amalgamation.png,.png,18661,004e3bd578f354d0c83c1f761075122102e827f681bee742366bb29a538b6be3,64,128,1,RGBA,True,False,32768,9b1db58db5cf9d899c8426965fd3914dfba6919ce1c78f6af2e3200a3f5d0616
cults,game/dlcs/cults.teaac:tome-cults/overload/data/gfx/shockbolt/npc/horror_eldritch_bursting_entropic_shard.png,shockbolt/npc/horror_eldritch_bursting_entropic_shard.png,shockbolt/npc,game,/data/gfx/shockbolt/npc/horror_eldritch_bursting_entropic_shard.png,.png,8588,3e9f3ab05784c6e01e359b25cd80311ceddf4ec9575c5b2c15932faa07651320,64,128,1,RGBA,True,False,32768,6685c95076e8f9c635107daf2901da02049aa11db5bdf895a0ac71654b0413d3
cults,game/dlcs/cults.teaac:tome-cults/overload/data/gfx/shockbolt/npc/horror_eldritch_bursting_entropic_shard_tentacles.png,shockbolt/npc/horror_eldritch_bursting_entropic_shard_tentacles.png,shockbolt/npc,game,/data/gfx/shockbolt/npc/horror_eldritch_bursting_entropic_shard_tentacles.png,.png,52859,3d00b6469e01c861a5e97ee9c5598955af643c8cf3c449004aa9759d8bfb7911,512,256,1,RGBA,True,False,524288,be1d8a7534620ddea6cf74db6b2c6fc145ffcbdb11fe529fdf5b124590e18ab0
cults,game/dlcs/cults.teaac:tome-cults/overload/data/gfx/shockbolt/npc/horror_eldritch_bursting_entropic_shard_tentacles_noshader.png,shockbolt/npc/horror_eldritch_bursting_entropic_shard_tentacles_noshader.png,shockbolt/npc,game,/data/gfx/shockbolt/npc/horror_eldritch_bursting_entropic_shard_tentacles_noshader.png,.png,5769,5e8b11ad7ea17ea4973a514bf565e32e440b3282256d59035fc36f8b8526d296,128,128,1,RGBA,True,False,65536,27f641a2c72ecf5e744cc41bf4068035005f03bbf178b3d5be586e57c2d696e0
cults,game/dlcs/cults.teaac:tome-cults/overload/data/gfx/shockbolt/npc/horror_eldritch_disfigured_creature.png,shockbolt/npc/horror_eldritch_disfigured_creature.png,shockbolt/npc,game,/data/gfx/shockbolt/npc/horror_eldritch_disfigured_creature.png,.png,8269,a9fd687d12032f1fe1ec969583173b6002529ceed3a421d7752103053fbde73c,64,64,1,RGBA,True,False,16384,20811c8572f8287358b84f1af41dcfb3893f05ec4890f6787244e2bc63c66354
cults,game/dlcs/cults.teaac:tome-cults/overload/data/gfx/shockbolt/npc/horror_eldritch_drem_cultist.png,shockbolt/npc/horror_eldritch_drem_cultist.png,shockbolt/npc,game,/data/gfx/shockbolt/npc/horror_eldritch_drem_cultist.png,.png,15978,a9397030be811fd4bc45f5014746a5ae43acf8915b5995100170a31a96390f03,64,128,1,RGBA,True,False,32768,fe23dffb70ef30fa920e981a123d4cf229af653c973a085ce0129ae23ac40b15
cults,game/dlcs/cults.teaac:tome-cults/overload/data/gfx/shockbolt/npc/horror_eldritch_drem_seeker_of_knowledge.png,shockbolt/npc/horror_eldritch_drem_seeker_of_knowledge.png,shockbolt/npc,game,/data/gfx/shockbolt/npc/horror_eldritch_drem_seeker_of_knowledge.png,.png,7256,4988a649f8dab99c83eb4c8e7ec64872fa1331815e631c04ef0f9318b411e703,64,64,1,RGBA,True,False,16384,f1cd652fa221c539ad0e14d6572a304dcb901b2eae7a2488317cf60727c8041a
cults,game/dlcs/cults.teaac:tome-cults/overload/data/gfx/shockbolt/npc/horror_eldritch_drem_seeker_of_knowledge_female.png,shockbolt/npc/horror_eldritch_drem_seeker_of_knowledge_female.png,shockbolt/npc,game,/data/gfx/shockbolt/npc/horror_eldritch_drem_seeker_of_knowledge_female.png,.png,8262,dbaab60eab6ca61fb5cae0092f1b20b44ed61f502a7d470db49b23f0f8797012,64,64,1,RGBA,True,False,16384,228bf9914d6953868d0315744a8e0756a066bfa1bb676297a14c842be98fbbde
cults,game/dlcs/cults.teaac:tome-cults/overload/data/gfx/shockbolt/npc/horror_eldritch_fearful_symmetry.png,shockbolt/npc/horror_eldritch_fearful_symmetry.png,shockbolt/npc,game,/data/gfx/shockbolt/npc/horror_eldritch_fearful_symmetry.png,.png,17856,94a690f67d8b11de64c64d6f14992ef92ed9850dfeddc7c6aab16d165001894d,64,128,1,RGBA,True,False,32768,e5906cc197c49a4fd1b60a789da9475ff90e57c6fdd10c006820fc5751a70e13
cults,game/dlcs/cults.teaac:tome-cults/overload/data/gfx/shockbolt/npc/horror_eldritch_giant_netherworm.png,shockbolt/npc/horror_eldritch_giant_netherworm.png,shockbolt/npc,game,/data/gfx/shockbolt/npc/horror_eldritch_giant_netherworm.png,.png,10651,2e24f1071f4a50edfcf92c305472172ad6712ef5f0aa7372a03268a90083d913,64,128,1,RGBA,True,False,32768,9028ca1adfb75aacc99c781edd4f87ad8deaee70d3198ca5eef85d3561071801
cults,game/dlcs/cults.teaac:tome-cults/overload/data/gfx/shockbolt/npc/horror_eldritch_hypostasis_of_entropy.png,shockbolt/npc/horror_eldritch_hypostasis_of_entropy.png,shockbolt/npc,game,/data/gfx/shockbolt/npc/horror_eldritch_hypostasis_of_entropy.png,.png,41098,e1638ac0c8b06a41653540141ffa2b1194e29fc010cd026d9f055f33f4f72d5a,256,256,1,RGBA,True,False,262144,62bb26545c3b0c17f6429ab23224152c661a99455ddd4b20347ab2957269e1bb
cults,game/dlcs/cults.teaac:tome-cults/overload/data/gfx/shockbolt/npc/horror_eldritch_hypostasis_of_entropy_awaken.png,shockbolt/npc/horror_eldritch_hypostasis_of_entropy_awaken.png,shockbolt/npc,game,/data/gfx/shockbolt/npc/horror_eldritch_hypostasis_of_entropy_awaken.png,.png,67966,aa7ba16d2e66cc2c98e83b3e91ed59c1c84fa7d90fc898a554e28bbeda786613,256,256,1,RGBA,True,False,262144,6e14a22eab868b8b22d75422ac97bb3c646a7c28c73d4ccb1f1d98a8c78a6d64
cults,game/dlcs/cults.teaac:tome-cults/overload/data/gfx/shockbolt/npc/horror_eldritch_nethergate.png,shockbolt/npc/horror_eldritch_nethergate.png,shockbolt/npc,game,/data/gfx/shockbolt/npc/horror_eldritch_nethergate.png,.png,11554,031d0d4e433596d27ad374edfe1f3ff17676876ae38268d304a140512eb340f7,128,128,1,RGBA,True,False,65536,1fa770730ad6dc04dcc2283c93b1c27da839368c7d01d2dbede23305a909d0c7
cults,game/dlcs/cults.teaac:tome-cults/overload/data/gfx/shockbolt/npc/horror_eldritch_nethergate_front.png,shockbolt/npc/horror_eldritch_nethergate_front.png,shockbolt/npc,game,/data/gfx/shockbolt/npc/horror_eldritch_nethergate_front.png,.png,10947,2def72268d4fa8fa8abe14058fb89a9e50a4980ef3b4bdf925e87770fe6c49dd,64,128,1,RGBA,True,False,32768,98f566086499126cfb2275dd0953c209730c0bb325a799f23d943116ef9bc091
cults,game/dlcs/cults.teaac:tome-cults/overload/data/gfx/shockbolt/npc/horror_eldritch_nethergate_middle.png,shockbolt/npc/horror_eldritch_nethergate_middle.png,shockbolt/npc,game,/data/gfx/shockbolt/npc/horror_eldritch_nethergate_middle.png,.png,14365,6a1a88c3945308f1bf755d9828b26c988ad769f50517020ae9755b54b23b6097,64,128,1,RGBA,True,False,32768,770f2f0f2082dc190339a64158e3aaed0e04f85aaad75255f9952289955be94f
cults,game/dlcs/cults.teaac:tome-cults/overload/data/gfx/shockbolt/npc/horror_eldritch_nethergate_tent_shader.png,shockbolt/npc/horror_eldritch_nethergate_tent_shader.png,shockbolt/npc,game,/data/gfx/shockbolt/npc/horror_eldritch_nethergate_tent_shader.png,.png,56165,b1d9f39a9ef123c22e784b48e1ee6a2ae389675a1a8535f3319759ca3639dda8,512,256,1,RGBA,True,False,524288,54f446b37334a96e85451627ca942e5aec16459e0f20777f6e34fdb140bb94e7
cults,game/dlcs/cults.teaac:tome-cults/overload/data/gfx/shockbolt/npc/horror_eldritch_netherworm_mass.png,shockbolt/npc/horror_eldritch_netherworm_mass.png,shockbolt/npc,game,/data/gfx/shockbolt/npc/horror_eldritch_netherworm_mass.png,.png,7505,3c11f0012ee18b0f9e33a56e1dcacff2dffdf166f08173a1afd49186a85bb4e6,64,64,1,RGBA,True,False,16384,c0105423d5ffa76fdba2478f16d94fcb36945aabf104ee60fd98fa5286dbb480
cults,game/dlcs/cults.teaac:tome-cults/overload/data/gfx/shockbolt/npc/horror_eldritch_ravaging_entropic_rip.png,shockbolt/npc/horror_eldritch_ravaging_entropic_rip.png,shockbolt/npc,game,/data/gfx/shockbolt/npc/horror_eldritch_ravaging_entropic_rip.png,.png,10781,8f4b95f341320ab7ef49f769248f844681673c98e2e828269610050f8df62c0f,64,64,1,RGBA,True,False,16384,3d4834b2ccc7fd91729b30e2b2d6a053e1ca036982e81ea2b010d25cc15cb45e
cults,game/dlcs/cults.teaac:tome-cults/overload/data/gfx/shockbolt/npc/horror_eldritch_searing_horror.png,shockbolt/npc/horror_eldritch_searing_horror.png,shockbolt/npc,game,/data/gfx/shockbolt/npc/horror_eldritch_searing_horror.png,.png,17603,00068023afeee8227def2f737bccb0a223da62764341cdab1a426e7b20322f4d,64,128,1,RGBA,True,False,32768,caad78557d753c65ba49d9d5e0f4811073873fd12413ed5cb13b9288a4223a50
cults,game/dlcs/cults.teaac:tome-cults/overload/data/gfx/shockbolt/npc/horror_eldritch_that_which_teaches_history.png,shockbolt/npc/horror_eldritch_that_which_teaches_history.png,shockbolt/npc,game,/data/gfx/shockbolt/npc/horror_eldritch_that_which_teaches_history.png,.png,19651,3771956c5325d5e8ec55acc193db941b26f1ff1b0c08eeebc02bb83219484ab8,64,128,1,RGBA,True,False,32768,c170b3cf6860eb18e5118e27bbe71019156a09ca7e14f7b1992a0bab94864b8a
cults,game/dlcs/cults.teaac:tome-cults/overload/data/gfx/shockbolt/npc/horror_eldritch_the_conjointed.png,shockbolt/npc/horror_eldritch_the_conjointed.png,shockbolt/npc,game,/data/gfx/shockbolt/npc/horror_eldritch_the_conjointed.png,.png,11702,ef8fbc0adc7b90bd958d6e131a28dc3b657a8cc0c96ed2aff95441f17cb93c23,64,128,1,RGBA,True,False,32768,78a15b59641d43d021358f20a0bf6e5c61b5f4c820709840f54d51ed38dbeadf
cults,game/dlcs/cults.teaac:tome-cults/overload/data/gfx/shockbolt/npc/horror_eldritch_the_crawler.png,shockbolt/npc/horror_eldritch_the_crawler.png,shockbolt/npc,game,/data/gfx/shockbolt/npc/horror_eldritch_the_crawler.png,.png,12699,35b5898c5b9f76b353b8f203912823de8b18362cd57d225d7b252fc364a68e13,64,128,1,RGBA,True,False,32768,84874bdecff751f4a446f3ce837cefd75048e3f839284de5069ec6fbeb0444e9
cults,game/dlcs/cults.teaac:tome-cults/overload/data/gfx/shockbolt/npc/horror_eldritch_the_face_of_the_deep.png,shockbolt/npc/horror_eldritch_the_face_of_the_deep.png,shockbolt/npc,game,/data/gfx/shockbolt/npc/horror_eldritch_the_face_of_the_deep.png,.png,15296,4b7901a587623ccab5645a720d716ebb0c7e99909d37dec41ef72ecf89064390,64,128,1,RGBA,True,False,32768,d8dde276c74fc8a384e524e969b8dd31b07e140f4664796a12275987a8784a9c
cults,game/dlcs/cults.teaac:tome-cults/overload/data/gfx/shockbolt/npc/horror_eldritch_the_one_that_defends.png,shockbolt/npc/horror_eldritch_the_one_that_defends.png,shockbolt/npc,game,/data/gfx/shockbolt/npc/horror_eldritch_the_one_that_defends.png,.png,12938,f1499b65ddc80cee84046c3bfc236b43dcda219096ad1708d0560c548ce19ef0,64,128,1,RGBA,True,False,32768,fef06f0e296dd3e0f2c87775b7e90eff88d4dde364f45e9a7e3c71ed6ea64523
cults,game/dlcs/cults.teaac:tome-cults/overload/data/gfx/shockbolt/npc/horror_eldritch_the_one_that_hunts.png,shockbolt/npc/horror_eldritch_the_one_that_hunts.png,shockbolt/npc,game,/data/gfx/shockbolt/npc/horror_eldritch_the_one_that_hunts.png,.png,12319,8146ddfecd4b3b7c15cf0ebf3b5e45a62acbaede1aa1229d17f3004aee066042,64,64,1,RGBA,True,False,16384,60d91d21e7108d7e260b520c8607eac892f36e48d7e7cac0ab92a9b6be3d9db2
cults,game/dlcs/cults.teaac:tome-cults/overload/data/gfx/shockbolt/npc/horror_eldritch_the_one_that_writes.png,shockbolt/npc/horror_eldritch_the_one_that_writes.png,shockbolt/npc,game,/data/gfx/shockbolt/npc/horror_eldritch_the_one_that_writes.png,.png,15774,45760d758824cea2e74c5ed26c2a01dcf2283253d27513d555ced3c9a9bb6ea5,64,128,1,RGBA,True,False,32768,2c371e42a15425e5c35343e14a3fb12ba8eb37f11cafe693b04962f34e6a0743
cults,game/dlcs/cults.teaac:tome-cults/overload/data/gfx/shockbolt/npc/horror_eldritch_the_sightless_acolyte.png,shockbolt/npc/horror_eldritch_the_sightless_acolyte.png,shockbolt/npc,game,/data/gfx/shockbolt/npc/horror_eldritch_the_sightless_acolyte.png,.png,13508,883b088b8620a6676eecbb6a345b4cb61a7483d28a56e2c365d6e9889bf83b6a,64,128,1,RGBA,True,False,32768,4ec49ccf9ce53ecbde61684024c8ad97091e244744ce6b0c8874b3e8bfbe128b
cults,game/dlcs/cults.teaac:tome-cults/overload/data/gfx/shockbolt/npc/humanoid_halfling_grung.png,shockbolt/npc/humanoid_halfling_grung.png,shockbolt/npc,game,/data/gfx/shockbolt/npc/humanoid_halfling_grung.png,.png,24406,9059108f50846a501dfabc4f9a7198006fec5aeb953f3580f0ca71e937a703a3,128,256,1,RGBA,True,False,131072,d3d621060411c8d61d312479532ec1dd34a7887951aab75ec99756756e5aa7e7
cults,game/dlcs/cults.teaac:tome-cults/overload/data/gfx/shockbolt/npc/humanoid_shalore_malyu.png,shockbolt/npc/humanoid_shalore_malyu.png,shockbolt/npc,game,/data/gfx/shockbolt/npc/humanoid_shalore_malyu.png,.png,20479,e7faacea6d7ea753c72765cb4323ae7fda4b057dcca72ad189702704fa0dd402,64,128,1,RGBA,True,False,32768,d5dae5b4b5fee9a0246b652bfe45775a8d08d1903f48c4ddf20ae38caf6c507d
cults,game/dlcs/cults.teaac:tome-cults/overload/data/gfx/shockbolt/npc/hungering_mouth.png,shockbolt/npc/hungering_mouth.png,shockbolt/npc,game,/data/gfx/shockbolt/npc/hungering_mouth.png,.png,7355,1c43a26b046593185179680fafefbaa614fb4c34217c2b7d591cbc967a3bdbdd,64,64,1,RGBA,True,False,16384,d13de80a2d559679ad0cd03e3c7820c03da1726315b1c07514bf2a9f3ff9e8e1
cults,game/dlcs/cults.teaac:tome-cults/overload/data/gfx/shockbolt/npc/hypostasis_of_entropy_shader_1.png,shockbolt/npc/hypostasis_of_entropy_shader_1.png,shockbolt/npc,game,/data/gfx/shockbolt/npc/hypostasis_of_entropy_shader_1.png,.png,201418,ef54a71ba02c1332a4973c650c5bd026c51ab0da8236a1916ab8f3d35be82f94,1024,512,1,RGBA,True,False,2097152,46ffe1bdb29534fd0118cbeb74e48e1d6fd49a67b01683c79f780aae48d792b7
cults,game/dlcs/cults.teaac:tome-cults/overload/data/gfx/shockbolt/npc/hypostasis_of_entropy_shader_2.png,shockbolt/npc/hypostasis_of_entropy_shader_2.png,shockbolt/npc,game,/data/gfx/shockbolt/npc/hypostasis_of_entropy_shader_2.png,.png,330148,11ba3191448d9cd7d59e0a0458a6e52aa7ed494761c2b7d11749937dfb1e3099,1024,512,1,RGBA,True,False,2097152,901c536dfe84b6ab328fcee1a2f5289101416009b54011a834bd302221e2dd6e
cults,game/dlcs/cults.teaac:tome-cults/overload/data/gfx/shockbolt/npc/undead_lich_grand_necromancer.png,shockbolt/npc/undead_lich_grand_necromancer.png,shockbolt/npc,game,/data/gfx/shockbolt/npc/undead_lich_grand_necromancer.png,.png,20623,162838af70f1733cea1f6b13ffd8dffc8d40ec231e3f0b0838149e5d035d304c,64,128,1,RGBA,True,False,32768,1d4073c7e44e52423f9763ff448c0bfde37f13b5099ab7cbe527869233700be9
cults,game/dlcs/cults.teaac:tome-cults/overload/data/gfx/shockbolt/npc/undead_vampire_chanting_necromancer.png,shockbolt/npc/undead_vampire_chanting_necromancer.png,shockbolt/npc,game,/data/gfx/shockbolt/npc/undead_vampire_chanting_necromancer.png,.png,11940,2c7fcf45acdcc3d833293d848c5131fecc56a4cd2def6fb5a3c46b7be2aa9d21,64,128,1,RGBA,True,False,32768,c39de28af1f97bc0a242160ce696b5de569cb113107f8779b6d63ed56bc457e9
cults,game/dlcs/cults.teaac:tome-cults/overload/data/gfx/shockbolt/npc/unknown_unknown_the_teacher.png,shockbolt/npc/unknown_unknown_the_teacher.png,shockbolt/npc,game,/data/gfx/shockbolt/npc/unknown_unknown_the_teacher.png,.png,14676,a5bb31b31c8a39524dde577727d3e74b5b102f8de99920007e47b7fe4fbe6f05,64,128,1,RGBA,True,False,32768,c3770bfae43571cf58e29ae24da2a87640fe74ed45cd2e2225907871a8926f78
cults,game/dlcs/cults.teaac:tome-cults/overload/data/gfx/shockbolt/npc/vermin_blob_acidic_digestor.png,shockbolt/npc/vermin_blob_acidic_digestor.png,shockbolt/npc,game,/data/gfx/shockbolt/npc/vermin_blob_acidic_digestor.png,.png,9423,cb6ccc82f29108a00645996518cdfccbafd87eb0fa670371a0101181f111c255,64,64,1,RGBA,True,False,16384,63fcc7a6bc0ba5fa1aea97d2f579ac2ff23e322a27e480f79f9cf67726f6afec
cults,game/dlcs/cults.teaac:tome-cults/overload/data/gfx/shockbolt/npc/vermin_blob_corrupted_acidic_digestor.png,shockbolt/npc/vermin_blob_corrupted_acidic_digestor.png,shockbolt/npc,game,/data/gfx/shockbolt/npc/vermin_blob_corrupted_acidic_digestor.png,.png,10880,94e6d2babdb9faac15ed79babdd61cf4ec423b75021d2c8fc7c4e5095cd7b3c7,64,64,1,RGBA,True,False,16384,c2bf231940d4f2913ed5cac0a827ecee127caf0344f33c1eead97dea3e6bec0c
cults,game/dlcs/cults.teaac:tome-cults/overload/data/gfx/shockbolt/npc/vermin_blob_corrupted_dendritic_hemospinner.png,shockbolt/npc/vermin_blob_corrupted_dendritic_hemospinner.png,shockbolt/npc,game,/data/gfx/shockbolt/npc/vermin_blob_corrupted_dendritic_hemospinner.png,.png,10020,953dcbd6f7c8ddb54b8c7f03a46afda8b86387a9fbf4bf5562170282f2abc8a3,64,64,1,RGBA,True,False,16384,e26d0fb13aa0d65d0bb76d55c5c8bad6cd248ffd525ef1709735943e9c9f94bb
cults,game/dlcs/cults.teaac:tome-cults/overload/data/gfx/shockbolt/npc/vermin_blob_corrupted_mastocytic_feeder.png,shockbolt/npc/vermin_blob_corrupted_mastocytic_feeder.png,shockbolt/npc,game,/data/gfx/shockbolt/npc/vermin_blob_corrupted_mastocytic_feeder.png,.png,12014,dec640d7b3e0cc2051ce697fa9a10c60228233a3c357a8ab9b61e49f999a7d49,64,64,1,RGBA,True,False,16384,bb66734e624a8b1d2bcc250dcda551ec3b0d216702e16c9805c217f4e97e016b
cults,game/dlcs/cults.teaac:tome-cults/overload/data/gfx/shockbolt/npc/vermin_blob_corrupted_plasmic_disruptor.png,shockbolt/npc/vermin_blob_corrupted_plasmic_disruptor.png,shockbolt/npc,game,/data/gfx/shockbolt/npc/vermin_blob_corrupted_plasmic_disruptor.png,.png,11091,d34007024ea1c8c3a7dacfc18b84b1ff37dbf91f28a58906d6d62caf34313683,64,64,1,RGBA,True,False,16384,1bae7c476291e3ed4c04a53690eb784454b207d3221ec77a0f49292ef3a22379
cults,game/dlcs/cults.teaac:tome-cults/overload/data/gfx/shockbolt/npc/vermin_blob_corrupted_protoplasmic_controller.png,shockbolt/npc/vermin_blob_corrupted_protoplasmic_controller.png,shockbolt/npc,game,/data/gfx/shockbolt/npc/vermin_blob_corrupted_protoplasmic_controller.png,.png,11801,0448a8e9891ba63ab1f52b2667d3f7725f05970085ba4a3e361d60ae92b0188e,64,64,1,RGBA,True,False,16384,e05320070785938e23dcf55979eeeb0d94b63f16ff2e6f57e95ae10e2bc265b1
cults,game/dlcs/cults.teaac:tome-cults/overload/data/gfx/shockbolt/npc/vermin_blob_corrupted_protosentient_globula.png,shockbolt/npc/vermin_blob_corrupted_protosentient_globula.png,shockbolt/npc,game,/data/gfx/shockbolt/npc/vermin_blob_corrupted_protosentient_globula.png,.png,11488,6fc4ec965f467a3defccc718dd4e6f7950624e5026be3937040c542b43f2331f,64,128,1,RGBA,True,False,32768,5252d2bc2ce340274fcaf5bbf68de625a343b1e27c72d71c120dbab3bc72e7d7
cults,game/dlcs/cults.teaac:tome-cults/overload/data/gfx/shockbolt/npc/vermin_blob_dendritic_hemospinner.png,shockbolt/npc/vermin_blob_dendritic_hemospinner.png,shockbolt/npc,game,/data/gfx/shockbolt/npc/vermin_blob_dendritic_hemospinner.png,.png,9509,cfd9773d93ec765774948e74de28a80fb3ca9458a968901d9dd7dd471f950c3a,64,64,1,RGBA,True,False,16384,2b0c51658d887cc37af66c91428d82a947ab21d0b45ec4c4d7750d66a22ef87d
cults,game/dlcs/cults.teaac:tome-cults/overload/data/gfx/shockbolt/npc/vermin_blob_mastocytic_feeder.png,shockbolt/npc/vermin_blob_mastocytic_feeder.png,shockbolt/npc,game,/data/gfx/shockbolt/npc/vermin_blob_mastocytic_feeder.png,.png,10594,e97794551c085cf99aadeb634a1f8311877b1ba40024e0e2aa9c9461a1d6fcb1,64,64,1,RGBA,True,False,16384,970f352c142735a3b8240fb8fcf849c4399db318c1e29904deaf36085d4b9130
cults,game/dlcs/cults.teaac:tome-cults/overload/data/gfx/shockbolt/npc/vermin_blob_plasmic_disruptor.png,shockbolt/npc/vermin_blob_plasmic_disruptor.png,shockbolt/npc,game,/data/gfx/shockbolt/npc/vermin_blob_plasmic_disruptor.png,.png,10301,54a8755621066f230d7dfbf7ca880068ad2af04dca55b0d4327190ca1b78f697,64,64,1,RGBA,True,False,16384,0ef26ca5236fa0578e0062fbad0e31ee1cb12d042042bda22134c441aa90ee60
cults,game/dlcs/cults.teaac:tome-cults/overload/data/gfx/shockbolt/npc/vermin_blob_protoplasmic_controller.png,shockbolt/npc/vermin_blob_protoplasmic_controller.png,shockbolt/npc,game,/data/gfx/shockbolt/npc/vermin_blob_protoplasmic_controller.png,.png,11482,3c25f5c142aff14b1a5484ea44b445f98553c7a8d190fed97e176ac1360b68ea,64,64,1,RGBA,True,False,16384,471ac40c8664e0909dea77fd096692bc5cd317cad66acb366f55ed75de8bf1c3
cults,game/dlcs/cults.teaac:tome-cults/overload/data/gfx/shockbolt/npc/vermin_blob_protosentient_globula.png,shockbolt/npc/vermin_blob_protosentient_globula.png,shockbolt/npc,game,/data/gfx/shockbolt/npc/vermin_blob_protosentient_globula.png,.png,14228,97cc5ddcf8d58bb0017df7346dc196807f954da9d2ed4e679924c345e41e0199,64,128,1,RGBA,True,False,32768,be5b20aa5bfcc628c82aadfd9423dc27b23ad2b2052dfa4c648131d457ec148e
cults,game/dlcs/cults.teaac:tome-cults/overload/data/gfx/shockbolt/npc/vermin_blob_the_divine_writhing_mass.png,shockbolt/npc/vermin_blob_the_divine_writhing_mass.png,shockbolt/npc,game,/data/gfx/shockbolt/npc/vermin_blob_the_divine_writhing_mass.png,.png,22941,011d9b7a00f40375e3b33e33ad01fc0570f30a5f9924715d7f44bab6ef0f3b02,64,128,1,RGBA,True,False,32768,92cf89854a450cf94eb1c775e5dd67f989bfeb78c58eb313aff1051c55bbbb85
cults,game/dlcs/cults.teaac:tome-cults/overload/data/gfx/shockbolt/npc/void_annihilator.png,shockbolt/npc/void_annihilator.png,shockbolt/npc,game,/data/gfx/shockbolt/npc/void_annihilator.png,.png,36061,f654668383e1637f2ab48ad4325d6dd6bcf819cd06897928eea706b6d320c05c,64,128,1,RGBA,True,False,32768,22e4265ca732e0a11ede89b95c929baddd9e8fed52db0f17f75da639ce556b7b
cults,game/dlcs/cults.teaac:tome-cults/overload/data/gfx/shockbolt/npc/voidling_smaller.png,shockbolt/npc/voidling_smaller.png,shockbolt/npc,game,/data/gfx/shockbolt/npc/voidling_smaller.png,.png,8562,8778301cafa25a682b4d943940ed4e795732dfa112e837690861dfbd07c5240c,64,64,1,RGBA,True,False,16384,4240df28b2a58b8924d4941858662155c9530c1a744784dc3471c3d1f0341794
cults,game/dlcs/cults.teaac:tome-cults/overload/data/gfx/shockbolt/npc/wriggling_worms_shader.png,shockbolt/npc/wriggling_worms_shader.png,shockbolt/npc,game,/data/gfx/shockbolt/npc/wriggling_worms_shader.png,.png,121392,de8021b8f5e9fcb886e2204fc347efced270632e2dc982e476ebe6c2e6f8878a,1024,512,1,RGBA,True,False,2097152,98da5452f392db58ef302c82429c103fc3a949e0c88cf7fa08a933e65f1efc3b
orcs,game/dlcs/orcs.teaac:tome-orcs/overload/data/gfx/shockbolt/npc/animal_snake_gunsnake.png,shockbolt/npc/animal_snake_gunsnake.png,shockbolt/npc,game,/data/gfx/shockbolt/npc/animal_snake_gunsnake.png,.png,11581,2aeb8780dc52bf9e305402c6764b72b3df41b623863c9330f1a81aa2f7bf05e4,64,64,1,RGBA,True,False,16384,e7971b47bbbc3e302b2f283840d8703bcb6c46c88132da1588d2a00f44a92b31
orcs,game/dlcs/orcs.teaac:tome-orcs/overload/data/gfx/shockbolt/npc/construct_mechanical_ancient_automated_archive.png,shockbolt/npc/construct_mechanical_ancient_automated_archive.png,shockbolt/npc,game,/data/gfx/shockbolt/npc/construct_mechanical_ancient_automated_archive.png,.png,6456,864279add8241231ee5ef6502594e09f2079b001e2f128a67b8106cfe78b0882,64,64,1,RGBA,True,False,16384,4ca0fa0eb2b85dcc509bf3a9eea1402d26665081c89d36ce6f190a49557fb729
orcs,game/dlcs/orcs.teaac:tome-orcs/overload/data/gfx/shockbolt/npc/construct_mechanical_arcane_amplification_drone.png,shockbolt/npc/construct_mechanical_arcane_amplification_drone.png,shockbolt/npc,game,/data/gfx/shockbolt/npc/construct_mechanical_arcane_amplification_drone.png,.png,10865,a71075b40b9df618010cec09a618a881fb6c768b940dfbf40acb2cec70c1e65b,64,128,1,RGBA,True,False,32768,ff9dbdc869468109ee0cacf83ddf47387ddf0fe51a460901c8e0aceda81c038b
orcs,game/dlcs/orcs.teaac:tome-orcs/overload/data/gfx/shockbolt/npc/construct_mechanical_steam_defence_turret.png,shockbolt/npc/construct_mechanical_steam_defence_turret.png,shockbolt/npc,game,/data/gfx/shockbolt/npc/construct_mechanical_steam_defence_turret.png,.png,11681,ae6c0b84651bd15096ddbae5b84acd3486502d70a321f17b6c9ec67a6758c57c,64,128,1,RGBA,True,False,32768,37ac14b8946a7afdc64094a519f128a3e0785af7dff36131bceead357084241e
orcs,game/dlcs/orcs.teaac:tome-orcs/overload/data/gfx/shockbolt/npc/elemental_vapour_greater_hethugoroth.png,shockbolt/npc/elemental_vapour_greater_hethugoroth.png,shockbolt/npc,game,/data/gfx/shockbolt/npc/elemental_vapour_greater_hethugoroth.png,.png,14838,468905e459e473d50b9500081245762e90fe756f637a1a0b1a14beca4e57b501,64,128,1,RGBA,True,False,32768,298f494ac73a4b0e0db5be4a1c9b9a64c2710a3db56bd43f5d07c2c5e2004200
orcs,game/dlcs/orcs.teaac:tome-orcs/overload/data/gfx/shockbolt/npc/elemental_vapour_hethugoroth.png,shockbolt/npc/elemental_vapour_hethugoroth.png,shockbolt/npc,game,/data/gfx/shockbolt/npc/elemental_vapour_hethugoroth.png,.png,9051,c4729183ef24a2e8e83237ed97274ac4a67f21a76ad67fce03a384f5834fd182,64,64,1,RGBA,True,False,16384,5211e992322b7d8704866bdb68fba8605bfe83396a5f21381b65be614b44fc45
orcs,game/dlcs/orcs.teaac:tome-orcs/overload/data/gfx/shockbolt/npc/elemental_vapour_ultimate_hethugoroth.png,shockbolt/npc/elemental_vapour_ultimate_hethugoroth.png,shockbolt/npc,game,/data/gfx/shockbolt/npc/elemental_vapour_ultimate_hethugoroth.png,.png,21745,0bc320e1b179ab2dbd5fa43521cfc8740d070664a713eec9c84b1b3d0abb4922,64,128,1,RGBA,True,False,32768,0e3e6761cb78486dbf653b16fc4d784c86fee060627656479e75f9a20981d491
orcs,game/dlcs/orcs.teaac:tome-orcs/overload/data/gfx/shockbolt/npc/flame_turret1.png,shockbolt/npc/flame_turret1.png,shockbolt/npc,game,/data/gfx/shockbolt/npc/flame_turret1.png,.png,9492,41a5a4c3d61a8ff6ef043d25fbc64fe425ad901ceeebbcc59d42f1a4df385be6,64,64,1,RGBA,True,False,16384,7333ae783d95c971cb109bb488570bf8690642af75675d1e23122861dac4a339
orcs,game/dlcs/orcs.teaac:tome-orcs/overload/data/gfx/shockbolt/npc/flame_turret2.png,shockbolt/npc/flame_turret2.png,shockbolt/npc,game,/data/gfx/shockbolt/npc/flame_turret2.png,.png,10313,bbbfd60f542e6a934484a9d0b4fe6c966ff9940b40bbc7fd35f1591e911356f8,64,64,1,RGBA,True,False,16384,fd67b2ee68d27e6a5268409a8d4e7861847759f091727b938316a1905f14f205
orcs,game/dlcs/orcs.teaac:tome-orcs/overload/data/gfx/shockbolt/npc/giant_steam_arch_merchant_kaltor.png,shockbolt/npc/giant_steam_arch_merchant_kaltor.png,shockbolt/npc,game,/data/gfx/shockbolt/npc/giant_steam_arch_merchant_kaltor.png,.png,17857,291f8fd845081e08d05b6b07523de832f8bab874c0dbe87734fe5e298c4f30ac,64,128,1,RGBA,True,False,32768,937520f7aaca28ae9e576c3275fe11cd2d3aff211eee1b4455b0bbb5d921e556
orcs,game/dlcs/orcs.teaac:tome-orcs/overload/data/gfx/shockbolt/npc/giant_steam_commander_fralor.png,shockbolt/npc/giant_steam_commander_fralor.png,shockbolt/npc,game,/data/gfx/shockbolt/npc/giant_steam_commander_fralor.png,.png,14407,516b1643c30449186570409ba55ebfcca044d2b272eb9b982104f9f1683e690d,64,128,1,RGBA,True,False,32768,e228648485f006bbdeb89d04835c057d041d6838e982313ea662c9d96744e44b
orcs,game/dlcs/orcs.teaac:tome-orcs/overload/data/gfx/shockbolt/npc/giant_steam_council_member_nashal.png,shockbolt/npc/giant_steam_council_member_nashal.png,shockbolt/npc,game,/data/gfx/shockbolt/npc/giant_steam_council_member_nashal.png,.png,18437,185dc0642b088a9b8c6146870d845a5e8cc05127e1119c58eb0e38e1683f5d5b,64,128,1,RGBA,True,False,32768,37add21806823404e8aaf921abf15e0abe1b4175ee357d070abf0eff26b4e84d
orcs,game/dlcs/orcs.teaac:tome-orcs/overload/data/gfx/shockbolt/npc/giant_steam_council_member_palaquie.png,shockbolt/npc/giant_steam_council_member_palaquie.png,shockbolt/npc,game,/data/gfx/shockbolt/npc/giant_steam_council_member_palaquie.png,.png,24208,4d4fbe1b74c8f5809c9cbb9dbbbaeb0bf55b79c2ea721683c57e327ad9a67cdb,64,128,1,RGBA,True,False,32768,7ee313cc8924f065d5ca59391e34edd1dbed9fd29156f1e46992a340a0213362
orcs,game/dlcs/orcs.teaac:tome-orcs/overload/data/gfx/shockbolt/npc/giant_steam_council_member_pendor.png,shockbolt/npc/giant_steam_council_member_pendor.png,shockbolt/npc,game,/data/gfx/shockbolt/npc/giant_steam_council_member_pendor.png,.png,17230,683e6432adcf1270e4c758c33cc1b423d32fbea209d10e8d5f2e12964b6e1332,64,128,1,RGBA,True,False,32768,881b26290a30b7817df49f59d90d25875f4298040c59162d09f7a396a2b86581
orcs,game/dlcs/orcs.teaac:tome-orcs/overload/data/gfx/shockbolt/npc/giant_steam_council_member_tormak.png,shockbolt/npc/giant_steam_council_member_tormak.png,shockbolt/npc,game,/data/gfx/shockbolt/npc/giant_steam_council_member_tormak.png,.png,20789,1cbc8ec6ff63d6727559598d0ce47fc28f5f499dc291df44a2c7e8bbf6ab9975,64,128,1,RGBA,True,False,32768,bb26207d6d1e37d9304b41cef4a1c51f64e90076c7060512b031071b6015323f
orcs,game/dlcs/orcs.teaac:tome-orcs/overload/data/gfx/shockbolt/npc/giant_steam_haze_commander_parmor.png,shockbolt/npc/giant_steam_haze_commander_parmor.png,shockbolt/npc,game,/data/gfx/shockbolt/npc/giant_steam_haze_commander_parmor.png,.png,18007,0da7166e9f2509330452705aab50aef6ba7ee1f62e4439439c7b5e1416bf954f,64,128,1,RGBA,True,False,32768,72dd4e8df827b2dc31a22ffae3a7204e4d0d2e7cf28334e0a454f4c5047101dc
orcs,game/dlcs/orcs.teaac:tome-orcs/overload/data/gfx/shockbolt/npc/giant_steam_high_guard_talosis.png,shockbolt/npc/giant_steam_high_guard_talosis.png,shockbolt/npc,game,/data/gfx/shockbolt/npc/giant_steam_high_guard_talosis.png,.png,15145,dd9e7388cdd8ed12746d2094401d7c6cb2619fce5e212d1b8f977aef8596e8fc,64,128,1,RGBA,True,False,32768,25c130865b3eed5b094b973e9d590c83224391f55a93ae930e15907f4e736144
orcs,game/dlcs/orcs.teaac:tome-orcs/overload/data/gfx/shockbolt/npc/giant_steam_retaliator_of_atmos.png,shockbolt/npc/giant_steam_retaliator_of_atmos.png,shockbolt/npc,game,/data/gfx/shockbolt/npc/giant_steam_retaliator_of_atmos.png,.png,17427,021defdcbdef73dd0e4f811ef5522b8c1a28a32edcac07f752bfc991d59c88bf,64,128,1,RGBA,True,False,32768,f6d57f7a9cdaae542c92f2124dfaa3bd9551de796d82f00e5c6cab5de9df0789
orcs,game/dlcs/orcs.teaac:tome-orcs/overload/data/gfx/shockbolt/npc/giant_steam_steam_giant_berserker.png,shockbolt/npc/giant_steam_steam_giant_berserker.png,shockbolt/npc,game,/data/gfx/shockbolt/npc/giant_steam_steam_giant_berserker.png,.png,16009,090c572b8dd2108bede26f790f75e0be802d40852818e1231841b27ca3611f1b,64,128,1,RGBA,True,False,32768,96c95641d81265badf7f37f87f2960476af828998a99df97eb796daf4f5e3980
orcs,game/dlcs/orcs.teaac:tome-orcs/overload/data/gfx/shockbolt/npc/giant_steam_steam_giant_blood_carver.png,shockbolt/npc/giant_steam_steam_giant_blood_carver.png,shockbolt/npc,game,/data/gfx/shockbolt/npc/giant_steam_steam_giant_blood_carver.png,.png,16234,f0c3b6cecc2b412c4a5ddc299e523de9878d03802f30bac4681c654af9659831,64,128,1,RGBA,True,False,32768,c73bd04c1b999f54ab5b5e4c08c02b000953ab20b32fe9d945ff4ab568db2a68
orcs,game/dlcs/orcs.teaac:tome-orcs/overload/data/gfx/shockbolt/npc/giant_steam_steam_giant_commoner_female.png,shockbolt/npc/giant_steam_steam_giant_commoner_female.png,shockbolt/npc,game,/data/gfx/shockbolt/npc/giant_steam_steam_giant_commoner_female.png,.png,15977,aee9c4a9f998dc2f9998fc5bd97734993418db6e5ea6f9beac713397051edbf4,64,128,1,RGBA,True,False,32768,a3008b7fa8fa50092288e9cfc3ef4713aa1a7a567c60159d92f1fa5accd65cb5
orcs,game/dlcs/orcs.teaac:tome-orcs/overload/data/gfx/shockbolt/npc/giant_steam_steam_giant_commoner_worker_male.png,shockbolt/npc/giant_steam_steam_giant_commoner_worker_male.png,shockbolt/npc,game,/data/gfx/shockbolt/npc/giant_steam_steam_giant_commoner_worker_male.png,.png,15767,9882407721a5f1668b17ee52f5aeec20c6b3cdf1f1d13e5ed7b1acdaaf1d69c8,64,128,1,RGBA,True,False,32768,ce4a05cdd26a8e62b555400f2333da0596a76a9c2b6edd012a5214840f11bfbf
orcs,game/dlcs/orcs.teaac:tome-orcs/overload/data/gfx/shockbolt/npc/giant_steam_steam_giant_flameshot.png,shockbolt/npc/giant_steam_steam_giant_flameshot.png,shockbolt/npc,game,/data/gfx/shockbolt/npc/giant_steam_steam_giant_flameshot.png,.png,14058,56df48329e8f64535ddff2620926731fbd47bb2a4a0c06c35abe12781542e8ab,64,128,1,RGBA,True,False,32768,01e1ab1f9228c87d16d30ea512c90363d59d5187b0d1614770cf29a7073a1d7f
orcs,game/dlcs/orcs.teaac:tome-orcs/overload/data/gfx/shockbolt/npc/giant_steam_steam_giant_guard.png,shockbolt/npc/giant_steam_steam_giant_guard.png,shockbolt/npc,game,/data/gfx/shockbolt/npc/giant_steam_steam_giant_guard.png,.png,17963,f4af58c9567c434b1c84a722a1b45232254d9f4b8ce1e18b5c0e1e0d603610c4,64,128,1,RGBA,True,False,32768,fbfd14605ef8898feeab9431143c657831771318c9cae362207b684a737fee48
orcs,game/dlcs/orcs.teaac:tome-orcs/overload/data/gfx/shockbolt/npc/giant_steam_steam_giant_gunner.png,shockbolt/npc/giant_steam_steam_giant_gunner.png,shockbolt/npc,game,/data/gfx/shockbolt/npc/giant_steam_steam_giant_gunner.png,.png,13149,efb08dae26c5fe90258c0267654580b855d80c85eec56c71a40df30a78d8dbdd,64,128,1,RGBA,True,False,32768,69cd8a7b5aa5c429ddbc55015c05591630575d7cfe3f9f80252a3e5b980ba36d
orcs,game/dlcs/orcs.teaac:tome-orcs/overload/data/gfx/shockbolt/npc/giant_steam_steam_giant_gunslinger.png,shockbolt/npc/giant_steam_steam_giant_gunslinger.png,shockbolt/npc,game,/data/gfx/shockbolt/npc/giant_steam_steam_giant_gunslinger.png,.png,21483,9e1ffbcb534007079fecaddf1106a1379141f3ec4090a42635733e8884cc8a20,64,128,1,RGBA,True,False,32768,87a43e1b0368d956a51372a4097f919e5f91cf9f02ccb59dfbf76c1d709812cd
orcs,game/dlcs/orcs.teaac:tome-orcs/overload/data/gfx/shockbolt/npc/giant_steam_steam_giant_necropsych.png,shockbolt/npc/giant_steam_steam_giant_necropsych.png,shockbolt/npc,game,/data/gfx/shockbolt/npc/giant_steam_steam_giant_necropsych.png,.png,18510,a3879479c308fb354942d88d02a7a0eb16fbfc057f90e92a1db1de78f6e73889,64,128,1,RGBA,True,False,32768,208acfb86eaf2a005d6dcf7751e1b5b96614ae3f027362537413297730ff249f
orcs,game/dlcs/orcs.teaac:tome-orcs/overload/data/gfx/shockbolt/npc/giant_steam_steam_giant_shopkeeper.png,shockbolt/npc/giant_steam_steam_giant_shopkeeper.png,shockbolt/npc,game,/data/gfx/shockbolt/npc/giant_steam_steam_giant_shopkeeper.png,.png,14903,0ded8b97132b1a63daa7960d238875b533ed03ce7b0d09fb59e9e480d5798bdc,64,128,1,RGBA,True,False,32768,f957dbc5a58bb16c15d5ee1c1e5ebec2234158b586e06da1c52d5a400b29d1a7
orcs,game/dlcs/orcs.teaac:tome-orcs/overload/data/gfx/shockbolt/npc/giant_steam_steam_giant_yeti_rider.png,shockbolt/npc/giant_steam_steam_giant_yeti_rider.png,shockbolt/npc,game,/data/gfx/shockbolt/npc/giant_steam_steam_giant_yeti_rider.png,.png,17307,4541339c71124d0f49eae2f2d5ddd07259ccf13738c8df7e5e4c7d626814be6b,64,128,1,RGBA,True,False,32768,794a02b445d6174da93fb78b44d5de222cae5d2a54bd26b73eb4869f8a2341d9
orcs,game/dlcs/orcs.teaac:tome-orcs/overload/data/gfx/shockbolt/npc/giant_titan_gargantuan_sher_tan.png,shockbolt/npc/giant_titan_gargantuan_sher_tan.png,shockbolt/npc,game,/data/gfx/shockbolt/npc/giant_titan_gargantuan_sher_tan.png,.png,18986,8232f68857451f40482f4355ee0afab4366d48235dcf1aa347beea0ecf833140,64,128,1,RGBA,True,False,32768,2cb5e07b0f9256163e3456acf2d68ace7744d55ef28abb969b2d4ae826a9b2cc
orcs,game/dlcs/orcs.teaac:tome-orcs/overload/data/gfx/shockbolt/npc/giant_titan_sher_tan.png,shockbolt/npc/giant_titan_sher_tan.png,shockbolt/npc,game,/data/gfx/shockbolt/npc/giant_titan_sher_tan.png,.png,16796,eaf0f58d08d5a9f61e149e0f799df4be629e027994fd10a193b4a06f1400920a,64,128,1,RGBA,True,False,32768,5b7e203bf5b159cf05e481ac888596fb331e857894212c47fa36d711a01f5708
orcs,game/dlcs/orcs.teaac:tome-orcs/overload/data/gfx/shockbolt/npc/giant_titan_titan_battlesmasher.png,shockbolt/npc/giant_titan_titan_battlesmasher.png,shockbolt/npc,game,/data/gfx/shockbolt/npc/giant_titan_titan_battlesmasher.png,.png,16369,a260902064ff797f1137e137d98d9202a5b55eed5eee55d82fc7f54aaa82e982,64,128,1,RGBA,True,False,32768,ad1b12bda87e59a125d81f616e4b3c5be1be0434214f8a3cd4c4c758b8d093a2
orcs,game/dlcs/orcs.teaac:tome-orcs/overload/data/gfx/shockbolt/npc/giant_titan_titan_dreadnought.png,shockbolt/npc/giant_titan_titan_dreadnought.png,shockbolt/npc,game,/data/gfx/shockbolt/npc/giant_titan_titan_dreadnought.png,.png,17324,84936a13f3ea90f7cd9bc5d523f32b202384df363bfb696a2f5ba34bce5cabf4,64,128,1,RGBA,True,False,32768,3308d48b869cb889e533d6ffa2de97368baa17e202d97cda5c528a45dc2f5b63
orcs,game/dlcs/orcs.teaac:tome-orcs/overload/data/gfx/shockbolt/npc/giant_titan_titan_searing_seer.png,shockbolt/npc/giant_titan_titan_searing_seer.png,shockbolt/npc,game,/data/gfx/shockbolt/npc/giant_titan_titan_searing_seer.png,.png,18789,46017b2ac5c6829c86cefef77b4a8dd5e0760c4666971d35d8b458f87ad660f7,64,128,1,RGBA,True,False,32768,41d73ee16af71375440dd57e50f91ad8b0d91e68a55bbadcf8044d8a1e3d93b4
orcs,game/dlcs/orcs.teaac:tome-orcs/overload/data/gfx/shockbolt/npc/giant_titan_titan_vile_spewer.png,shockbolt/npc/giant_titan_titan_vile_spewer.png,shockbolt/npc,game,/data/gfx/shockbolt/npc/giant_titan_titan_vile_spewer.png,.png,20146,e1df48edfdd9811ba005c68b7ae1931e3fd5f6ff066770fb621587d3dad25fa9,64,128,1,RGBA,True,False,32768,540c88fb8e0ba5994996951c3b78af7145f096b2f3ffba61f6b905a05e722bfd
orcs,game/dlcs/orcs.teaac:tome-orcs/overload/data/gfx/shockbolt/npc/giant_titan_titanic_horror.png,shockbolt/npc/giant_titan_titanic_horror.png,shockbolt/npc,game,/data/gfx/shockbolt/npc/giant_titan_titanic_horror.png,.png,19472,978e489f1270b00ee18ed49885ab63468207614239cddcdc187556425c8eee5b,64,128,1,RGBA,True,False,32768,ddd05dd460134cdbd4057d8c763155af0e8fafaf822f153b27eee4903908d969
orcs,game/dlcs/orcs.teaac:tome-orcs/overload/data/gfx/shockbolt/npc/giant_treant_crystallized_primal_root.png,shockbolt/npc/giant_treant_crystallized_primal_root.png,shockbolt/npc,game,/data/gfx/shockbolt/npc/giant_treant_crystallized_primal_root.png,.png,21623,7ae1fdac154c924d4ebc8b9a72c07f6d474e7153da25c3576069b776559d837d,64,128,1,RGBA,True,False,32768,06346851d660e9cb34ba8e40f79fa226f9896a52f1cf4f82d912dc1f5ce4b075
orcs,game/dlcs/orcs.teaac:tome-orcs/overload/data/gfx/shockbolt/npc/giant_troll_admiral_korbek.png,shockbolt/npc/giant_troll_admiral_korbek.png,shockbolt/npc,game,/data/gfx/shockbolt/npc/giant_troll_admiral_korbek.png,.png,21498,d4eca1c48633cca03aef3646743d8d4d5cab512a1679dd69d224ec7a27ba17ed,64,128,1,RGBA,True,False,32768,2539351e4dc98f643757a79b0f5ff6ee65c00f956523b4a52da2159a8051a747
orcs,game/dlcs/orcs.teaac:tome-orcs/overload/data/gfx/shockbolt/npc/giant_troll_troll_aquamancer.png,shockbolt/npc/giant_troll_troll_aquamancer.png,shockbolt/npc,game,/data/gfx/shockbolt/npc/giant_troll_troll_aquamancer.png,.png,21216,4aff78d5aad346cc28d10337cb74cba5a10d9685b0b87be9af3162c3cff7afb5,64,128,1,RGBA,True,False,32768,e40f7f58dd7570fbe3b1818e7a0d6615ebe90820d655301da8b209da12177ab6
orcs,game/dlcs/orcs.teaac:tome-orcs/overload/data/gfx/shockbolt/npc/giant_troll_troll_captain.png,shockbolt/npc/giant_troll_troll_captain.png,shockbolt/npc,game,/data/gfx/shockbolt/npc/giant_troll_troll_captain.png,.png,17330,86d11530ecd33a34d3b567414ff49672964a8dbe6e7c0733af20330b99b20612,64,128,1,RGBA,True,False,32768,dd6dac46f5b897291d4c5924ee5840de2aad4211ed69011d5ca87bdad0afbc65
orcs,game/dlcs/orcs.teaac:tome-orcs/overload/data/gfx/shockbolt/npc/giant_troll_troll_guard.png,shockbolt/npc/giant_troll_troll_guard.png,shockbolt/npc,game,/data/gfx/shockbolt/npc/giant_troll_troll_guard.png,.png,12178,f8060a3fd7a9e529cbe71c847c13da47212eebf94a807582dc9e1cb15de6b668,64,128,1,RGBA,True,False,32768,1b5f22f7e7a230b6b74194c5eaae45aaa9bc01fcd7f9bf6d6714e3869febbc68
orcs,game/dlcs/orcs.teaac:tome-orcs/overload/data/gfx/shockbolt/npc/giant_troll_troll_marauder.png,shockbolt/npc/giant_troll_troll_marauder.png,shockbolt/npc,game,/data/gfx/shockbolt/npc/giant_troll_troll_marauder.png,.png,11222,af6950a78497ff56d573d475b2f0c20b7df5650f5d9338f0de87b9ee2c4bdf78,64,128,1,RGBA,True,False,32768,8bad0ec30f1ea68f5895bf2f2b95e54d5c4c58a50a4966700b143ab89e4da961
orcs,game/dlcs/orcs.teaac:tome-orcs/overload/data/gfx/shockbolt/npc/giant_troll_troll_pirate.png,shockbolt/npc/giant_troll_troll_pirate.png,shockbolt/npc,game,/data/gfx/shockbolt/npc/giant_troll_troll_pirate.png,.png,11713,28f02861984a8d29a2e4bdacca06ef5aa2099fd0710507900e5feec9ae55b69e,64,128,1,RGBA,True,False,32768,e8d11adc2b017d01db350cd42bdecece42e04c157ab475b471cc1b245105fa23
orcs,game/dlcs/orcs.teaac:tome-orcs/overload/data/gfx/shockbolt/npc/giant_yeti_astral_infused_yeti.png,shockbolt/npc/giant_yeti_astral_infused_yeti.png,shockbolt/npc,game,/data/gfx/shockbolt/npc/giant_yeti_astral_infused_yeti.png,.png,17526,a6e53649de39d1c35edd5617722bcfcaefec96470dd8de3b7c4e1141c070ce5e,64,128,1,RGBA,True,False,32768,7a5032d689ac2ec7a088ef7be75a8ee95616df4419b0983f0d1aa4985d8b3168
orcs,game/dlcs/orcs.teaac:tome-orcs/overload/data/gfx/shockbolt/npc/giant_yeti_attack_yeti.png,shockbolt/npc/giant_yeti_attack_yeti.png,shockbolt/npc,game,/data/gfx/shockbolt/npc/giant_yeti_attack_yeti.png,.png,15796,2822888b2494d20ad5f75c34c1264b17a44c76865b858887e0dfc9f7be09d54b,64,128,1,RGBA,True,False,32768,522658a9a7d933a83ee93c98b0ebdc5e46018ac80ba261cd4546e1eebafac5ad
orcs,game/dlcs/orcs.teaac:tome-orcs/overload/data/gfx/shockbolt/npc/giant_yeti_captured_yeti_behemoth.png,shockbolt/npc/giant_yeti_captured_yeti_behemoth.png,shockbolt/npc,game,/data/gfx/shockbolt/npc/giant_yeti_captured_yeti_behemoth.png,.png,21482,876b5fca1a443ca3d10a8b24c36e440c91667a861d1a67500ac22cc1cd0f6f3a,64,128,1,RGBA,True,False,32768,f95575f797ff19b1182ddb33fcd0b4fba570ffdc97e114da5246ee6c7b73897d
orcs,game/dlcs/orcs.teaac:tome-orcs/overload/data/gfx/shockbolt/npc/giant_yeti_guard_yeti.png,shockbolt/npc/giant_yeti_guard_yeti.png,shockbolt/npc,game,/data/gfx/shockbolt/npc/giant_yeti_guard_yeti.png,.png,17854,2df17663dd8ca3601e4006ca4b7f1b2fb19c72b7df650967b15dda3def16ebdf,64,128,1,RGBA,True,False,32768,b33df4dd9b906a978dd4e4a3645c34059e4420ba7e4e2d3045a465c2b341a459
orcs,game/dlcs/orcs.teaac:tome-orcs/overload/data/gfx/shockbolt/npc/giant_yeti_half_mechanized_yeti.png,shockbolt/npc/giant_yeti_half_mechanized_yeti.png,shockbolt/npc,game,/data/gfx/shockbolt/npc/giant_yeti_half_mechanized_yeti.png,.png,18766,72c11eb3a34ec8627aaa0d61d65d5a0d7799cfcf057982cafcc115ad2d00b321,64,128,1,RGBA,True,False,32768,1ecd56f2a9acecf7c73311e54ef8cf6edfaf42d29a0dad97b0484f72b7281b12
orcs,game/dlcs/orcs.teaac:tome-orcs/overload/data/gfx/shockbolt/npc/giant_yeti_pet_yeti.png,shockbolt/npc/giant_yeti_pet_yeti.png,shockbolt/npc,game,/data/gfx/shockbolt/npc/giant_yeti_pet_yeti.png,.png,16477,3373b95556cbf7b2fd5df5249cdda9b13fba12381cfacbed2258ff6723b560b6,64,128,1,RGBA,True,False,32768,4d08703dd7a0fd9148a16b012ff6930397f7cfe2e8f2dc54f8a237a2a00597ec
orcs,game/dlcs/orcs.teaac:tome-orcs/overload/data/gfx/shockbolt/npc/giant_yeti_yeti.png,shockbolt/npc/giant_yeti_yeti.png,shockbolt/npc,game,/data/gfx/shockbolt/npc/giant_yeti_yeti.png,.png,13822,85680cec88a48891a30dace6a5b1f0dca3d63152debf903b39171b5286f9a44f,64,128,1,RGBA,True,False,32768,71ed0650790a3090bdff4d6354195b411e2aee9b90df3d2d429efdcdfd58e5f6
orcs,game/dlcs/orcs.teaac:tome-orcs/overload/data/gfx/shockbolt/npc/giant_yeti_yeti_cub.png,shockbolt/npc/giant_yeti_yeti_cub.png,shockbolt/npc,game,/data/gfx/shockbolt/npc/giant_yeti_yeti_cub.png,.png,10129,0ec2692bd297bef61b769a9ef9f49a7d95a5bb66538e0cf10f09e4a80ff26cf6,64,64,1,RGBA,True,False,16384,cf62450f49a23c97fe4d81c3bfcff66e4974b3d6c182213cf3ff1ab7c43a8455
orcs,game/dlcs/orcs.teaac:tome-orcs/overload/data/gfx/shockbolt/npc/giant_yeti_yeti_demolisher.png,shockbolt/npc/giant_yeti_yeti_demolisher.png,shockbolt/npc,game,/data/gfx/shockbolt/npc/giant_yeti_yeti_demolisher.png,.png,17669,cea5aef6bd7f822faa7dffec89dc2eb2addc5f14ae1924875d5b030f26620cb8,64,128,1,RGBA,True,False,32768,34db6569ec94a83468929b5ec9cead7128786c210898f2be0311c1e5444a6dad
orcs,game/dlcs/orcs.teaac:tome-orcs/overload/data/gfx/shockbolt/npc/giant_yeti_yeti_patriarch.png,shockbolt/npc/giant_yeti_yeti_patriarch.png,shockbolt/npc,game,/data/gfx/shockbolt/npc/giant_yeti_yeti_patriarch.png,.png,18570,0c50f087c6b885cb905b2f6be0b9eddf10dc88294da71592ed5a79bcd4365eeb,64,128,1,RGBA,True,False,32768,bf7ba3dc87428b82957ec6a23a798164a358701030aeb867929a1fa13ed988ec
orcs,game/dlcs/orcs.teaac:tome-orcs/overload/data/gfx/shockbolt/npc/giant_yeti_yeti_warrior.png,shockbolt/npc/giant_yeti_yeti_warrior.png,shockbolt/npc,game,/data/gfx/shockbolt/npc/giant_yeti_yeti_warrior.png,.png,14800,d37e7925f6c6453fbbe4d2a21ee7b19879453d301f3d740c8ec2a08e5b6109bc,64,128,1,RGBA,True,False,32768,741628d1252d817309ead880367cc2331b761e4d3505d582deccacc0be697a10
orcs,game/dlcs/orcs.teaac:tome-orcs/overload/data/gfx/shockbolt/npc/god_eyal_amakthel_s_eye.png,shockbolt/npc/god_eyal_amakthel_s_eye.png,shockbolt/npc,game,/data/gfx/shockbolt/npc/god_eyal_amakthel_s_eye.png,.png,12303,95a58b12b0a5f604393195cad5400e3ebf965ffedba235a20bc4f8739a5f0c21,64,128,1,RGBA,True,False,32768,0073d49e2ccc305bd26e44c8a1a4722d5ab69d1c6e9683269dfaa097832a10b8
orcs,game/dlcs/orcs.teaac:tome-orcs/overload/data/gfx/shockbolt/npc/god_eyal_amakthel_s_eye_closed.png,shockbolt/npc/god_eyal_amakthel_s_eye_closed.png,shockbolt/npc,game,/data/gfx/shockbolt/npc/god_eyal_amakthel_s_eye_closed.png,.png,11119,caf156be790dad998efd3cca3289b3582ef13918597f4e8fdf420838d70e8d82,64,128,1,RGBA,True,False,32768,c58de01da0a947a435a1634718890d385c695b6d1c6427ee489b73e7b4409822
orcs,game/dlcs/orcs.teaac:tome-orcs/overload/data/gfx/shockbolt/npc/god_eyal_amakthel_s_hand.png,shockbolt/npc/god_eyal_amakthel_s_hand.png,shockbolt/npc,game,/data/gfx/shockbolt/npc/god_eyal_amakthel_s_hand.png,.png,14045,0636f66c95312a60eaec0fe4a50940125d10d16f3561bbd58acc5232fd782e3e,64,128,1,RGBA,True,False,32768,5f3df1eb53c0743a36c6be12867427008868486f6152007f708ccea1f4066116
orcs,game/dlcs/orcs.teaac:tome-orcs/overload/data/gfx/shockbolt/npc/god_eyal_amakthel_s_hand_closed.png,shockbolt/npc/god_eyal_amakthel_s_hand_closed.png,shockbolt/npc,game,/data/gfx/shockbolt/npc/god_eyal_amakthel_s_hand_closed.png,.png,14814,5daca70d72ba39949ac5385fa4ad7b3a2c21b391c9de2ad941adb64b4f265054,64,128,1,RGBA,True,False,32768,e484c203747b5ac328e4d0a0484b63448995f7ead47f6f3cd4faa0f861bb75a7
orcs,game/dlcs/orcs.teaac:tome-orcs/overload/data/gfx/shockbolt/npc/god_eyal_amakthel_s_mouth.png,shockbolt/npc/god_eyal_amakthel_s_mouth.png,shockbolt/npc,game,/data/gfx/shockbolt/npc/god_eyal_amakthel_s_mouth.png,.png,13969,54c7efb695824e2534e8390413b1dfedd7b4f8345b188c6b8788b3de0fd48e26,64,128,1,RGBA,True,False,32768,cb285734641a7ef793e2dcdc348cc5712a878922ef986d21cdd02c11737a64e7
orcs,game/dlcs/orcs.teaac:tome-orcs/overload/data/gfx/shockbolt/npc/god_eyal_amakthel_s_mouth_closed.png,shockbolt/npc/god_eyal_amakthel_s_mouth_closed.png,shockbolt/npc,game,/data/gfx/shockbolt/npc/god_eyal_amakthel_s_mouth_closed.png,.png,13610,fd91c663d09f4730f8cedab5937a4f00ffb8db27c1f66e5a0dff3087b6397bdc,64,128,1,RGBA,True,False,32768,3d73b4b582f6efc69f3b4be14b484094ef14806873ef1825d7eb270194aa4a82
orcs,game/dlcs/orcs.teaac:tome-orcs/overload/data/gfx/shockbolt/npc/guardian_turret1.png,shockbolt/npc/guardian_turret1.png,shockbolt/npc,game,/data/gfx/shockbolt/npc/guardian_turret1.png,.png,10461,f8d771bd33ca588795f6ef6588265c56d2602fdc3c3578ccf763fa7217e6df91,64,64,1,RGBA,True,False,16384,cdefa8286993c569a0826a06001d70d19ca7598f724046cd24c94032ec3d1053
orcs,game/dlcs/orcs.teaac:tome-orcs/overload/data/gfx/shockbolt/npc/guardian_turret2.png,shockbolt/npc/guardian_turret2.png,shockbolt/npc,game,/data/gfx/shockbolt/npc/guardian_turret2.png,.png,12198,85d5a8d13e9e7fb1c7b3cde6a9b0267e229f23ee6d5e9394fadf9ae398fdce05,64,64,1,RGBA,True,False,16384,cdd87dc945b57561d472b9c8dc2ff2ea44436542be9d8134643a7aba2969391e
orcs,game/dlcs/orcs.teaac:tome-orcs/overload/data/gfx/shockbolt/npc/healing_turret1.png,shockbolt/npc/healing_turret1.png,shockbolt/npc,game,/data/gfx/shockbolt/npc/healing_turret1.png,.png,8780,9c5a0770853da674c06f861079ec96a1452f612920fcd64c71caab9674e630a3,64,64,1,RGBA,True,False,16384,da82c46131e52fc750df2848ba4b99a3f0bfc28fbd9f62f7ef8bcb029f6e244b
orcs,game/dlcs/orcs.teaac:tome-orcs/overload/data/gfx/shockbolt/npc/healing_turret2.png,shockbolt/npc/healing_turret2.png,shockbolt/npc,game,/data/gfx/shockbolt/npc/healing_turret2.png,.png,9438,5afed7244ce7740019338ae5e39ba3d128a6897d41d08fb9dc82a69c674b7e16,64,64,1,RGBA,True,False,16384,6aafba82db2c08e2aa08b62b88281e037d48a15bc791b77813e671d8e3955bd8
orcs,game/dlcs/orcs.teaac:tome-orcs/overload/data/gfx/shockbolt/npc/horror_eldritch_eyed_tentacle.png,shockbolt/npc/horror_eldritch_eyed_tentacle.png,shockbolt/npc,game,/data/gfx/shockbolt/npc/horror_eldritch_eyed_tentacle.png,.png,9893,afe59c0cd48edb24fcab6c709d22e7f1c3234eedc85f196e6f189726551daf01,64,128,1,RGBA,True,False,32768,e9f7d869d1b723c3bc6b65b5c31e6206a77cbc827c7312e7cfda462d77132f34
orcs,game/dlcs/orcs.teaac:tome-orcs/overload/data/gfx/shockbolt/npc/horror_eldritch_oozing_tentacle.png,shockbolt/npc/horror_eldritch_oozing_tentacle.png,shockbolt/npc,game,/data/gfx/shockbolt/npc/horror_eldritch_oozing_tentacle.png,.png,17323,566aba1432c2be40f160a064549219f9aebf8ca3b0a9a3549643df154119cae3,64,128,1,RGBA,True,False,32768,4278c22e8b9d5305e902b3cf288c50d89996c80439e5faab3a775b9fda9375cc
orcs,game/dlcs/orcs.teaac:tome-orcs/overload/data/gfx/shockbolt/npc/horror_eldritch_saw_horror.png,shockbolt/npc/horror_eldritch_saw_horror.png,shockbolt/npc,game,/data/gfx/shockbolt/npc/horror_eldritch_saw_horror.png,.png,37489,694358bea4c6e20b96c556781e02955ace3ee0413caefcbd00c99edc7107bd05,64,128,1,RGBA,True,False,32768,0272e05553059baae7045b2ebbd9975fcd025637c302b4b51bcfd7c1ec5b2b19
orcs,game/dlcs/orcs.teaac:tome-orcs/overload/data/gfx/shockbolt/npc/horror_eldritch_spiked_tentacle.png,shockbolt/npc/horror_eldritch_spiked_tentacle.png,shockbolt/npc,game,/data/gfx/shockbolt/npc/horror_eldritch_spiked_tentacle.png,.png,12299,952a7bac290c2c0bed6c59b75edb5a09340613b42d965d2ae398e01ab4836157,64,128,1,RGBA,True,False,32768,bf8a5ab48bd358a25765c71317abcc9d0d714f2261ec54241a9ca15d57e3fa06
orcs,game/dlcs/orcs.teaac:tome-orcs/overload/data/gfx/shockbolt/npc/horror_shertul_sher_tul_high_priest.png,shockbolt/npc/horror_shertul_sher_tul_high_priest.png,shockbolt/npc,game,/data/gfx/shockbolt/npc/horror_shertul_sher_tul_high_priest.png,.png,15175,f789da2fb958ad4f644f6839c4f5681ac7917d6253d431b9029d0ed9f3ce925c,64,128,1,RGBA,True,False,32768,a1d3b12535f7d710b0c53981ee0a07dc2e94f89ae54e4e790bba0bb4513e9617
orcs,game/dlcs/orcs.teaac:tome-orcs/overload/data/gfx/shockbolt/npc/horror_shertul_shertul_high_priest_eye_infused.png,shockbolt/npc/horror_shertul_shertul_high_priest_eye_infused.png,shockbolt/npc,game,/data/gfx/shockbolt/npc/horror_shertul_shertul_high_priest_eye_infused.png,.png,17129,5a190bd20d26f5b93914e97371c16163fa6233234b2a2df7da7afbbe96f3ac83,64,128,1,RGBA,True,False,32768,e140f958b001678296de6d3b08538862a598cfa38a83c2c2d5c9782eb3baca9e
orcs,game/dlcs/orcs.teaac:tome-orcs/overload/data/gfx/shockbolt/npc/horror_shertul_shertul_high_priest_hand_infused.png,shockbolt/npc/horror_shertul_shertul_high_priest_hand_infused.png,shockbolt/npc,game,/data/gfx/shockbolt/npc/horror_shertul_shertul_high_priest_hand_infused.png,.png,19097,70236da3be70e37afcfbfd0fd97f3537ac175a7ce76ea7a6f50a84455e08af67,64,128,1,RGBA,True,False,32768,ac4fb7c1edc55913fd25a6b04a45de4b63fd3a8c19a676dfa04e90b5d60c957c
orcs,game/dlcs/orcs.teaac:tome-orcs/overload/data/gfx/shockbolt/npc/horror_shertul_shertul_high_priest_mouth_infused.png,shockbolt/npc/horror_shertul_shertul_high_priest_mouth_infused.png,shockbolt/npc,game,/data/gfx/shockbolt/npc/horror_shertul_shertul_high_priest_mouth_infused.png,.png,18340,caebf291cf1a7060342891afa62cc7c507dcf2e47d7744494d09ac508f1cb3f3,64,128,1,RGBA,True,False,32768,38e0203f53a25ad8c6bdc0ec35b1e15ac5def45f7dfcbacabe776e800883616b
orcs,game/dlcs/orcs.teaac:tome-orcs/overload/data/gfx/shockbolt/npc/humanoid_elf_elven_astromancer.png,shockbolt/npc/humanoid_elf_elven_astromancer.png,shockbolt/npc,game,/data/gfx/shockbolt/npc/humanoid_elf_elven_astromancer.png,.png,13980,3dc0c5a60555ecdb7d395b2d88e10e2440f12b485f478c84630a51e785e8ce7c,64,128,1,RGBA,True,False,32768,703a2d97a1d8a564cdc3b27ac75317504eb95ecd8f028eee060f0748fac9f3bc
orcs,game/dlcs/orcs.teaac:tome-orcs/overload/data/gfx/shockbolt/npc/humanoid_elf_star_gazer.png,shockbolt/npc/humanoid_elf_star_gazer.png,shockbolt/npc,game,/data/gfx/shockbolt/npc/humanoid_elf_star_gazer.png,.png,14699,8163ae0eb9a04b42fb0be4656a3b5756add7b4c59996b70fe3a375a6a9e60b5e,64,128,1,RGBA,True,False,32768,d9e70051701c33a971db1bf36297bdeeef4678d752aa699b34232b059a61f211
orcs,game/dlcs/orcs.teaac:tome-orcs/overload/data/gfx/shockbolt/npc/humanoid_elf_sun_mage_recruit.png,shockbolt/npc/humanoid_elf_sun_mage_recruit.png,shockbolt/npc,game,/data/gfx/shockbolt/npc/humanoid_elf_sun_mage_recruit.png,.png,6705,fb3af9716ec57d5e83f2496ce30505e0eb028cd061fb0e99c48afadc4d369e5d,64,64,1,RGBA,True,False,16384,a8fb2399d1b48c92976b49290e0055a754ba45f1827fe5369595f48555916bf5
orcs,game/dlcs/orcs.teaac:tome-orcs/overload/data/gfx/shockbolt/npc/humanoid_elf_sunwall_vindicator.png,shockbolt/npc/humanoid_elf_sunwall_vindicator.png,shockbolt/npc,game,/data/gfx/shockbolt/npc/humanoid_elf_sunwall_vindicator.png,.png,7135,385c905fddc4e3324aecb6fb76577a45aa24947a90fb551a33923080a8d40105,64,64,1,RGBA,True,False,16384,7a0f2910be8914e269b5cc3c138372b8534b77832476543d23b13793d8e4ead6
orcs,game/dlcs/orcs.teaac:tome-orcs/overload/data/gfx/shockbolt/npc/humanoid_halfling_halfling_pyremaster.png,shockbolt/npc/humanoid_halfling_halfling_pyremaster.png,shockbolt/npc,game,/data/gfx/shockbolt/npc/humanoid_halfling_halfling_pyremaster.png,.png,4774,c551a669d54d3e4c7a18c6b4a71bdc99bec2ec0757907b6c0d08552ecb7f22da,64,64,1,RGBA,True,False,16384,d6df0a78b692c3ce3fb5ae0dd409a3a6dce84c0710daee9973a2909b4a644743
orcs,game/dlcs/orcs.teaac:tome-orcs/overload/data/gfx/shockbolt/npc/humanoid_halfling_mindwall.png,shockbolt/npc/humanoid_halfling_mindwall.png,shockbolt/npc,game,/data/gfx/shockbolt/npc/humanoid_halfling_mindwall.png,.png,6294,356e8a8de8411233d73403893e861828682fec481d2ab0248295929a2895b62b,64,64,1,RGBA,True,False,16384,e517fa081f8342d65668c9833c946a54dee9210e8101897f3f79207701b9e57b
orcs,game/dlcs/orcs.teaac:tome-orcs/overload/data/gfx/shockbolt/npc/humanoid_human_astral_conjurer.png,shockbolt/npc/humanoid_human_astral_conjurer.png,shockbolt/npc,game,/data/gfx/shockbolt/npc/humanoid_human_astral_conjurer.png,.png,8931,7d8ba02ae9963cadb188496cfff1c69747ef9463daf251085bf21dd53d8cdfe9,64,64,1,RGBA,True,False,16384,3f2e90ddf1ba6edf7dc9a2d8f7145f0d6fdd456fe9c5ee71782768140f37cf17
orcs,game/dlcs/orcs.teaac:tome-orcs/overload/data/gfx/shockbolt/npc/humanoid_human_crimson_templar_john.png,shockbolt/npc/humanoid_human_crimson_templar_john.png,shockbolt/npc,game,/data/gfx/shockbolt/npc/humanoid_human_crimson_templar_john.png,.png,16595,7abdbb931bd65828082742bf646591f4d619c758bf5d39cb93a1148b147809a7,64,128,1,RGBA,True,False,32768,a868a7ab437103f3f4ad4ead666b0cb17782f300c061444905dd7de3300d62dc
orcs,game/dlcs/orcs.teaac:tome-orcs/overload/data/gfx/shockbolt/npc/humanoid_human_human_sun_paladin_recruit.png,shockbolt/npc/humanoid_human_human_sun_paladin_recruit.png,shockbolt/npc,game,/data/gfx/shockbolt/npc/humanoid_human_human_sun_paladin_recruit.png,.png,7137,c692678002fd31a14ce06113142296b0cff99855e0132ffe3f2ab6c7f8a7d55f,64,64,1,RGBA,True,False,16384,e53ae0d52ee9ba7305a03b66ed843017fc3aff5cc060c5e94fd1a8e22b5e424c
orcs,game/dlcs/orcs.teaac:tome-orcs/overload/data/gfx/shockbolt/npc/humanoid_human_maltoth_the_mad.png,shockbolt/npc/humanoid_human_maltoth_the_mad.png,shockbolt/npc,game,/data/gfx/shockbolt/npc/humanoid_human_maltoth_the_mad.png,.png,8122,9328bc7548ec86dcdbb0a1ece7c1c5957466887df698c2cefda3c2479e507bf0,64,64,1,RGBA,True,False,16384,6c321e73c0cd6e2a0817be8feb9da9b1edcc95146b87bfa10e00575e595f930e
orcs,game/dlcs/orcs.teaac:tome-orcs/overload/data/gfx/shockbolt/npc/humanoid_human_outpost_leader_john.png,shockbolt/npc/humanoid_human_outpost_leader_john.png,shockbolt/npc,game,/data/gfx/shockbolt/npc/humanoid_human_outpost_leader_john.png,.png,18023,798a4d5ba7db46f6f225d016daac3eae56b88013ba04e6b845fd1dacce4763d1,64,128,1,RGBA,True,False,32768,f08fab815088c0b3b75202f0161813e5043f8010c3f77f221b9051129f6f6ddd
orcs,game/dlcs/orcs.teaac:tome-orcs/overload/data/gfx/shockbolt/npc/humanoid_human_sun_paladin_recruit.png,shockbolt/npc/humanoid_human_sun_paladin_recruit.png,shockbolt/npc,game,/data/gfx/shockbolt/npc/humanoid_human_sun_paladin_recruit.png,.png,7874,7825389d70f105d7645a4f6c0c484829a9ef35ba4f259181d1aee60a5026f93d,64,64,1,RGBA,True,False,16384,80c409f5237187f2f7ed9e6673d84b1dc134365203b9dc7656d48e2d6f71783f
orcs,game/dlcs/orcs.teaac:tome-orcs/overload/data/gfx/shockbolt/npc/humanoid_human_sunwall_guard.png,shockbolt/npc/humanoid_human_sunwall_guard.png,shockbolt/npc,game,/data/gfx/shockbolt/npc/humanoid_human_sunwall_guard.png,.png,10432,812b58baede4ab54dff05572a2bc9bf30220397e26abfcc284a4e00ab65d43f7,64,128,1,RGBA,True,False,32768,9acf9f9efe457c9eebffe00039562cbaef00a78082a27a4e5bbe9a2a6ec7a33a
orcs,game/dlcs/orcs.teaac:tome-orcs/overload/data/gfx/shockbolt/npc/humanoid_orc_orc_guard.png,shockbolt/npc/humanoid_orc_orc_guard.png,shockbolt/npc,game,/data/gfx/shockbolt/npc/humanoid_orc_orc_guard.png,.png,8564,bcba66ff85372a353da15ba7c3da780248e3ac333b964ab2370b783698c6b406,64,64,1,RGBA,True,False,16384,bfdbbce890c95f8b8470cd7ed2f733be2363ba8695a53b8354a4368116465199
orcs,game/dlcs/orcs.teaac:tome-orcs/overload/data/gfx/shockbolt/npc/humanoid_orc_orc_gunslinger.png,shockbolt/npc/humanoid_orc_orc_gunslinger.png,shockbolt/npc,game,/data/gfx/shockbolt/npc/humanoid_orc_orc_gunslinger.png,.png,8016,31900f2ca5b1e6e78f2b3bfb8d02b6ae8505b8696bf8673735a441231a96eb58,64,64,1,RGBA,True,False,16384,f715aa9fc3a7d5cfebf7c65f865bbede6b88dd0488b9c9754bdbc1fb306c5810
orcs,game/dlcs/orcs.teaac:tome-orcs/overload/data/gfx/shockbolt/npc/humanoid_shalore_shalore_liberator.png,shockbolt/npc/humanoid_shalore_shalore_liberator.png,shockbolt/npc,game,/data/gfx/shockbolt/npc/humanoid_shalore_shalore_liberator.png,.png,6256,2cc91f00b92e7aaafa2cd701056dda0668eb225589d4a7d7a457e7b5bb10394b,64,64,1,RGBA,True,False,16384,1c6ff6045b2e2a5b269e6d6d5430080079736a94bc325ede82890857eb5ae12c
orcs,game/dlcs/orcs.teaac:tome-orcs/overload/data/gfx/shockbolt/npc/immovable_pillar_mindcontrol_pillar.png,shockbolt/npc/immovable_pillar_mindcontrol_pillar.png,shockbolt/npc,game,/data/gfx/shockbolt/npc/immovable_pillar_mindcontrol_pillar.png,.png,4327,d965f0bebe1736107736807d2236347bf08875eda6812c3cdee71d8499efe4ac,64,64,1,RGBA,True,False,16384,86934bf20b222cc144f292c4573a8d5c0f79bbc9169b9cba101ef2c7d0266618
orcs,game/dlcs/orcs.teaac:tome-orcs/overload/data/gfx/shockbolt/npc/immovable_plants_crystalbark.png,shockbolt/npc/immovable_plants_crystalbark.png,shockbolt/npc,game,/data/gfx/shockbolt/npc/immovable_plants_crystalbark.png,.png,21306,58cbaeed0f956195f72cfb1a2fe44f1d4ad83b4b7a1c1bfbc768cf45987986d7,64,128,1,RGBA,True,False,32768,7ff66d693f8b009d8910d654b76121ddd6441e5c8ea62013d1341e18e779080c
orcs,game/dlcs/orcs.teaac:tome-orcs/overload/data/gfx/shockbolt/npc/immovable_plants_sawtree.png,shockbolt/npc/immovable_plants_sawtree.png,shockbolt/npc,game,/data/gfx/shockbolt/npc/immovable_plants_sawtree.png,.png,15658,e3247329d01d60e95c02d424f4c46b7914f255cfdcbe4140aca965365f687dea,64,128,1,RGBA,True,False,32768,ab5b2e54517411460931558ad1b533492094d58a8a4fa4aaf37014e5bbe1f141
orcs,game/dlcs/orcs.teaac:tome-orcs/overload/data/gfx/shockbolt/npc/insect_ritch_larvae_bloated_ritch_mother.png,shockbolt/npc/insect_ritch_larvae_bloated_ritch_mother.png,shockbolt/npc,game,/data/gfx/shockbolt/npc/insect_ritch_larvae_bloated_ritch_mother.png,.png,15630,f82c02a17a0e8fc86fee894278dab80373d4897719396bf7b4b95fc94a1f8676,64,128,1,RGBA,True,False,32768,d0143060ace764f39cf6489bbb113b5c0f10c5bf04ed29457acc89ae2694110b
orcs,game/dlcs/orcs.teaac:tome-orcs/overload/data/gfx/shockbolt/npc/insect_ritch_ritch_centipede.png,shockbolt/npc/insect_ritch_ritch_centipede.png,shockbolt/npc,game,/data/gfx/shockbolt/npc/insect_ritch_ritch_centipede.png,.png,11331,944f695db12981c2ac54535f05b8b0bc78272928a7415ec10da89c63e9f468b8,64,128,1,RGBA,True,False,32768,711b07927a2764e5e8c08e86c575534011efde960579f829d553111b48e709ff
orcs,game/dlcs/orcs.teaac:tome-orcs/overload/data/gfx/shockbolt/npc/mechanical_arachnid_automated_defense_system_one.png,shockbolt/npc/mechanical_arachnid_automated_defense_system_one.png,shockbolt/npc,game,/data/gfx/shockbolt/npc/mechanical_arachnid_automated_defense_system_one.png,.png,16718,14a1d6a923304ccab08c5bee36fa418891d8cbf15a3ed0c23ded60bcaf587074,64,128,1,RGBA,True,False,32768,2f54d5f2dd7d10c9115b9367256d1d45357ea5cb4bb7e1e5fe9f0a467762894a
orcs,game/dlcs/orcs.teaac:tome-orcs/overload/data/gfx/shockbolt/npc/mechanical_arachnid_automated_defense_system_three.png,shockbolt/npc/mechanical_arachnid_automated_defense_system_three.png,shockbolt/npc,game,/data/gfx/shockbolt/npc/mechanical_arachnid_automated_defense_system_three.png,.png,17584,bbad10e152225db2ccab1cc27d581a851264f3c9a000a818f2c0fa0ba613a24b,64,128,1,RGBA,True,False,32768,f46bfcd78dc4efce01a60a78c5eee4d0e6d1419d4efca927f0a12b0d32c3653f
orcs,game/dlcs/orcs.teaac:tome-orcs/overload/data/gfx/shockbolt/npc/mechanical_arachnid_automated_defense_system_two.png,shockbolt/npc/mechanical_arachnid_automated_defense_system_two.png,shockbolt/npc,game,/data/gfx/shockbolt/npc/mechanical_arachnid_automated_defense_system_two.png,.png,13235,dc7f8458d905c5fecd1a6d545dc42176f1c8d060a32aa418065e6af73be57f83,64,128,1,RGBA,True,False,32768,b4d8ed80ff2390c02b7393a5da86b85136f17260866bd5bed2bbb7585ce82fe2
orcs,game/dlcs/orcs.teaac:tome-orcs/overload/data/gfx/shockbolt/npc/mechanical_arachnid_mecharachnid_destroyer.png,shockbolt/npc/mechanical_arachnid_mecharachnid_destroyer.png,shockbolt/npc,game,/data/gfx/shockbolt/npc/mechanical_arachnid_mecharachnid_destroyer.png,.png,8589,ca7d0d010536934b43a1bc8d1b46327c5ccca3e91f46c9a906a7a1af9331c4e4,64,64,1,RGBA,True,False,16384,cce846ad3c36693ffe045a049da0c5567bcd2ee78efabdafb1ac3e5086aeae3d
orcs,game/dlcs/orcs.teaac:tome-orcs/overload/data/gfx/shockbolt/npc/mechanical_arachnid_mecharachnid_flame_thrower.png,shockbolt/npc/mechanical_arachnid_mecharachnid_flame_thrower.png,shockbolt/npc,game,/data/gfx/shockbolt/npc/mechanical_arachnid_mecharachnid_flame_thrower.png,.png,7954,ce9703738d6e4b88e27484610f6d573080831440667d599c3d6d6703e7c5098c,64,64,1,RGBA,True,False,16384,d8715c90eead018e9326d1d04d2bc756e7d4199816a1f94a3a48b9dea45a5c12
orcs,game/dlcs/orcs.teaac:tome-orcs/overload/data/gfx/shockbolt/npc/mechanical_arachnid_mecharachnid_repairbot.png,shockbolt/npc/mechanical_arachnid_mecharachnid_repairbot.png,shockbolt/npc,game,/data/gfx/shockbolt/npc/mechanical_arachnid_mecharachnid_repairbot.png,.png,6271,4bfedecff3880e31bb0e21c2c111b018f2c6ede7498cbeb30100f1f1346941d6,64,64,1,RGBA,True,False,16384,34bf1b25ad204e052f3d28769538a647711dedb29dde874bb04fcf641c93f1cd
orcs,game/dlcs/orcs.teaac:tome-orcs/overload/data/gfx/shockbolt/npc/mechanical_arachnid_mecharachnid_warrior.png,shockbolt/npc/mechanical_arachnid_mecharachnid_warrior.png,shockbolt/npc,game,/data/gfx/shockbolt/npc/mechanical_arachnid_mecharachnid_warrior.png,.png,33521,7d4ddf5bd6520cdbbb40ab16d49af8843f5caa23911176471c2248c4d9cd4dba,64,64,1,RGBA,True,False,16384,ebf341aa94e887380ba898b177a2de541aa7086353590d6f30ddb591fb0a9305
orcs,game/dlcs/orcs.teaac:tome-orcs/overload/data/gfx/shockbolt/npc/mechanical_drone_mind_drone.png,shockbolt/npc/mechanical_drone_mind_drone.png,shockbolt/npc,game,/data/gfx/shockbolt/npc/mechanical_drone_mind_drone.png,.png,5184,954f8a636a78b666aa0b670c98adfb36a0e876da685a89bbe54f373d642f041b,64,64,1,RGBA,True,False,16384,1217e9e6d4023e2a39b0aee9589265bb9b0751ca9001e74c73f5b84887a1debe
orcs,game/dlcs/orcs.teaac:tome-orcs/overload/data/gfx/shockbolt/npc/reptile_alligator_basaligator.png,shockbolt/npc/reptile_alligator_basaligator.png,shockbolt/npc,game,/data/gfx/shockbolt/npc/reptile_alligator_basaligator.png,.png,8470,6e3faf41c5f925d5729b6d27ce54edc5a580c4e94e665f050ed5a81a98c81ef9,64,64,1,RGBA,True,False,16384,b5df024a8e56bf641fd333541e708ef8a73eb1e61e6208a0eb57aef16bfa3ac9
orcs,game/dlcs/orcs.teaac:tome-orcs/overload/data/gfx/shockbolt/npc/reptile_alligator_giant_alligator.png,shockbolt/npc/reptile_alligator_giant_alligator.png,shockbolt/npc,game,/data/gfx/shockbolt/npc/reptile_alligator_giant_alligator.png,.png,12671,73babfe67c9ea62a21862dd86e6505dedac75c9abec2aac5f7e6047c4b37513c,64,128,1,RGBA,True,False,32768,1bb8d4513cba76584c58c65de8772c6f62d4d8688b9f8124dee9a4d6f48ec109
orcs,game/dlcs/orcs.teaac:tome-orcs/overload/data/gfx/shockbolt/npc/reptile_alligator_sewer_alligator.png,shockbolt/npc/reptile_alligator_sewer_alligator.png,shockbolt/npc,game,/data/gfx/shockbolt/npc/reptile_alligator_sewer_alligator.png,.png,8128,ce4db2a960b873fcad856411406f837e7c37b2a95479567548fb04c1dc13f88e,64,64,1,RGBA,True,False,16384,dc24a57e8cdd07825aa5bb2eba4a697a0557810e411bd93622561558ee1174a6
orcs,game/dlcs/orcs.teaac:tome-orcs/overload/data/gfx/shockbolt/npc/steamgun_turret1.png,shockbolt/npc/steamgun_turret1.png,shockbolt/npc,game,/data/gfx/shockbolt/npc/steamgun_turret1.png,.png,10875,984cb38dee3e60b0c27692f250e3c372b2149447915fb4a39e3e555b805a1395,64,64,1,RGBA,True,False,16384,6c773eac9a59d5fcbe607fa801dd596b036c9549732505a56652e7379c6623db
orcs,game/dlcs/orcs.teaac:tome-orcs/overload/data/gfx/shockbolt/npc/steamgun_turret2.png,shockbolt/npc/steamgun_turret2.png,shockbolt/npc,game,/data/gfx/shockbolt/npc/steamgun_turret2.png,.png,10292,8fc0371cfeb8e01cae21d1632a3a06eb62ef598875ec82f8a3533001a42b9351,64,64,1,RGBA,True,False,16384,804820162929a4c050d7eedfa07472db5c6025aa4890201cd4f607ddcd7644da
orcs,game/dlcs/orcs.teaac:tome-orcs/overload/data/gfx/shockbolt/npc/undead_dragon_undead_drake.png,shockbolt/npc/undead_dragon_undead_drake.png,shockbolt/npc,game,/data/gfx/shockbolt/npc/undead_dragon_undead_drake.png,.png,13375,a3490bc0dc4524c7e42c7b2146cdd091f2b501f014710d625ba1fdb42c0385fa,64,128,1,RGBA,True,False,32768,7f1ab4adf546ca4e3bcf48d1bbb77f630ebb5abaa98e0291df147dffef33f5e7
orcs,game/dlcs/orcs.teaac:tome-orcs/overload/data/gfx/shockbolt/npc/undead_dragon_undead_drake_hatchling.png,shockbolt/npc/undead_dragon_undead_drake_hatchling.png,shockbolt/npc,game,/data/gfx/shockbolt/npc/undead_dragon_undead_drake_hatchling.png,.png,7677,2af16f66db439aea5c4a0991187fd780c33e2fa2ed8d677e654c5015bb073329,64,128,1,RGBA,True,False,32768,357dd18e0f220462ca51fd501999c4bd17f087169fe8b474b9e286d229816176
orcs,game/dlcs/orcs.teaac:tome-orcs/overload/data/gfx/shockbolt/npc/undead_dragon_undead_wyrm.png,shockbolt/npc/undead_dragon_undead_wyrm.png,shockbolt/npc,game,/data/gfx/shockbolt/npc/undead_dragon_undead_wyrm.png,.png,14723,a5272daf7f85cd814f30766381433efbad5a3e16a765bc061f7f99e5d46c57cd,64,128,1,RGBA,True,False,32768,57bd38b5475349aea21c815e7f69a2192e21e1d9629bed5d41a50738d3b4b257
orcs,game/dlcs/orcs.teaac:tome-orcs/overload/data/gfx/shockbolt/npc/undead_dragon_ureslak_the_eternal.png,shockbolt/npc/undead_dragon_ureslak_the_eternal.png,shockbolt/npc,game,/data/gfx/shockbolt/npc/undead_dragon_ureslak_the_eternal.png,.png,17711,74e35b93d5168748a546a6dd4ed6058bb6b7b2995a872940c62b172de0047fe5,64,128,1,RGBA,True,False,32768,055be64119942514ff4b6e5bcdbaa5603c7c604b14a7a3e6180804d1b1a5991b
orcs,game/dlcs/orcs.teaac:tome-orcs/overload/data/gfx/shockbolt/npc/undead_ghost_guardian_psi_ghost.png,shockbolt/npc/undead_ghost_guardian_psi_ghost.png,shockbolt/npc,game,/data/gfx/shockbolt/npc/undead_ghost_guardian_psi_ghost.png,.png,7339,231a1fb1fc3c3ce6515a84bd22efefd2c9fcae3f5adc81a2ad1f270c0be30106,64,64,1,RGBA,True,False,16384,87979e581ec92237a02c8fa7f35f5b858843578f02cb2191d099fc63d3865fc4
orcs,game/dlcs/orcs.teaac:tome-orcs/overload/data/gfx/shockbolt/npc/undead_ghost_necropsych_s_ghost.png,shockbolt/npc/undead_ghost_necropsych_s_ghost.png,shockbolt/npc,game,/data/gfx/shockbolt/npc/undead_ghost_necropsych_s_ghost.png,.png,21657,275479162f011639703c155407a489467afc31e8931b9e0b87632de19e05fe89,64,128,1,RGBA,True,False,32768,7349396df89da5d779a614d6c0f5fdde3e5f0bc86e0002dc09aa1e43863fbd7e
orcs,game/dlcs/orcs.teaac:tome-orcs/overload/data/gfx/shockbolt/npc/undead_minotaur_nektosh_the_one_horned.png,shockbolt/npc/undead_minotaur_nektosh_the_one_horned.png,shockbolt/npc,game,/data/gfx/shockbolt/npc/undead_minotaur_nektosh_the_one_horned.png,.png,16313,a62c9c3bd79874b5dcd0f45b664aa163b4e86b7a46026e4af120adb24207ffc1,64,128,1,RGBA,True,False,32768,463c0194f29b5df799cfb562eb2932feda814155512a5637e49bc835c67fadf5
orcs,game/dlcs/orcs.teaac:tome-orcs/overload/data/gfx/shockbolt/npc/undead_minotaur_whitehoof_ghoul.png,shockbolt/npc/undead_minotaur_whitehoof_ghoul.png,shockbolt/npc,game,/data/gfx/shockbolt/npc/undead_minotaur_whitehoof_ghoul.png,.png,14217,c6a4151c320abccba9c2af8b8596887329b3444678fe102364f78ce85cda00b8,64,128,1,RGBA,True,False,32768,ce79d64ca2ba25a5be595fe149e934087fc5391ca66269eefc1e8449dab3779a
orcs,game/dlcs/orcs.teaac:tome-orcs/overload/data/gfx/shockbolt/npc/undead_minotaur_whitehoof_hailstorm.png,shockbolt/npc/undead_minotaur_whitehoof_hailstorm.png,shockbolt/npc,game,/data/gfx/shockbolt/npc/undead_minotaur_whitehoof_hailstorm.png,.png,18005,e3c64d9a0190ee88f3da95b15ac9192196165f12b00231dbc5118d146e898513,64,128,1,RGBA,True,False,32768,c4e2a332524834502229a38d69ec8eaf02029c5982515935d3212b5874386819
orcs,game/dlcs/orcs.teaac:tome-orcs/overload/data/gfx/shockbolt/npc/undead_minotaur_whitehoof_invoker.png,shockbolt/npc/undead_minotaur_whitehoof_invoker.png,shockbolt/npc,game,/data/gfx/shockbolt/npc/undead_minotaur_whitehoof_invoker.png,.png,16640,105f3262f7649764be1c615dbb45529cf041c13103f81d46ab6711cdd5898e1d,64,128,1,RGBA,True,False,32768,e4f62cd030b1dc7dab52e3ab6860dd6ee4a478617d0a94e95e306ba77db66496
orcs,game/dlcs/orcs.teaac:tome-orcs/overload/data/gfx/shockbolt/npc/undead_minotaur_whitehoof_maulotaur.png,shockbolt/npc/undead_minotaur_whitehoof_maulotaur.png,shockbolt/npc,game,/data/gfx/shockbolt/npc/undead_minotaur_whitehoof_maulotaur.png,.png,16268,19cc314a6379a4e79fb80bf8a9b8ee38a7610dc1e44fc8e1a22efb8ed08ba031,64,128,1,RGBA,True,False,32768,dcad3bd8e6576fdfa59db22011a81a8393056ac340cf904a3e9f0bebd3c6afba
